
/tmp/arduino_build_251768/Stadi_Speedo.ino.elf:     file format elf32-avr


Disassembly of section .text:

00000000 <__vectors>:
__vectors():
       0:	0c 94 f4 05 	jmp	0xbe8	; 0xbe8 <__dtors_end>
       4:	0c 94 0b 15 	jmp	0x2a16	; 0x2a16 <__vector_1>
       8:	0c 94 32 15 	jmp	0x2a64	; 0x2a64 <__vector_2>
       c:	0c 94 1c 06 	jmp	0xc38	; 0xc38 <__bad_interrupt>
      10:	0c 94 1c 06 	jmp	0xc38	; 0xc38 <__bad_interrupt>
      14:	0c 94 1c 06 	jmp	0xc38	; 0xc38 <__bad_interrupt>
      18:	0c 94 1c 06 	jmp	0xc38	; 0xc38 <__bad_interrupt>
      1c:	0c 94 1c 06 	jmp	0xc38	; 0xc38 <__bad_interrupt>
      20:	0c 94 1c 06 	jmp	0xc38	; 0xc38 <__bad_interrupt>
      24:	0c 94 1c 06 	jmp	0xc38	; 0xc38 <__bad_interrupt>
      28:	0c 94 1c 06 	jmp	0xc38	; 0xc38 <__bad_interrupt>
      2c:	0c 94 1c 06 	jmp	0xc38	; 0xc38 <__bad_interrupt>
      30:	0c 94 1c 06 	jmp	0xc38	; 0xc38 <__bad_interrupt>
      34:	0c 94 1c 06 	jmp	0xc38	; 0xc38 <__bad_interrupt>
      38:	0c 94 1c 06 	jmp	0xc38	; 0xc38 <__bad_interrupt>
      3c:	0c 94 1c 06 	jmp	0xc38	; 0xc38 <__bad_interrupt>
      40:	0c 94 59 15 	jmp	0x2ab2	; 0x2ab2 <__vector_16>
      44:	0c 94 1c 06 	jmp	0xc38	; 0xc38 <__bad_interrupt>
      48:	0c 94 1c 06 	jmp	0xc38	; 0xc38 <__bad_interrupt>
      4c:	0c 94 1c 06 	jmp	0xc38	; 0xc38 <__bad_interrupt>
      50:	0c 94 1c 06 	jmp	0xc38	; 0xc38 <__bad_interrupt>
      54:	0c 94 1c 06 	jmp	0xc38	; 0xc38 <__bad_interrupt>
      58:	0c 94 1c 06 	jmp	0xc38	; 0xc38 <__bad_interrupt>
      5c:	0c 94 1c 06 	jmp	0xc38	; 0xc38 <__bad_interrupt>
      60:	0c 94 e5 13 	jmp	0x27ca	; 0x27ca <__vector_24>
      64:	0c 94 1c 06 	jmp	0xc38	; 0xc38 <__bad_interrupt>
      68:	0c 94 1c 06 	jmp	0xc38	; 0xc38 <__bad_interrupt>
      6c:	0c 94 1c 06 	jmp	0xc38	; 0xc38 <__bad_interrupt>
      70:	0c 94 1c 06 	jmp	0xc38	; 0xc38 <__bad_interrupt>
      74:	0c 94 1c 06 	jmp	0xc38	; 0xc38 <__bad_interrupt>
      78:	0c 94 1c 06 	jmp	0xc38	; 0xc38 <__bad_interrupt>
      7c:	0c 94 1c 06 	jmp	0xc38	; 0xc38 <__bad_interrupt>
      80:	0c 94 1c 06 	jmp	0xc38	; 0xc38 <__bad_interrupt>
      84:	0c 94 1c 06 	jmp	0xc38	; 0xc38 <__bad_interrupt>
      88:	0c 94 1c 06 	jmp	0xc38	; 0xc38 <__bad_interrupt>
      8c:	0c 94 1c 06 	jmp	0xc38	; 0xc38 <__bad_interrupt>
      90:	0c 94 1c 06 	jmp	0xc38	; 0xc38 <__bad_interrupt>
      94:	0c 94 1c 06 	jmp	0xc38	; 0xc38 <__bad_interrupt>
      98:	0c 94 1c 06 	jmp	0xc38	; 0xc38 <__bad_interrupt>
      9c:	0c 94 1c 06 	jmp	0xc38	; 0xc38 <__bad_interrupt>
      a0:	0c 94 1c 06 	jmp	0xc38	; 0xc38 <__bad_interrupt>
      a4:	0c 94 1c 06 	jmp	0xc38	; 0xc38 <__bad_interrupt>
      a8:	0c 94 1c 06 	jmp	0xc38	; 0xc38 <__bad_interrupt>
      ac:	0c 94 1c 06 	jmp	0xc38	; 0xc38 <__bad_interrupt>
      b0:	0c 94 1c 06 	jmp	0xc38	; 0xc38 <__bad_interrupt>

000000b4 <Adafruit_SSD1306::begin(unsigned char, unsigned char, bool, bool)::init5>:
__trampolines_start():
      b4:	db 40 a4 a6 2e af                                   .@....

000000ba <Adafruit_SSD1306::begin(unsigned char, unsigned char, bool, bool)::init3>:
      ba:	20 00 a1 c8                                          ...

000000be <Adafruit_SSD1306::begin(unsigned char, unsigned char, bool, bool)::init2>:
      be:	d3 00 40 8d                                         ..@.

000000c2 <Adafruit_SSD1306::begin(unsigned char, unsigned char, bool, bool)::init1>:
      c2:	ae d5 80 a8                                         ....

000000c6 <splash2_data>:
      c6:	00 00 60 00 00 00 00 00 00 00 00 00 00 00 00 00     ..`.............
      d6:	00 e0 00 00 00 00 00 00 00 00 00 00 00 00 00 01     ................
      e6:	e0 00 00 00 00 00 00 00 00 00 00 00 00 00 01 f0     ................
	...
     102:	00 03 f0 00 00 00 00 00 00 00 00 00 00 00 00 00     ................
     112:	07 f0 00 00 00 00 00 00 00 00 00 00 00 00 00 07     ................
     122:	f8 00 00 00 00 00 00 00 00 00 00 00 00 00 0f f8     ................
     132:	00 00 00 03 c0 00 7e 00 00 01 e0 00 7f 0f f8 00     ......~.........
     142:	00 00 03 c0 00 fe 00 00 01 e0 00 ff ef f8 00 00     ................
     152:	00 03 c0 00 fe 00 00 01 e0 00 ff ff f8 00 00 00     ................
     162:	03 c0 00 f0 00 00 00 0f 00 7f fe 7f c0 00 00 03     ................
     172:	c0 00 f0 00 00 00 0f 00 3f fe 7f f8 3f f1 fb cf     ........?...?...
     182:	fc fe f3 bc 3d ef e0 1f fe 7f ff 7f fb ff df fe     ....=...........
     192:	fe ff bc 3d ef e0 1f c6 ff ff 7f fb ff df fe fe     ...=............
     1a2:	ff bc 3d ef e0 0f e3 c7 fe 78 7b c3 de 1e f0 ff     ..=......x{.....
     1b2:	bc 3d ef 00 07 ff 87 fc 78 7b c3 de 1e f0 f8 3c     .=......x{.....<
     1c2:	3d ef 00 01 ff ff f0 00 7b c3 c0 1e f0 f0 3c 3d     =.......{.....<=
     1d2:	ef 00 01 f3 7f e0 3f fb c3 cf fe f0 f0 3c 3d ef     ......?......<=.
     1e2:	00 03 e3 3f 80 7f fb c3 df fe f0 f0 3c 3d ef 00     ...?........<=..
     1f2:	07 e7 3c 00 78 7b c3 de 1e f0 f0 3c 3d ef 00 07     ..<.x{.....<=...
     202:	ff be 00 78 7b c3 de 1e f0 f0 3c 3d ef 00 07 ff     ...x{.....<=....
     212:	fe 00 78 7b c3 de 1e f0 f0 3c 3d ef 00 0f ff fe     ..x{.....<=.....
     222:	00 7f fb ff df fe f0 f0 3f fd ef e0 0f ff ff 00     ........?.......
     232:	7f fb ff df fe f0 f0 3f fd ef e0 0f f9 ff 00 3e     .......?.......>
     242:	79 f9 cf 9e f0 f0 1f 3d e7 e0 1f f1 ff 00 00 00     y......=........
	...
     25a:	00 1f 80 ff 00 7f ff ff ff ff ff ff ff ff ff e0     ................
     26a:	1c 00 7f 00 7f ff ff ff fe b4 6d 88 8d 18 e0 00     ..........m.....
     27a:	00 1f 00 7f ff ff ff fe 95 ad 7d b5 77 e0 00 00     ..........}.w...
     28a:	0f 00 7f ff ff ff fe a5 ad 9d 8d 19 e0 00 00 06     ................
     29a:	00 7f ff ff ff fe b5 ad ed b5 7e e0                 ..........~.

000002a6 <splash1_data>:
     2a6:	00 00 00 00 00 01 80 00 00 00 00 00 00 00 00 00     ................
     2b6:	03 80 00 00 00 00 00 00 00 00 00 07 c0 00 00 00     ................
     2c6:	00 00 00 00 00 00 07 c0 00 00 00 00 00 00 00 00     ................
     2d6:	00 0f c0 00 00 00 00 00 00 00 00 00 1f e0 00 00     ................
     2e6:	00 00 00 00 00 00 00 1f e0 00 00 00 00 00 00 00     ................
     2f6:	00 00 3f e0 00 00 00 00 00 00 00 00 00 3f f0 00     ..?..........?..
	...
     30e:	7f f0 00 00 00 00 00 00 00 1f f8 7f f0 00 00 00     ................
     31e:	00 00 00 00 3f fe 7f f0 00 00 00 00 00 00 00 3f     ....?..........?
     32e:	ff 7f f0 00 00 00 00 00 00 00 1f ff fb e0 00 00     ................
     33e:	00 00 00 00 00 0f ff f9 ff c0 00 00 00 00 00 00     ................
     34e:	0f ff f9 ff f8 00 00 00 00 00 00 07 ff f1 ff ff     ................
     35e:	00 00 00 00 00 00 03 fc 73 ff ff 80 00 00 00 00     ........s.......
     36e:	00 01 fe 3f ff ff 80 00 00 00 00 00 00 ff 1e 0f     ...?............
     37e:	ff 00 00 00 00 00 00 00 7f fe 1f fc 00 00 00 00     ................
     38e:	00 00 00 3f ff ff f8 00 00 00 00 00 00 00 0f df     ...?............
     39e:	ff e0 00 00 00 00 00 00 00 1f 19 ff c0 00 00 00     ................
     3ae:	00 00 00 00 3f 3c ff 00 00 00 00 00 00 00 00 7e     ....?<.........~
     3be:	7c f8 00 00 00 00 00 00 00 00 7f fe 7c 00 00 00     |...........|...
     3ce:	00 00 00 00 00 ff ff fc 00 00 00 00 00 00 00 00     ................
     3de:	ff ff fe 00 00 00 00 00 00 00 00 ff ff fe 00 00     ................
     3ee:	00 00 00 00 00 01 ff ef fe 00 00 00 00 00 00 00     ................
     3fe:	01 ff cf fe 00 00 00 00 00 00 00 03 ff 07 fe 00     ................
     40e:	00 00 00 00 00 00 03 fc 07 fe 00 00 00 00 00 00     ................
     41e:	00 03 f0 03 fe 00 00 00 00 00 00 00 01 80 00 fe     ................
	...
     436:	00 00 7e 00 00 00 00 00 00 00 00 00 00 3e 00 00     ..~..........>..
	...
     44e:	0c 00 00 00 00 00 00 07 80 00 fc 00 00 03 c0 00     ................
     45e:	00 00 07 80 01 fc 00 00 03 c0 00 00 00 07 80 01     ................
     46e:	fc 00 00 03 c0 00 00 00 07 80 01 e0 00 00 00 1e     ................
     47e:	00 00 00 07 80 01 e0 00 00 00 1e 00 7f e3 f7 9f     ................
     48e:	f9 fd e7 78 7b df c0 ff f7 ff bf fd fd ff 78 7b     ...x{.........x{
     49e:	df c0 ff f7 ff bf fd fd ff 78 7b df c0 f0 f7 87     .........x{.....
     4ae:	bc 3d e1 ff 78 7b de 00 f0 f7 87 bc 3d e1 f0 78     .=..x{......=..x
     4be:	7b de 00 00 f7 87 80 3d e1 e0 78 7b de 00 7f f7     {......=..x{....
     4ce:	87 9f fd e1 e0 78 7b de 00 ff f7 87 bf fd e1 e0     .....x{.........
     4de:	78 7b de 00 f0 f7 87 bc 3d e1 e0 78 7b de 00 f0     x{......=..x{...
     4ee:	f7 87 bc 3d e1 e0 78 7b de 00 f0 f7 87 bc 3d e1     ...=..x{......=.
     4fe:	e0 78 7b de 00 ff f7 ff bf fd e1 e0 7f fb df c0     .x{.............
     50e:	ff f7 ff bf fd e1 e0 7f fb df c0 7c f3 f3 9f 3d     ...........|...=
     51e:	e1 e0 3e 7b cf c0 00 00 00 00 00 00 00 00 00 00     ..>{............
     52e:	00 ff ff ff ff ff ff ff ff ff ff c0 ff ff ff ff     ................
     53e:	fd 68 db 11 1a 31 c0 ff ff ff ff fd 2b 5a fb 6a     .h...1......+Z.j
     54e:	ef c0 ff ff ff ff fd 4b 5b 3b 1a 33 c0 ff ff ff     .......K[;.3....
     55e:	ff fd 6b 5b db 6a fd c0                             ..k[.j..

00000566 <Adafruit_SSD1306::display()::dlist1>:
     566:	22 00 ff 21                                         "..!

0000056a <logo_stadion>:
     56a:	00 fc ff 00 02 00 00 00 00 00 00 00 00 00 00 00     ................
     57a:	00 ff ff 80 03 00 00 00 78 e0 01 00 00 00 00 00     ........x.......
     58a:	80 1f 00 c0 03 00 00 00 7c e0 01 00 00 00 00 00     ........|.......
     59a:	80 0f 00 c0 03 00 00 00 3c 00 00 00 00 00 00 00     ........<.......
     5aa:	80 0f 00 f0 1f 00 00 00 3e 00 00 3c 00 04 00 00     ........>..<....
     5ba:	80 3f 00 ff 0f fc 0f f8 3f f0 00 ff e0 8f 0f 00     .?......?.......
     5ca:	00 fe f0 ef 01 fe 07 fc 3f f0 c0 ff ff ff 1f 00     ........?.......
     5da:	00 fc ff f1 01 8f 07 3e 1f 70 e0 e3 ff ff 1f 00     .......>.p......
     5ea:	00 f8 1f f0 80 87 07 1e 1f 78 e0 e3 07 1f 0f 00     .........x......
     5fa:	00 e0 0f f0 80 87 07 0f 1f 78 f0 e1 83 0f 0f 00     .........x......
     60a:	00 80 1f f0 80 c3 03 0f 1f 38 f0 e1 83 8f 0f 00     .........8......
     61a:	00 00 1f 78 c0 c3 03 0f 0f 3c f0 f0 c1 87 0f 00     ...x.....<......
     62a:	00 00 1e 78 c0 c3 83 8f 0f 3f f0 f0 c1 87 07 0e     ...x.....?......
     63a:	00 00 1f 78 f8 e3 f3 8f ef 3f fc f9 c0 87 ff 0f     ...x.....?......
     64a:	e0 ff 0f f8 ff ff ff ff ff ff ff 7f c0 c3 ff 01     ................
     65a:	f0 ff 07 f0 83 ff 07 ff 1f fc e1 3f e0 83 1f 00     ...........?....

0000066a <digital_pin_to_timer_PGM>:
     66a:	0a 0d 0e 09 00 03 02 00 00 04 05 08 00 00 00 00     ................
	...

00000685 <port_to_output_PGM>:
     685:	00 00 00 00 25 00 28 00 2b 00 2e 00                 ....%.(.+...

00000691 <port_to_mode_PGM>:
     691:	00 00 00 00 24 00 27 00 2a 00 2d 00                 ....$.'.*.-.

0000069d <digital_pin_to_port_PGM>:
     69d:	04 04 04 04 04 04 04 04 02 02 02 02 02 02 03 03     ................
     6ad:	03 03 03 03 02 02 03 05 05 05 05                    ...........

000006b8 <digital_pin_to_bit_mask_PGM>:
     6b8:	01 02 04 08 10 20 40 80 01 02 04 08 10 20 01 02     ..... @...... ..
     6c8:	04 08 10 20 40 80 40 01 02 04 08                    ... @.@....

000006d3 <Adafruit_SSD1306::drawFastVLineInternal(int, int, int, unsigned int)::postmask>:
     6d3:	00 01 03 07 0f 1f 3f 7f                             ......?.

000006db <Adafruit_SSD1306::drawFastVLineInternal(int, int, int, unsigned int)::premask>:
     6db:	00 80 c0 e0 f0 f8 fc fe                             ........

000006e3 <font>:
     6e3:	00 00 00 00 00 3e 5b 4f 5b 3e 3e 6b 4f 6b 3e 1c     .....>[O[>>kOk>.
     6f3:	3e 7c 3e 1c 18 3c 7e 3c 18 1c 57 7d 57 1c 1c 5e     >|>..<~<..W}W..^
     703:	7f 5e 1c 00 18 3c 18 00 ff e7 c3 e7 ff 00 18 24     .^...<.........$
     713:	18 00 ff e7 db e7 ff 30 48 3a 06 0e 26 29 79 29     .......0H:..&)y)
     723:	26 40 7f 05 05 07 40 7f 05 25 3f 5a 3c e7 3c 5a     &@....@..%?Z<.<Z
     733:	7f 3e 1c 1c 08 08 1c 1c 3e 7f 14 22 7f 22 14 5f     .>......>.."."._
     743:	5f 00 5f 5f 06 09 7f 01 7f 00 66 89 95 6a 60 60     _.__......f..j``
     753:	60 60 60 94 a2 ff a2 94 08 04 7e 04 08 10 20 7e     ```.......~... ~
     763:	20 10 08 08 2a 1c 08 08 1c 2a 08 08 1e 10 10 10      ...*....*......
     773:	10 0c 1e 0c 1e 0c 30 38 3e 38 30 06 0e 3e 0e 06     ......08>80..>..
     783:	00 00 00 00 00 00 00 5f 00 00 00 07 00 07 00 14     ......._........
     793:	7f 14 7f 14 24 2a 7f 2a 12 23 13 08 64 62 36 49     ....$*.*.#..db6I
     7a3:	56 20 50 00 08 07 03 00 00 1c 22 41 00 00 41 22     V P......."A..A"
     7b3:	1c 00 2a 1c 7f 1c 2a 08 08 3e 08 08 00 80 70 30     ..*...*..>....p0
     7c3:	00 08 08 08 08 08 00 00 60 60 00 20 10 08 04 02     ........``. ....
     7d3:	3e 51 49 45 3e 00 42 7f 40 00 72 49 49 49 46 21     >QIE>.B.@.rIIIF!
     7e3:	41 49 4d 33 18 14 12 7f 10 27 45 45 45 39 3c 4a     AIM3.....'EEE9<J
     7f3:	49 49 31 41 21 11 09 07 36 49 49 49 36 46 49 49     II1A!...6III6FII
     803:	29 1e 00 00 14 00 00 00 40 34 00 00 00 08 14 22     ).......@4....."
     813:	41 14 14 14 14 14 00 41 22 14 08 02 01 59 09 06     A......A"....Y..
     823:	3e 41 5d 59 4e 7c 12 11 12 7c 7f 49 49 49 36 3e     >A]YN|...|.III6>
     833:	41 41 41 22 7f 41 41 41 3e 7f 49 49 49 41 7f 09     AAA".AAA>.IIIA..
     843:	09 09 01 3e 41 41 51 73 7f 08 08 08 7f 00 41 7f     ...>AAQs......A.
     853:	41 00 20 40 41 3f 01 7f 08 14 22 41 7f 40 40 40     A. @A?...."A.@@@
     863:	40 7f 02 1c 02 7f 7f 04 08 10 7f 3e 41 41 41 3e     @..........>AAA>
     873:	7f 09 09 09 06 3e 41 51 21 5e 7f 09 19 29 46 26     .....>AQ!^...)F&
     883:	49 49 49 32 03 01 7f 01 03 3f 40 40 40 3f 1f 20     III2.....?@@@?. 
     893:	40 20 1f 3f 40 38 40 3f 63 14 08 14 63 03 04 78     @ .?@8@?c...c..x
     8a3:	04 03 61 59 49 4d 43 00 7f 41 41 41 02 04 08 10     ..aYIMC..AAA....
     8b3:	20 00 41 41 41 7f 04 02 01 02 04 40 40 40 40 40      .AAA......@@@@@
     8c3:	00 03 07 08 00 20 54 54 78 40 7f 28 44 44 38 38     ..... TTx@.(DD88
     8d3:	44 44 44 28 38 44 44 28 7f 38 54 54 54 18 00 08     DDD(8DD(.8TTT...
     8e3:	7e 09 02 18 a4 a4 9c 78 7f 08 04 04 78 00 44 7d     ~......x....x.D}
     8f3:	40 00 20 40 40 3d 00 7f 10 28 44 00 00 41 7f 40     @. @@=...(D..A.@
     903:	00 7c 04 78 04 78 7c 08 04 04 78 38 44 44 44 38     .|.x.x|...x8DDD8
     913:	fc 18 24 24 18 18 24 24 18 fc 7c 08 04 04 08 48     ..$$..$$..|....H
     923:	54 54 54 24 04 04 3f 44 24 3c 40 40 20 7c 1c 20     TTT$..?D$<@@ |. 
     933:	40 20 1c 3c 40 30 40 3c 44 28 10 28 44 4c 90 90     @ .<@0@<D(.(DL..
     943:	90 7c 44 64 54 4c 44 00 08 36 41 00 00 00 77 00     .|DdTLD..6A...w.
     953:	00 00 41 36 08 00 02 01 02 04 02 3c 26 23 26 3c     ..A6.......<&#&<
     963:	1e a1 a1 61 12 3a 40 40 20 7a 38 54 54 55 59 21     ...a.:@@ z8TTUY!
     973:	55 55 79 41 22 54 54 78 42 21 55 54 78 40 20 54     UUyA"TTxB!UTx@ T
     983:	55 79 40 0c 1e 52 72 12 39 55 55 55 59 39 54 54     Uy@..Rr.9UUUY9TT
     993:	54 59 39 55 54 54 58 00 00 45 7c 41 00 02 45 7d     TY9UTTX..E|A..E}
     9a3:	42 00 01 45 7c 40 7d 12 11 12 7d f0 28 25 28 f0     B..E|@}...}.(%(.
     9b3:	7c 54 55 45 00 20 54 54 7c 54 7c 0a 09 7f 49 32     |TUE. TT|T|...I2
     9c3:	49 49 49 32 3a 44 44 44 3a 32 4a 48 48 30 3a 41     III2:DDD:2JHH0:A
     9d3:	41 21 7a 3a 42 40 20 78 00 9d a0 a0 7d 3d 42 42     A!z:B@ x....}=BB
     9e3:	42 3d 3d 40 40 40 3d 3c 24 ff 24 24 48 7e 49 43     B==@@@=<$.$$H~IC
     9f3:	66 2b 2f fc 2f 2b ff 09 29 f6 20 c0 88 7e 09 03     f+/./+..). ..~..
     a03:	20 54 54 79 41 00 00 44 7d 41 30 48 48 4a 32 38      TTyA..D}A0HHJ28
     a13:	40 40 22 7a 00 7a 0a 0a 72 7d 0d 19 31 7d 26 29     @@"z.z..r}..1}&)
     a23:	29 2f 28 26 29 29 29 26 30 48 4d 40 20 38 08 08     )/(&)))&0HM@ 8..
     a33:	08 08 08 08 08 08 38 2f 10 c8 ac ba 2f 10 28 34     ......8/..../.(4
     a43:	fa 00 00 7b 00 00 08 14 2a 14 22 22 14 2a 14 08     ...{....*."".*..
     a53:	55 00 55 00 55 aa 55 aa 55 aa ff 55 ff 55 ff 00     U.U.U.U.U..U.U..
     a63:	00 00 ff 00 10 10 10 ff 00 14 14 14 ff 00 10 10     ................
     a73:	ff 00 ff 10 10 f0 10 f0 14 14 14 fc 00 14 14 f7     ................
     a83:	00 ff 00 00 ff 00 ff 14 14 f4 04 fc 14 14 17 10     ................
     a93:	1f 10 10 1f 10 1f 14 14 14 1f 00 10 10 10 f0 00     ................
     aa3:	00 00 00 1f 10 10 10 10 1f 10 10 10 10 f0 10 00     ................
     ab3:	00 00 ff 10 10 10 10 10 10 10 10 10 ff 10 00 00     ................
     ac3:	00 ff 14 00 00 ff 00 ff 00 00 1f 10 17 00 00 fc     ................
     ad3:	04 f4 14 14 17 10 17 14 14 f4 04 f4 00 00 ff 00     ................
     ae3:	f7 14 14 14 14 14 14 14 f7 00 f7 14 14 14 17 14     ................
     af3:	10 10 1f 10 1f 14 14 14 f4 14 10 10 f0 10 f0 00     ................
     b03:	00 1f 10 1f 00 00 00 1f 14 00 00 00 fc 14 00 00     ................
     b13:	f0 10 f0 10 10 ff 10 ff 14 14 14 ff 14 10 10 10     ................
     b23:	1f 00 00 00 00 f0 10 ff ff ff ff ff f0 f0 f0 f0     ................
     b33:	f0 ff ff ff 00 00 00 00 00 ff ff 0f 0f 0f 0f 0f     ................
     b43:	38 44 44 38 44 fc 4a 4a 4a 34 7e 02 02 06 06 02     8DD8D.JJJ4~.....
     b53:	7e 02 7e 02 63 55 49 41 63 38 44 44 3c 04 40 7e     ~.~.cUIAc8DD<.@~
     b63:	20 1e 20 06 02 7e 02 02 99 a5 e7 a5 99 1c 2a 49      . ..~........*I
     b73:	2a 1c 4c 72 01 72 4c 30 4a 4d 4d 30 30 48 78 48     *.Lr.rL0JMM00HxH
     b83:	30 bc 62 5a 46 3d 3e 49 49 49 00 7e 01 01 01 7e     0.bZF=>III.~...~
     b93:	2a 2a 2a 2a 2a 44 44 5f 44 44 40 51 4a 44 40 40     *****DD_DD@QJD@@
     ba3:	44 4a 51 40 00 00 ff 01 03 e0 80 ff 00 00 08 08     DJQ@............
     bb3:	6b 6b 08 36 12 36 24 36 06 0f 09 0f 06 00 00 18     kk.6.6$6........
     bc3:	18 00 00 00 10 10 00 30 40 ff 01 01 00 1f 01 01     .......0@.......
     bd3:	1e 00 19 1d 17 12 00 3c 3c 3c 3c 00 00 00 00 00     .......<<<<.....
	...

00000be4 <__ctors_start>:
__ctors_start():
     be4:	89 1b       	sub	r24, r25

00000be6 <__ctors_end>:
__dtors_start():
     be6:	2b 1c       	adc	r2, r11

00000be8 <__dtors_end>:
__dtors_end():
     be8:	11 24       	eor	r1, r1
     bea:	1f be       	out	0x3f, r1	; 63
     bec:	cf ef       	ldi	r28, 0xFF	; 255
     bee:	d8 e0       	ldi	r29, 0x08	; 8
     bf0:	de bf       	out	0x3e, r29	; 62
     bf2:	cd bf       	out	0x3d, r28	; 61

00000bf4 <__do_copy_data>:
.Loc.0():
     bf4:	11 e0       	ldi	r17, 0x01	; 1

00000bf6 <.Loc.1>:
.Loc.1():
     bf6:	a0 e0       	ldi	r26, 0x00	; 0

00000bf8 <.Loc.2>:
.Loc.2():
     bf8:	b1 e0       	ldi	r27, 0x01	; 1

00000bfa <.Loc.3>:
.Loc.3():
     bfa:	e2 e5       	ldi	r30, 0x52	; 82

00000bfc <.Loc.4>:
.Loc.4():
     bfc:	ff e3       	ldi	r31, 0x3F	; 63

00000bfe <.Loc.5>:
.Loc.5():
     bfe:	02 c0       	rjmp	.+4      	; 0xc04 <.L__do_copy_data_start>

00000c00 <.L__do_copy_data_loop>:
.Loc.6():
     c00:	05 90       	lpm	r0, Z+

00000c02 <.Loc.7>:
.Loc.7():
     c02:	0d 92       	st	X+, r0

00000c04 <.L__do_copy_data_start>:
.Loc.8():
     c04:	a4 35       	cpi	r26, 0x54	; 84

00000c06 <.Loc.9>:
.Loc.9():
     c06:	b1 07       	cpc	r27, r17

00000c08 <.Loc.10>:
.Loc.10():
     c08:	d9 f7       	brne	.-10     	; 0xc00 <.L__do_copy_data_loop>

00000c0a <__do_clear_bss>:
L0^A():
     c0a:	22 e0       	ldi	r18, 0x02	; 2

00000c0c <.Loc.1>:
.Loc.1():
     c0c:	a4 e5       	ldi	r26, 0x54	; 84

00000c0e <.Loc.2>:
.Loc.2():
     c0e:	b1 e0       	ldi	r27, 0x01	; 1

00000c10 <.Loc.3>:
.Loc.3():
     c10:	01 c0       	rjmp	.+2      	; 0xc14 <.Loc.5>

00000c12 <.Loc.4>:
.do_clear_bss_loop():
     c12:	1d 92       	st	X+, r1

00000c14 <.Loc.5>:
.do_clear_bss_start():
     c14:	ab 34       	cpi	r26, 0x4B	; 75

00000c16 <.Loc.6>:
.Loc.6():
     c16:	b2 07       	cpc	r27, r18

00000c18 <.Loc.7>:
.Loc.7():
     c18:	e1 f7       	brne	.-8      	; 0xc12 <.Loc.4>

00000c1a <__do_global_ctors>:
L0^A():
     c1a:	15 e0       	ldi	r17, 0x05	; 5

00000c1c <.Loc.1>:
.Loc.1():
     c1c:	c3 ef       	ldi	r28, 0xF3	; 243

00000c1e <.Loc.2>:
.Loc.2():
     c1e:	d5 e0       	ldi	r29, 0x05	; 5

00000c20 <.Loc.3>:
.Loc.3():
     c20:	04 c0       	rjmp	.+8      	; 0xc2a <.L__do_global_ctors_start>

00000c22 <.L__do_global_ctors_loop>:
.Loc.4():
     c22:	21 97       	sbiw	r28, 0x01	; 1

00000c24 <.Loc.5>:
.Loc.5():
     c24:	fe 01       	movw	r30, r28

00000c26 <.Loc.6>:
.Loc.6():
     c26:	0e 94 2b 1e 	call	0x3c56	; 0x3c56 <__tablejump2__>

00000c2a <.L__do_global_ctors_start>:
.Loc.7():
     c2a:	c2 3f       	cpi	r28, 0xF2	; 242

00000c2c <.Loc.8>:
.Loc.8():
     c2c:	d1 07       	cpc	r29, r17

00000c2e <.Loc.9>:
.Loc.9():
     c2e:	c9 f7       	brne	.-14     	; 0xc22 <.L__do_global_ctors_loop>

00000c30 <L0^A>:
L0^A():
     c30:	0e 94 a1 15 	call	0x2b42	; 0x2b42 <main>
     c34:	0c 94 8f 1f 	jmp	0x3f1e	; 0x3f1e <__do_global_dtors>

00000c38 <__bad_interrupt>:
__vector_38():
     c38:	0c 94 00 00 	jmp	0	; 0x0 <__vectors>

00000c3c <snimacPreruseni()>:
snimacPreruseni():
/home/bezdred/stadiSpeedo/Stadi_Speedo/Stadi_Speedo/Stadi_Speedo.ino:105
    vykresliDashboard();
    posledniAktualizaceCas = aktualniCas;
  }
}

void snimacPreruseni() {
     c3c:	0f 93       	push	r16
     c3e:	1f 93       	push	r17

00000c40 <.LBB4>:
millis():
/home/bezdred/.arduino15/packages/MiniCore/hardware/avr/3.1.3/cores/MCUdude_corefiles/wiring.c:218
}

unsigned long millis()
{
  unsigned long m;
  uint8_t oldSREG = SREG;
     c40:	2f b7       	in	r18, 0x3f	; 63

00000c42 <.LVL0>:
/home/bezdred/.arduino15/packages/MiniCore/hardware/avr/3.1.3/cores/MCUdude_corefiles/wiring.c:222

  // disable interrupts while we read timer0_millis or we might get an
  // inconsistent value (e.g. in the middle of a write to timer0_millis)
  cli();
     c42:	f8 94       	cli

00000c44 <.Loc.7>:
/home/bezdred/.arduino15/packages/MiniCore/hardware/avr/3.1.3/cores/MCUdude_corefiles/wiring.c:223
  m = timer0_millis;
     c44:	80 91 3a 02 	lds	r24, 0x023A	; 0x80023a <timer0_millis>
     c48:	90 91 3b 02 	lds	r25, 0x023B	; 0x80023b <timer0_millis+0x1>
     c4c:	a0 91 3c 02 	lds	r26, 0x023C	; 0x80023c <timer0_millis+0x2>
     c50:	b0 91 3d 02 	lds	r27, 0x023D	; 0x80023d <timer0_millis+0x3>

00000c54 <.LVL1>:
/home/bezdred/.arduino15/packages/MiniCore/hardware/avr/3.1.3/cores/MCUdude_corefiles/wiring.c:224
  SREG = oldSREG;
     c54:	2f bf       	out	0x3f, r18	; 63

00000c56 <.LBE4>:
snimacPreruseni():
/home/bezdred/stadiSpeedo/Stadi_Speedo/Stadi_Speedo/Stadi_Speedo.ino:107
  unsigned long cas = millis();
  unsigned long rozdil = cas - posledniPulzCas;
     c56:	40 91 43 02 	lds	r20, 0x0243	; 0x800243 <posledniPulzCas>
     c5a:	50 91 44 02 	lds	r21, 0x0244	; 0x800244 <posledniPulzCas+0x1>
     c5e:	60 91 45 02 	lds	r22, 0x0245	; 0x800245 <posledniPulzCas+0x2>
     c62:	70 91 46 02 	lds	r23, 0x0246	; 0x800246 <posledniPulzCas+0x3>
     c66:	8c 01       	movw	r16, r24
     c68:	9d 01       	movw	r18, r26
     c6a:	04 1b       	sub	r16, r20
     c6c:	15 0b       	sbc	r17, r21
     c6e:	26 0b       	sbc	r18, r22
     c70:	37 0b       	sbc	r19, r23

00000c72 <.LVL3>:
/home/bezdred/stadiSpeedo/Stadi_Speedo/Stadi_Speedo/Stadi_Speedo.ino:111

  // Pokud je čas mezi pulzy menší než 45 ms (cca 141 km/h),
  // kód to vyhodnotí jako rušení a pulz kompletně ignoruje.
  if (rozdil > 45) { 
     c72:	0e 32       	cpi	r16, 0x2E	; 46
     c74:	11 05       	cpc	r17, r1
     c76:	21 05       	cpc	r18, r1
     c78:	31 05       	cpc	r19, r1
     c7a:	98 f0       	brcs	.+38     	; 0xca2 <.L1>

00000c7c <.Loc.16>:
/home/bezdred/stadiSpeedo/Stadi_Speedo/Stadi_Speedo/Stadi_Speedo.ino:112
    casMeziPulzy = rozdil;
     c7c:	00 93 3f 02 	sts	0x023F, r16	; 0x80023f <casMeziPulzy>
     c80:	10 93 40 02 	sts	0x0240, r17	; 0x800240 <casMeziPulzy+0x1>
     c84:	20 93 41 02 	sts	0x0241, r18	; 0x800241 <casMeziPulzy+0x2>
     c88:	30 93 42 02 	sts	0x0242, r19	; 0x800242 <casMeziPulzy+0x3>

00000c8c <.Loc.18>:
/home/bezdred/stadiSpeedo/Stadi_Speedo/Stadi_Speedo/Stadi_Speedo.ino:113
    posledniPulzCas = cas;
     c8c:	80 93 43 02 	sts	0x0243, r24	; 0x800243 <posledniPulzCas>
     c90:	90 93 44 02 	sts	0x0244, r25	; 0x800244 <posledniPulzCas+0x1>
     c94:	a0 93 45 02 	sts	0x0245, r26	; 0x800245 <posledniPulzCas+0x2>
     c98:	b0 93 46 02 	sts	0x0246, r27	; 0x800246 <posledniPulzCas+0x3>

00000c9c <.Loc.20>:
/home/bezdred/stadiSpeedo/Stadi_Speedo/Stadi_Speedo/Stadi_Speedo.ino:114
    novyPulz = true;
     c9c:	81 e0       	ldi	r24, 0x01	; 1

00000c9e <.Loc.22>:
     c9e:	80 93 3e 02 	sts	0x023E, r24	; 0x80023e <novyPulz>

00000ca2 <.L1>:
/home/bezdred/stadiSpeedo/Stadi_Speedo/Stadi_Speedo/Stadi_Speedo.ino:116
  }
}
     ca2:	1f 91       	pop	r17
     ca4:	0f 91       	pop	r16

00000ca6 <.Loc.24>:
     ca6:	08 95       	ret

00000ca8 <Print::availableForWrite()>:
Print::availableForWrite():
/home/bezdred/.arduino15/packages/MiniCore/hardware/avr/3.1.3/cores/MCUdude_corefiles/Print.h:63
      return write((const uint8_t *)buffer, size);
    }

    // default to zero, meaning "a single write may block"
    // should be overriden by subclasses with buffering
    virtual int availableForWrite() { return 0; }
     ca8:	80 e0       	ldi	r24, 0x00	; 0
     caa:	90 e0       	ldi	r25, 0x00	; 0

00000cac <.Loc.28>:
     cac:	08 95       	ret

00000cae <TwoWire::setClock(unsigned long)>:
TwoWire::setClock(unsigned long):
/home/bezdred/.arduino15/packages/MiniCore/hardware/avr/3.1.3/libraries/Wire/src/Wire.cpp:475
{
  tw_disable();
}

void TwoWire::setClock(uint32_t clock)
{
     cae:	fc 01       	movw	r30, r24
     cb0:	cb 01       	movw	r24, r22

00000cb2 <.Loc.31>:
     cb2:	ba 01       	movw	r22, r20

00000cb4 <.Loc.32>:
/home/bezdred/.arduino15/packages/MiniCore/hardware/avr/3.1.3/libraries/Wire/src/Wire.cpp:476
  tw_setFrequency(clock);
     cb4:	02 a0       	ldd	r0, Z+34	; 0x22
     cb6:	f3 a1       	ldd	r31, Z+35	; 0x23
     cb8:	e0 2d       	mov	r30, r0

00000cba <.Loc.34>:
     cba:	09 94       	ijmp

00000cbc <TwoWire::write(unsigned char)>:
TwoWire::write(unsigned char):
/home/bezdred/.arduino15/packages/MiniCore/hardware/avr/3.1.3/libraries/Wire/src/Wire.cpp:632

// must be called in:
// slave tx event callback
// or after beginTransmission(address)
size_t TwoWire::write(uint8_t data)
{
     cbc:	cf 93       	push	r28
     cbe:	df 93       	push	r29
     cc0:	0f 92       	push	r0
     cc2:	cd b7       	in	r28, 0x3d	; 61
     cc4:	de b7       	in	r29, 0x3e	; 62
     cc6:	fc 01       	movw	r30, r24
     cc8:	69 83       	std	Y+1, r22	; 0x01

00000cca <.Loc.38>:
/home/bezdred/.arduino15/packages/MiniCore/hardware/avr/3.1.3/libraries/Wire/src/Wire.cpp:633
  if(transmitting){
     cca:	87 89       	ldd	r24, Z+23	; 0x17

00000ccc <.Loc.39>:
     ccc:	81 15       	cp	r24, r1
     cce:	f1 f0       	breq	.+60     	; 0xd0c <.L6>

00000cd0 <.Loc.40>:
/home/bezdred/.arduino15/packages/MiniCore/hardware/avr/3.1.3/libraries/Wire/src/Wire.cpp:636
  // in master transmitter mode
    // don't bother if buffer is full
    if(txBufferLength >= bufferLength){
     cd0:	26 89       	ldd	r18, Z+22	; 0x16

00000cd2 <.Loc.42>:
     cd2:	84 85       	ldd	r24, Z+12	; 0x0c
     cd4:	95 85       	ldd	r25, Z+13	; 0x0d
     cd6:	28 17       	cp	r18, r24
     cd8:	19 06       	cpc	r1, r25
     cda:	54 f0       	brlt	.+20     	; 0xcf0 <.L7>

00000cdc <.LBB6>:
Print::setWriteError(int):
/home/bezdred/.arduino15/packages/MiniCore/hardware/avr/3.1.3/cores/MCUdude_corefiles/Print.h:44
    void setWriteError(int err = 1) { write_error = err; }
     cdc:	81 e0       	ldi	r24, 0x01	; 1
     cde:	90 e0       	ldi	r25, 0x00	; 0
     ce0:	93 83       	std	Z+3, r25	; 0x03
     ce2:	82 83       	std	Z+2, r24	; 0x02

00000ce4 <.LBE6>:
TwoWire::write(unsigned char):
/home/bezdred/.arduino15/packages/MiniCore/hardware/avr/3.1.3/libraries/Wire/src/Wire.cpp:638
      setWriteError();
      return 0;
     ce4:	80 e0       	ldi	r24, 0x00	; 0
     ce6:	90 e0       	ldi	r25, 0x00	; 0

00000ce8 <.L5>:
/home/bezdred/.arduino15/packages/MiniCore/hardware/avr/3.1.3/libraries/Wire/src/Wire.cpp:651
  // in slave send mode
    // reply to master
    tw_transmit(&data, 1);
  }
  return 1;
}
     ce8:	0f 90       	pop	r0
     cea:	df 91       	pop	r29
     cec:	cf 91       	pop	r28
     cee:	08 95       	ret

00000cf0 <.L7>:
/home/bezdred/.arduino15/packages/MiniCore/hardware/avr/3.1.3/libraries/Wire/src/Wire.cpp:641
    txBuffer[txBufferIndex] = data;
     cf0:	89 81       	ldd	r24, Y+1	; 0x01

00000cf2 <.Loc.53>:
     cf2:	95 89       	ldd	r25, Z+21	; 0x15

00000cf4 <.Loc.54>:
     cf4:	a3 89       	ldd	r26, Z+19	; 0x13
     cf6:	b4 89       	ldd	r27, Z+20	; 0x14
     cf8:	a9 0f       	add	r26, r25
     cfa:	b1 1d       	adc	r27, r1
     cfc:	8c 93       	st	X, r24

00000cfe <.Loc.55>:
/home/bezdred/.arduino15/packages/MiniCore/hardware/avr/3.1.3/libraries/Wire/src/Wire.cpp:642
    ++txBufferIndex;
     cfe:	85 89       	ldd	r24, Z+21	; 0x15
     d00:	8f 5f       	subi	r24, 0xFF	; 255
     d02:	85 8b       	std	Z+21, r24	; 0x15

00000d04 <.Loc.56>:
/home/bezdred/.arduino15/packages/MiniCore/hardware/avr/3.1.3/libraries/Wire/src/Wire.cpp:644
    txBufferLength = txBufferIndex;
     d04:	86 8b       	std	Z+22, r24	; 0x16

00000d06 <.L9>:
/home/bezdred/.arduino15/packages/MiniCore/hardware/avr/3.1.3/libraries/Wire/src/Wire.cpp:650
  return 1;
     d06:	81 e0       	ldi	r24, 0x01	; 1
     d08:	90 e0       	ldi	r25, 0x00	; 0
     d0a:	ee cf       	rjmp	.-36     	; 0xce8 <.L5>

00000d0c <.L6>:
/home/bezdred/.arduino15/packages/MiniCore/hardware/avr/3.1.3/libraries/Wire/src/Wire.cpp:648
    tw_transmit(&data, 1);
     d0c:	00 a4       	ldd	r0, Z+40	; 0x28
     d0e:	f1 a5       	ldd	r31, Z+41	; 0x29
     d10:	e0 2d       	mov	r30, r0

00000d12 <.Loc.61>:
     d12:	61 e0       	ldi	r22, 0x01	; 1

00000d14 <.Loc.62>:
     d14:	ce 01       	movw	r24, r28
     d16:	01 96       	adiw	r24, 0x01	; 1
     d18:	09 95       	icall

00000d1a <.LVL23>:
     d1a:	f5 cf       	rjmp	.-22     	; 0xd06 <.L9>

00000d1c <TwoWire::write(unsigned char const*, unsigned int)>:
TwoWire::write(unsigned char const*, unsigned int):
/home/bezdred/.arduino15/packages/MiniCore/hardware/avr/3.1.3/libraries/Wire/src/Wire.cpp:657

// must be called in:
// slave tx event callback
// or after beginTransmission(address)
size_t TwoWire::write(const uint8_t *data, size_t quantity)
{
     d1c:	cf 92       	push	r12
     d1e:	df 92       	push	r13
     d20:	ef 92       	push	r14
     d22:	ff 92       	push	r15
     d24:	0f 93       	push	r16
     d26:	1f 93       	push	r17
     d28:	cf 93       	push	r28
     d2a:	df 93       	push	r29
     d2c:	ec 01       	movw	r28, r24
     d2e:	cb 01       	movw	r24, r22

00000d30 <.Loc.66>:
     d30:	7a 01       	movw	r14, r20

00000d32 <.Loc.67>:
/home/bezdred/.arduino15/packages/MiniCore/hardware/avr/3.1.3/libraries/Wire/src/Wire.cpp:658
  if(transmitting){
     d32:	2f 89       	ldd	r18, Y+23	; 0x17
     d34:	21 15       	cp	r18, r1
     d36:	e1 f0       	breq	.+56     	; 0xd70 <.L11>
     d38:	8b 01       	movw	r16, r22
     d3a:	6b 01       	movw	r12, r22
     d3c:	c4 0e       	add	r12, r20
     d3e:	d5 1e       	adc	r13, r21

00000d40 <.L12>:
/home/bezdred/.arduino15/packages/MiniCore/hardware/avr/3.1.3/libraries/Wire/src/Wire.cpp:660 (discriminator 1)
  // in master transmitter mode
    for(size_t i = 0; i < quantity; ++i){
     d40:	0c 15       	cp	r16, r12
     d42:	1d 05       	cpc	r17, r13
     d44:	51 f4       	brne	.+20     	; 0xd5a <.L13>

00000d46 <.L14>:
/home/bezdred/.arduino15/packages/MiniCore/hardware/avr/3.1.3/libraries/Wire/src/Wire.cpp:669
  // in slave send mode
    // reply to master
    tw_transmit(data, quantity);
  }
  return quantity;
}
     d46:	c7 01       	movw	r24, r14
     d48:	df 91       	pop	r29
     d4a:	cf 91       	pop	r28

00000d4c <.Loc.73>:
     d4c:	1f 91       	pop	r17
     d4e:	0f 91       	pop	r16
     d50:	ff 90       	pop	r15
     d52:	ef 90       	pop	r14

00000d54 <.Loc.74>:
     d54:	df 90       	pop	r13
     d56:	cf 90       	pop	r12
     d58:	08 95       	ret

00000d5a <.L13>:
/home/bezdred/.arduino15/packages/MiniCore/hardware/avr/3.1.3/libraries/Wire/src/Wire.cpp:661
      write(data[i]);
     d5a:	f8 01       	movw	r30, r16
     d5c:	61 91       	ld	r22, Z+
     d5e:	8f 01       	movw	r16, r30

00000d60 <.Loc.77>:
     d60:	e8 81       	ld	r30, Y
     d62:	f9 81       	ldd	r31, Y+1	; 0x01
     d64:	01 90       	ld	r0, Z+
     d66:	f0 81       	ld	r31, Z
     d68:	e0 2d       	mov	r30, r0
     d6a:	ce 01       	movw	r24, r28
     d6c:	09 95       	icall

00000d6e <.LVL32>:
/home/bezdred/.arduino15/packages/MiniCore/hardware/avr/3.1.3/libraries/Wire/src/Wire.cpp:660 (discriminator 3)
    for(size_t i = 0; i < quantity; ++i){
     d6e:	e8 cf       	rjmp	.-48     	; 0xd40 <.L12>

00000d70 <.L11>:
/home/bezdred/.arduino15/packages/MiniCore/hardware/avr/3.1.3/libraries/Wire/src/Wire.cpp:666
    tw_transmit(data, quantity);
     d70:	e8 a5       	ldd	r30, Y+40	; 0x28
     d72:	f9 a5       	ldd	r31, Y+41	; 0x29
     d74:	64 2f       	mov	r22, r20

00000d76 <.Loc.82>:
     d76:	09 95       	icall

00000d78 <.Loc.83>:
     d78:	e6 cf       	rjmp	.-52     	; 0xd46 <.L14>

00000d7a <TwoWire::available()>:
TwoWire::available():
/home/bezdred/.arduino15/packages/MiniCore/hardware/avr/3.1.3/libraries/Wire/src/Wire.cpp:675

// must be called in:
// slave rx event callback
// or after requestFrom(address, numBytes)
int TwoWire::available(void)
{
     d7a:	fc 01       	movw	r30, r24

00000d7c <.Loc.86>:
/home/bezdred/.arduino15/packages/MiniCore/hardware/avr/3.1.3/libraries/Wire/src/Wire.cpp:676
  return rxBufferLength - rxBufferIndex;
     d7c:	81 89       	ldd	r24, Z+17	; 0x11

00000d7e <.Loc.88>:
     d7e:	90 89       	ldd	r25, Z+16	; 0x10

00000d80 <.Loc.89>:
/home/bezdred/.arduino15/packages/MiniCore/hardware/avr/3.1.3/libraries/Wire/src/Wire.cpp:677
}
     d80:	89 1b       	sub	r24, r25
     d82:	99 0b       	sbc	r25, r25
     d84:	08 95       	ret

00000d86 <TwoWire::read()>:
TwoWire::read():
/home/bezdred/.arduino15/packages/MiniCore/hardware/avr/3.1.3/libraries/Wire/src/Wire.cpp:683

// must be called in:
// slave rx event callback
// or after requestFrom(address, numBytes)
int TwoWire::read(void)
{
     d86:	fc 01       	movw	r30, r24

00000d88 <.LVL39>:
/home/bezdred/.arduino15/packages/MiniCore/hardware/avr/3.1.3/libraries/Wire/src/Wire.cpp:687
  int value = -1;

  // get each successive byte on each call
  if(rxBufferIndex < rxBufferLength){
     d88:	90 89       	ldd	r25, Z+16	; 0x10

00000d8a <.Loc.95>:
     d8a:	81 89       	ldd	r24, Z+17	; 0x11

00000d8c <.Loc.96>:
/home/bezdred/.arduino15/packages/MiniCore/hardware/avr/3.1.3/libraries/Wire/src/Wire.cpp:684
  int value = -1;
     d8c:	2f ef       	ldi	r18, 0xFF	; 255
     d8e:	3f ef       	ldi	r19, 0xFF	; 255

00000d90 <.Loc.97>:
/home/bezdred/.arduino15/packages/MiniCore/hardware/avr/3.1.3/libraries/Wire/src/Wire.cpp:687
  if(rxBufferIndex < rxBufferLength){
     d90:	98 17       	cp	r25, r24
     d92:	40 f4       	brcc	.+16     	; 0xda4 <.L16>

00000d94 <.Loc.98>:
/home/bezdred/.arduino15/packages/MiniCore/hardware/avr/3.1.3/libraries/Wire/src/Wire.cpp:688
    value = rxBuffer[rxBufferIndex];
     d94:	a6 85       	ldd	r26, Z+14	; 0x0e
     d96:	b7 85       	ldd	r27, Z+15	; 0x0f
     d98:	a9 0f       	add	r26, r25
     d9a:	b1 1d       	adc	r27, r1

00000d9c <.Loc.100>:
     d9c:	2c 91       	ld	r18, X
     d9e:	30 e0       	ldi	r19, 0x00	; 0

00000da0 <.Loc.101>:
/home/bezdred/.arduino15/packages/MiniCore/hardware/avr/3.1.3/libraries/Wire/src/Wire.cpp:689
    ++rxBufferIndex;
     da0:	9f 5f       	subi	r25, 0xFF	; 255
     da2:	90 8b       	std	Z+16, r25	; 0x10

00000da4 <.L16>:
/home/bezdred/.arduino15/packages/MiniCore/hardware/avr/3.1.3/libraries/Wire/src/Wire.cpp:693
  }

  return value;
}
     da4:	c9 01       	movw	r24, r18
     da6:	08 95       	ret

00000da8 <TwoWire::peek()>:
TwoWire::peek():
/home/bezdred/.arduino15/packages/MiniCore/hardware/avr/3.1.3/libraries/Wire/src/Wire.cpp:699

// must be called in:
// slave rx event callback
// or after requestFrom(address, numBytes)
int TwoWire::peek(void)
{
     da8:	fc 01       	movw	r30, r24

00000daa <.LVL44>:
/home/bezdred/.arduino15/packages/MiniCore/hardware/avr/3.1.3/libraries/Wire/src/Wire.cpp:702
  int value = -1;

  if(rxBufferIndex < rxBufferLength){
     daa:	80 89       	ldd	r24, Z+16	; 0x10

00000dac <.Loc.108>:
     dac:	91 89       	ldd	r25, Z+17	; 0x11
     dae:	89 17       	cp	r24, r25
     db0:	40 f4       	brcc	.+16     	; 0xdc2 <.L21>

00000db2 <.Loc.109>:
/home/bezdred/.arduino15/packages/MiniCore/hardware/avr/3.1.3/libraries/Wire/src/Wire.cpp:703
    value = rxBuffer[rxBufferIndex];
     db2:	06 84       	ldd	r0, Z+14	; 0x0e
     db4:	f7 85       	ldd	r31, Z+15	; 0x0f
     db6:	e0 2d       	mov	r30, r0

00000db8 <.Loc.111>:
     db8:	e8 0f       	add	r30, r24
     dba:	f1 1d       	adc	r31, r1

00000dbc <.Loc.112>:
     dbc:	80 81       	ld	r24, Z
     dbe:	90 e0       	ldi	r25, 0x00	; 0

00000dc0 <.Loc.113>:
     dc0:	08 95       	ret

00000dc2 <.L21>:
/home/bezdred/.arduino15/packages/MiniCore/hardware/avr/3.1.3/libraries/Wire/src/Wire.cpp:700
  int value = -1;
     dc2:	8f ef       	ldi	r24, 0xFF	; 255
     dc4:	9f ef       	ldi	r25, 0xFF	; 255

00000dc6 <.Loc.115>:
/home/bezdred/.arduino15/packages/MiniCore/hardware/avr/3.1.3/libraries/Wire/src/Wire.cpp:707
  }

  return value;
}
     dc6:	08 95       	ret

00000dc8 <Adafruit_GFX::startWrite()>:
TwoWire::flush():
/home/bezdred/.arduino15/packages/MiniCore/hardware/avr/3.1.3/libraries/Wire/src/Wire.cpp:712

void TwoWire::flush(void)
{
  // XXX: to be implemented.
}
     dc8:	08 95       	ret

00000dca <Wire::{lambda(unsigned char*, int)#1}::_FUN(unsigned char*, int)>:
Wire::{lambda(unsigned char*, int)#1}::_FUN(unsigned char*, int):
/home/bezdred/.arduino15/packages/MiniCore/hardware/avr/3.1.3/libraries/Wire/src/Wire.cpp:785
                         twi_setTimeoutInMicros,
                         twi_handleTimeout,
                         twi_manageTimeoutFlag,
                       #endif
                       twi_attachSlaveRxEvent,
                       [](uint8_t* v, int len){ Wire.onReceiveService(v, len); },
     dca:	ac 01       	movw	r20, r24
     dcc:	cb 01       	movw	r24, r22

00000dce <.LBB30>:
TwoWire::onReceiveService(unsigned char*, int):
/home/bezdred/.arduino15/packages/MiniCore/hardware/avr/3.1.3/libraries/Wire/src/Wire.cpp:718
  if(!user_onReceive){
     dce:	20 91 24 02 	lds	r18, 0x0224	; 0x800224 <Wire+0x1a>
     dd2:	30 91 25 02 	lds	r19, 0x0225	; 0x800225 <Wire+0x1b>
     dd6:	23 2b       	or	r18, r19
     dd8:	11 f1       	breq	.+68     	; 0xe1e <.L23>

00000dda <.Loc.124>:
/home/bezdred/.arduino15/packages/MiniCore/hardware/avr/3.1.3/libraries/Wire/src/Wire.cpp:724
  if(rxBufferIndex < rxBufferLength){
     dda:	30 91 1a 02 	lds	r19, 0x021A	; 0x80021a <Wire+0x10>
     dde:	20 91 1b 02 	lds	r18, 0x021B	; 0x80021b <Wire+0x11>
     de2:	32 17       	cp	r19, r18
     de4:	e0 f0       	brcs	.+56     	; 0xe1e <.L23>

00000de6 <.LBB33>:
/home/bezdred/.arduino15/packages/MiniCore/hardware/avr/3.1.3/libraries/Wire/src/Wire.cpp:729
  for(uint8_t i = 0; i < numBytes; ++i){
     de6:	20 e0       	ldi	r18, 0x00	; 0

00000de8 <.L25>:
/home/bezdred/.arduino15/packages/MiniCore/hardware/avr/3.1.3/libraries/Wire/src/Wire.cpp:729 (discriminator 1)
     de8:	62 2f       	mov	r22, r18
     dea:	70 e0       	ldi	r23, 0x00	; 0

00000dec <.Loc.127>:
     dec:	28 17       	cp	r18, r24
     dee:	19 06       	cpc	r1, r25
     df0:	4c f0       	brlt	.+18     	; 0xe04 <.L26>

00000df2 <.Loc.128>:
/home/bezdred/.arduino15/packages/MiniCore/hardware/avr/3.1.3/libraries/Wire/src/Wire.cpp:733
  rxBufferIndex = 0;
     df2:	10 92 1a 02 	sts	0x021A, r1	; 0x80021a <Wire+0x10>

00000df6 <.Loc.129>:
/home/bezdred/.arduino15/packages/MiniCore/hardware/avr/3.1.3/libraries/Wire/src/Wire.cpp:734
  rxBufferLength = numBytes;
     df6:	80 93 1b 02 	sts	0x021B, r24	; 0x80021b <Wire+0x11>

00000dfa <.Loc.130>:
/home/bezdred/.arduino15/packages/MiniCore/hardware/avr/3.1.3/libraries/Wire/src/Wire.cpp:736
  user_onReceive(numBytes);
     dfa:	e0 91 24 02 	lds	r30, 0x0224	; 0x800224 <Wire+0x1a>
     dfe:	f0 91 25 02 	lds	r31, 0x0225	; 0x800225 <Wire+0x1b>
     e02:	09 94       	ijmp

00000e04 <.L26>:
/home/bezdred/.arduino15/packages/MiniCore/hardware/avr/3.1.3/libraries/Wire/src/Wire.cpp:730
    rxBuffer[i] = inBytes[i];
     e04:	fa 01       	movw	r30, r20
     e06:	e6 0f       	add	r30, r22
     e08:	f7 1f       	adc	r31, r23
     e0a:	30 81       	ld	r19, Z

00000e0c <.Loc.132>:
     e0c:	e0 91 18 02 	lds	r30, 0x0218	; 0x800218 <Wire+0xe>
     e10:	f0 91 19 02 	lds	r31, 0x0219	; 0x800219 <Wire+0xf>
     e14:	e6 0f       	add	r30, r22
     e16:	f7 1f       	adc	r31, r23
     e18:	30 83       	st	Z, r19

00000e1a <.Loc.133>:
/home/bezdred/.arduino15/packages/MiniCore/hardware/avr/3.1.3/libraries/Wire/src/Wire.cpp:729 (discriminator 3)
  for(uint8_t i = 0; i < numBytes; ++i){
     e1a:	2f 5f       	subi	r18, 0xFF	; 255

00000e1c <.Loc.134>:
     e1c:	e5 cf       	rjmp	.-54     	; 0xde8 <.L25>

00000e1e <.L23>:
Wire::{lambda(unsigned char*, int)#1}::_FUN(unsigned char*, int):
/home/bezdred/.arduino15/packages/MiniCore/hardware/avr/3.1.3/libraries/Wire/src/Wire.cpp:785
                       [](uint8_t* v, int len){ Wire.onReceiveService(v, len); },
     e1e:	08 95       	ret

00000e20 <Wire::{lambda()#1}::_FUN()>:
TwoWire::onRequestService():
/home/bezdred/.arduino15/packages/MiniCore/hardware/avr/3.1.3/libraries/Wire/src/Wire.cpp:743
  if(!user_onRequest){
     e20:	e0 91 22 02 	lds	r30, 0x0222	; 0x800222 <Wire+0x18>
     e24:	f0 91 23 02 	lds	r31, 0x0223	; 0x800223 <Wire+0x19>

00000e28 <.Loc.142>:
     e28:	30 97       	sbiw	r30, 0x00	; 0
     e2a:	29 f0       	breq	.+10     	; 0xe36 <.L30>

00000e2c <.Loc.143>:
/home/bezdred/.arduino15/packages/MiniCore/hardware/avr/3.1.3/libraries/Wire/src/Wire.cpp:748
  txBufferIndex = 0;
     e2c:	10 92 1f 02 	sts	0x021F, r1	; 0x80021f <Wire+0x15>

00000e30 <.Loc.144>:
/home/bezdred/.arduino15/packages/MiniCore/hardware/avr/3.1.3/libraries/Wire/src/Wire.cpp:749
  txBufferLength = 0;
     e30:	10 92 20 02 	sts	0x0220, r1	; 0x800220 <Wire+0x16>

00000e34 <.Loc.145>:
/home/bezdred/.arduino15/packages/MiniCore/hardware/avr/3.1.3/libraries/Wire/src/Wire.cpp:751
  user_onRequest();
     e34:	09 94       	ijmp

00000e36 <.L30>:
Wire::{lambda()#1}::_FUN():
/home/bezdred/.arduino15/packages/MiniCore/hardware/avr/3.1.3/libraries/Wire/src/Wire.cpp:787
                       twi_attachSlaveTxEvent,
                       [](){ Wire.onRequestService(); });
     e36:	08 95       	ret

00000e38 <twi_setAddress>:
twi_setAddress():
/home/bezdred/.arduino15/packages/MiniCore/hardware/avr/3.1.3/libraries/Wire/src/utility/twi.c:131
 * Output   none
 */
void twi_setAddress(uint8_t address)
{
  // set twi slave address (skip over TWGCE bit)
  TWAR = address << 1;
     e38:	88 0f       	add	r24, r24

00000e3a <.Loc.150>:
     e3a:	80 93 ba 00 	sts	0x00BA, r24	; 0x8000ba <main.cpp.0b68acdf+0x7e9947>

00000e3e <.Loc.151>:
/home/bezdred/.arduino15/packages/MiniCore/hardware/avr/3.1.3/libraries/Wire/src/utility/twi.c:132
}
     e3e:	08 95       	ret

00000e40 <twi_setFrequency>:
twi_setFrequency():
/home/bezdred/.arduino15/packages/MiniCore/hardware/avr/3.1.3/libraries/Wire/src/utility/twi.c:141
 * Desc     sets twi bit rate
 * Input    Clock frequency
 * Output   none
 */
void twi_setFrequency(uint32_t frequency)
{
     e40:	9b 01       	movw	r18, r22
     e42:	ac 01       	movw	r20, r24

00000e44 <.Loc.154>:
/home/bezdred/.arduino15/packages/MiniCore/hardware/avr/3.1.3/libraries/Wire/src/utility/twi.c:142
  TWBR = ((F_CPU / frequency) - 16) / 2;
     e44:	60 e0       	ldi	r22, 0x00	; 0
     e46:	74 e2       	ldi	r23, 0x24	; 36
     e48:	84 ef       	ldi	r24, 0xF4	; 244
     e4a:	90 e0       	ldi	r25, 0x00	; 0

00000e4c <.Loc.156>:
     e4c:	0e 94 09 1e 	call	0x3c12	; 0x3c12 <__udivmodsi4>

00000e50 <.Loc.157>:
     e50:	20 51       	subi	r18, 0x10	; 16
     e52:	31 09       	sbc	r19, r1
     e54:	41 09       	sbc	r20, r1
     e56:	51 09       	sbc	r21, r1

00000e58 <.Loc.158>:
     e58:	56 95       	lsr	r21
     e5a:	47 95       	ror	r20
     e5c:	37 95       	ror	r19
     e5e:	27 95       	ror	r18

00000e60 <.Loc.159>:
     e60:	20 93 b8 00 	sts	0x00B8, r18	; 0x8000b8 <main.cpp.0b68acdf+0x7e9945>

00000e64 <.Loc.160>:
/home/bezdred/.arduino15/packages/MiniCore/hardware/avr/3.1.3/libraries/Wire/src/utility/twi.c:148

  /* twi bit rate formula from atmega128 manual pg 204
  SCL Frequency = CPU Clock Frequency / (16 + (2 * TWBR))
  note: TWBR should be 10 or higher for master mode
  It is 72 for a 16mhz Wiring board with 100kHz TWI */
}
     e64:	08 95       	ret

00000e66 <twi_readFrom>:
twi_readFrom():
/home/bezdred/.arduino15/packages/MiniCore/hardware/avr/3.1.3/libraries/Wire/src/utility/twi.c:161
 *          length: number of bytes to read into array
 *          sendStop: Boolean indicating whether to send a stop at the end
 * Output   number of bytes read
 */
uint8_t twi_readFrom(uint8_t address, uint8_t* data, uint8_t length, uint8_t sendStop)
{
     e66:	98 2f       	mov	r25, r24
     e68:	84 2f       	mov	r24, r20

00000e6a <.Loc.163>:
/home/bezdred/.arduino15/packages/MiniCore/hardware/avr/3.1.3/libraries/Wire/src/utility/twi.c:163
  // ensure data will fit into buffer
  if(TWI_BUFFER_SIZE < length){
     e6a:	41 32       	cpi	r20, 0x21	; 33
     e6c:	d8 f5       	brcc	.+118    	; 0xee4 <.L41>

00000e6e <.L36>:
/home/bezdred/.arduino15/packages/MiniCore/hardware/avr/3.1.3/libraries/Wire/src/utility/twi.c:177
        twi_handleTimeout(twi_do_reset_on_timeout);
        return 0;
      }
    }
  #else
    while(TWI_READY != twi_state){
     e6e:	30 91 09 02 	lds	r19, 0x0209	; 0x800209 <twi_state>
     e72:	31 11       	cpse	r19, r1
     e74:	fc cf       	rjmp	.-8      	; 0xe6e <.L36>

00000e76 <.Loc.166>:
/home/bezdred/.arduino15/packages/MiniCore/hardware/avr/3.1.3/libraries/Wire/src/utility/twi.c:181
      continue;
    }
  #endif
  twi_state = TWI_MRX;
     e76:	31 e0       	ldi	r19, 0x01	; 1
     e78:	30 93 09 02 	sts	0x0209, r19	; 0x800209 <twi_state>

00000e7c <.Loc.168>:
/home/bezdred/.arduino15/packages/MiniCore/hardware/avr/3.1.3/libraries/Wire/src/utility/twi.c:182
  twi_sendStop = sendStop;
     e7c:	20 93 08 02 	sts	0x0208, r18	; 0x800208 <twi_sendStop>

00000e80 <.Loc.170>:
/home/bezdred/.arduino15/packages/MiniCore/hardware/avr/3.1.3/libraries/Wire/src/utility/twi.c:184
  // reset error state (0xFF.. no error occurred)
  twi_error = 0xFF;
     e80:	2f ef       	ldi	r18, 0xFF	; 255

00000e82 <.Loc.172>:
     e82:	20 93 06 02 	sts	0x0206, r18	; 0x800206 <twi_error>

00000e86 <.Loc.173>:
/home/bezdred/.arduino15/packages/MiniCore/hardware/avr/3.1.3/libraries/Wire/src/utility/twi.c:187

  // initialize buffer iteration vars
  twi_masterBuffer = data;
     e86:	60 93 04 02 	sts	0x0204, r22	; 0x800204 <twi_masterBuffer>
     e8a:	70 93 05 02 	sts	0x0205, r23	; 0x800205 <twi_masterBuffer+0x1>

00000e8e <.Loc.175>:
/home/bezdred/.arduino15/packages/MiniCore/hardware/avr/3.1.3/libraries/Wire/src/utility/twi.c:188
  twi_masterBufferIndex = 0;
     e8e:	10 92 03 02 	sts	0x0203, r1	; 0x800203 <twi_masterBufferIndex>

00000e92 <.Loc.177>:
/home/bezdred/.arduino15/packages/MiniCore/hardware/avr/3.1.3/libraries/Wire/src/utility/twi.c:189
  twi_masterBufferLength = length-1;  // This is not intuitive, read on...
     e92:	28 0f       	add	r18, r24

00000e94 <.Loc.179>:
     e94:	20 93 02 02 	sts	0x0202, r18	; 0x800202 <twi_masterBufferLength>

00000e98 <.Loc.180>:
/home/bezdred/.arduino15/packages/MiniCore/hardware/avr/3.1.3/libraries/Wire/src/utility/twi.c:197
  // Therefore we must actually set NACK when the _next_ to last byte is
  // received, causing that NACK to be sent in response to receiving the last
  // expected byte of data.

  // build sla+w, slave device address + w bit
  twi_slarw = TW_READ;
     e98:	30 93 01 02 	sts	0x0201, r19	; 0x800201 <twi_slarw>

00000e9c <.Loc.182>:
/home/bezdred/.arduino15/packages/MiniCore/hardware/avr/3.1.3/libraries/Wire/src/utility/twi.c:198
  twi_slarw |= address << 1;
     e9c:	20 91 01 02 	lds	r18, 0x0201	; 0x800201 <twi_slarw>
     ea0:	99 0f       	add	r25, r25

00000ea2 <.Loc.184>:
     ea2:	92 2b       	or	r25, r18
     ea4:	90 93 01 02 	sts	0x0201, r25	; 0x800201 <twi_slarw>

00000ea8 <.Loc.185>:
/home/bezdred/.arduino15/packages/MiniCore/hardware/avr/3.1.3/libraries/Wire/src/utility/twi.c:200

  if (true == twi_inRepStart) {
     ea8:	90 91 07 02 	lds	r25, 0x0207	; 0x800207 <twi_inRepStart>

00000eac <.Loc.187>:
     eac:	91 30       	cpi	r25, 0x01	; 1
     eae:	c1 f4       	brne	.+48     	; 0xee0 <.L37>

00000eb0 <.Loc.188>:
/home/bezdred/.arduino15/packages/MiniCore/hardware/avr/3.1.3/libraries/Wire/src/utility/twi.c:207
    // (@@@ we hope), and the TWI statemachine is just waiting for the address byte.
    // We need to remove ourselves from the repeated start state before we enable interrupts,
    // since the ISR is ASYNC, and we could get confused if we hit the ISR before cleaning
    // up. Also, don't enable the START interrupt. There may be one pending from the
    // repeated start that we sent ourselves, and that would really confuse things.
    twi_inRepStart = false; // Remember, we're dealing with an ASYNC ISR
     eb0:	10 92 07 02 	sts	0x0207, r1	; 0x800207 <twi_inRepStart>

00000eb4 <.L38>:
/home/bezdred/.arduino15/packages/MiniCore/hardware/avr/3.1.3/libraries/Wire/src/utility/twi.c:219
          return 0;
        }
      } while(TWCR & _BV(TWWC));
    #else
      do {
        TWDR = twi_slarw;
     eb4:	90 91 01 02 	lds	r25, 0x0201	; 0x800201 <twi_slarw>
     eb8:	90 93 bb 00 	sts	0x00BB, r25	; 0x8000bb <main.cpp.0b68acdf+0x7e9948>

00000ebc <.Loc.193>:
/home/bezdred/.arduino15/packages/MiniCore/hardware/avr/3.1.3/libraries/Wire/src/utility/twi.c:220 (discriminator 1)
      } while(TWCR & _BV(TWWC));
     ebc:	90 91 bc 00 	lds	r25, 0x00BC	; 0x8000bc <main.cpp.0b68acdf+0x7e9949>
     ec0:	93 fd       	sbrc	r25, 3
     ec2:	f8 cf       	rjmp	.-16     	; 0xeb4 <.L38>

00000ec4 <.Loc.194>:
/home/bezdred/.arduino15/packages/MiniCore/hardware/avr/3.1.3/libraries/Wire/src/utility/twi.c:222
    #endif
    TWCR = _BV(TWINT) | _BV(TWEA) | _BV(TWEN) | _BV(TWIE);  // enable INTs, but not START
     ec4:	95 ec       	ldi	r25, 0xC5	; 197

00000ec6 <.L46>:
/home/bezdred/.arduino15/packages/MiniCore/hardware/avr/3.1.3/libraries/Wire/src/utility/twi.c:226
  }
  else
    // send start condition
    TWCR = _BV(TWEN) | _BV(TWIE) | _BV(TWEA) | _BV(TWINT) | _BV(TWSTA);
     ec6:	90 93 bc 00 	sts	0x00BC, r25	; 0x8000bc <main.cpp.0b68acdf+0x7e9949>

00000eca <.L40>:
/home/bezdred/.arduino15/packages/MiniCore/hardware/avr/3.1.3/libraries/Wire/src/utility/twi.c:238
        twi_handleTimeout(twi_do_reset_on_timeout);
        return 0;
      }
    }
  #else
    while(TWI_MRX == twi_state){
     eca:	90 91 09 02 	lds	r25, 0x0209	; 0x800209 <twi_state>
     ece:	91 30       	cpi	r25, 0x01	; 1
     ed0:	e1 f3       	breq	.-8      	; 0xeca <.L40>

00000ed2 <.Loc.198>:
/home/bezdred/.arduino15/packages/MiniCore/hardware/avr/3.1.3/libraries/Wire/src/utility/twi.c:243
      continue;
    }
  #endif

  if (twi_masterBufferIndex < length)
     ed2:	90 91 03 02 	lds	r25, 0x0203	; 0x800203 <twi_masterBufferIndex>

00000ed6 <.Loc.200>:
     ed6:	98 17       	cp	r25, r24
     ed8:	30 f4       	brcc	.+12     	; 0xee6 <.L35>

00000eda <.Loc.201>:
/home/bezdred/.arduino15/packages/MiniCore/hardware/avr/3.1.3/libraries/Wire/src/utility/twi.c:244
    length = twi_masterBufferIndex;
     eda:	80 91 03 02 	lds	r24, 0x0203	; 0x800203 <twi_masterBufferIndex>

00000ede <.LVL67>:
     ede:	08 95       	ret

00000ee0 <.L37>:
/home/bezdred/.arduino15/packages/MiniCore/hardware/avr/3.1.3/libraries/Wire/src/utility/twi.c:226
    TWCR = _BV(TWEN) | _BV(TWIE) | _BV(TWEA) | _BV(TWINT) | _BV(TWSTA);
     ee0:	95 ee       	ldi	r25, 0xE5	; 229
     ee2:	f1 cf       	rjmp	.-30     	; 0xec6 <.L46>

00000ee4 <.L41>:
/home/bezdred/.arduino15/packages/MiniCore/hardware/avr/3.1.3/libraries/Wire/src/utility/twi.c:164
    return 0;
     ee4:	80 e0       	ldi	r24, 0x00	; 0

00000ee6 <.L35>:
/home/bezdred/.arduino15/packages/MiniCore/hardware/avr/3.1.3/libraries/Wire/src/utility/twi.c:247

  return length;
}
     ee6:	08 95       	ret

00000ee8 <twi_writeTo>:
twi_writeTo():
/home/bezdred/.arduino15/packages/MiniCore/hardware/avr/3.1.3/libraries/Wire/src/utility/twi.c:266
 *          3 .. data send, NACK received
 *          4 .. other twi error (lost bus arbitration, bus error, ..)
 *          5 .. timeout
 */
uint8_t twi_writeTo(uint8_t address, uint8_t* data, uint8_t length, uint8_t wait, uint8_t sendStop)
{
     ee8:	0f 93       	push	r16
     eea:	98 2f       	mov	r25, r24

00000eec <.Loc.211>:
/home/bezdred/.arduino15/packages/MiniCore/hardware/avr/3.1.3/libraries/Wire/src/utility/twi.c:269
  // ensure data will fit into buffer
  if(TWI_BUFFER_SIZE < length){
    return 1;
     eec:	81 e0       	ldi	r24, 0x01	; 1

00000eee <.Loc.213>:
/home/bezdred/.arduino15/packages/MiniCore/hardware/avr/3.1.3/libraries/Wire/src/utility/twi.c:268
  if(TWI_BUFFER_SIZE < length){
     eee:	41 32       	cpi	r20, 0x21	; 33
     ef0:	08 f0       	brcs	.+2      	; 0xef4 <.L49>

00000ef2 <L0^A>:
     ef2:	40 c0       	rjmp	.+128    	; 0xf74 <.L47>

00000ef4 <.L49>:
/home/bezdred/.arduino15/packages/MiniCore/hardware/avr/3.1.3/libraries/Wire/src/utility/twi.c:282
        twi_handleTimeout(twi_do_reset_on_timeout);
        return (5);
      }
    }
  #else
    while(TWI_READY != twi_state){
     ef4:	80 91 09 02 	lds	r24, 0x0209	; 0x800209 <twi_state>
     ef8:	81 11       	cpse	r24, r1
     efa:	fc cf       	rjmp	.-8      	; 0xef4 <.L49>

00000efc <.Loc.215>:
/home/bezdred/.arduino15/packages/MiniCore/hardware/avr/3.1.3/libraries/Wire/src/utility/twi.c:287
      continue;
    }
  #endif

  twi_state = TWI_MTX;
     efc:	32 e0       	ldi	r19, 0x02	; 2
     efe:	30 93 09 02 	sts	0x0209, r19	; 0x800209 <twi_state>

00000f02 <.Loc.217>:
/home/bezdred/.arduino15/packages/MiniCore/hardware/avr/3.1.3/libraries/Wire/src/utility/twi.c:288
  twi_sendStop = sendStop;
     f02:	00 93 08 02 	sts	0x0208, r16	; 0x800208 <twi_sendStop>

00000f06 <.Loc.219>:
/home/bezdred/.arduino15/packages/MiniCore/hardware/avr/3.1.3/libraries/Wire/src/utility/twi.c:290
  // reset error state (0xFF.. no error occurred)
  twi_error = 0xFF;
     f06:	3f ef       	ldi	r19, 0xFF	; 255
     f08:	30 93 06 02 	sts	0x0206, r19	; 0x800206 <twi_error>

00000f0c <.Loc.221>:
/home/bezdred/.arduino15/packages/MiniCore/hardware/avr/3.1.3/libraries/Wire/src/utility/twi.c:293

  // initialize buffer iteration vars
  twi_masterBuffer = data;
     f0c:	60 93 04 02 	sts	0x0204, r22	; 0x800204 <twi_masterBuffer>
     f10:	70 93 05 02 	sts	0x0205, r23	; 0x800205 <twi_masterBuffer+0x1>

00000f14 <.Loc.223>:
/home/bezdred/.arduino15/packages/MiniCore/hardware/avr/3.1.3/libraries/Wire/src/utility/twi.c:294
  twi_masterBufferIndex = 0;
     f14:	10 92 03 02 	sts	0x0203, r1	; 0x800203 <twi_masterBufferIndex>

00000f18 <.Loc.225>:
/home/bezdred/.arduino15/packages/MiniCore/hardware/avr/3.1.3/libraries/Wire/src/utility/twi.c:295
  twi_masterBufferLength = length;
     f18:	40 93 02 02 	sts	0x0202, r20	; 0x800202 <twi_masterBufferLength>

00000f1c <.Loc.227>:
/home/bezdred/.arduino15/packages/MiniCore/hardware/avr/3.1.3/libraries/Wire/src/utility/twi.c:298

  // build sla+w, slave device address + w bit
  twi_slarw = TW_WRITE;
     f1c:	10 92 01 02 	sts	0x0201, r1	; 0x800201 <twi_slarw>

00000f20 <.Loc.229>:
/home/bezdred/.arduino15/packages/MiniCore/hardware/avr/3.1.3/libraries/Wire/src/utility/twi.c:299
  twi_slarw |= address << 1;
     f20:	30 91 01 02 	lds	r19, 0x0201	; 0x800201 <twi_slarw>
     f24:	99 0f       	add	r25, r25

00000f26 <.Loc.231>:
     f26:	93 2b       	or	r25, r19
     f28:	90 93 01 02 	sts	0x0201, r25	; 0x800201 <twi_slarw>

00000f2c <.Loc.232>:
/home/bezdred/.arduino15/packages/MiniCore/hardware/avr/3.1.3/libraries/Wire/src/utility/twi.c:304

  // if we're in a repeated start, then we've already sent the START
  // in the ISR. Don't do it again.
  //
  if (true == twi_inRepStart) {
     f2c:	90 91 07 02 	lds	r25, 0x0207	; 0x800207 <twi_inRepStart>

00000f30 <.Loc.234>:
     f30:	91 30       	cpi	r25, 0x01	; 1
     f32:	11 f5       	brne	.+68     	; 0xf78 <.L50>

00000f34 <.Loc.235>:
/home/bezdred/.arduino15/packages/MiniCore/hardware/avr/3.1.3/libraries/Wire/src/utility/twi.c:311
    // (@@@ we hope), and the TWI statemachine is just waiting for the address byte.
    // We need to remove ourselves from the repeated start state before we enable interrupts,
    // since the ISR is ASYNC, and we could get confused if we hit the ISR before cleaning
    // up. Also, don't enable the START interrupt. There may be one pending from the 
    // repeated start that we sent ourselves, and that would really confuse things.
    twi_inRepStart = false; // Remember, we're dealing with an ASYNC ISR
     f34:	10 92 07 02 	sts	0x0207, r1	; 0x800207 <twi_inRepStart>

00000f38 <.L51>:
/home/bezdred/.arduino15/packages/MiniCore/hardware/avr/3.1.3/libraries/Wire/src/utility/twi.c:322
          return (5);
        }
      } while(TWCR & _BV(TWWC));
    #else
      do {
        TWDR = twi_slarw;
     f38:	90 91 01 02 	lds	r25, 0x0201	; 0x800201 <twi_slarw>
     f3c:	90 93 bb 00 	sts	0x00BB, r25	; 0x8000bb <main.cpp.0b68acdf+0x7e9948>

00000f40 <.Loc.240>:
/home/bezdred/.arduino15/packages/MiniCore/hardware/avr/3.1.3/libraries/Wire/src/utility/twi.c:323 (discriminator 1)
      } while(TWCR & _BV(TWWC));
     f40:	90 91 bc 00 	lds	r25, 0x00BC	; 0x8000bc <main.cpp.0b68acdf+0x7e9949>
     f44:	93 fd       	sbrc	r25, 3
     f46:	f8 cf       	rjmp	.-16     	; 0xf38 <.L51>

00000f48 <.Loc.241>:
/home/bezdred/.arduino15/packages/MiniCore/hardware/avr/3.1.3/libraries/Wire/src/utility/twi.c:325
    #endif
    TWCR = _BV(TWINT) | _BV(TWEA) | _BV(TWEN) | _BV(TWIE);  // enable INTs, but not START
     f48:	95 ec       	ldi	r25, 0xC5	; 197

00000f4a <.L68>:
/home/bezdred/.arduino15/packages/MiniCore/hardware/avr/3.1.3/libraries/Wire/src/utility/twi.c:329
  }
  else
    // send start condition
    TWCR = _BV(TWINT) | _BV(TWEA) | _BV(TWEN) | _BV(TWIE) | _BV(TWSTA); // enable INTs
     f4a:	90 93 bc 00 	sts	0x00BC, r25	; 0x8000bc <main.cpp.0b68acdf+0x7e9949>

00000f4e <.Loc.244>:
/home/bezdred/.arduino15/packages/MiniCore/hardware/avr/3.1.3/libraries/Wire/src/utility/twi.c:341
        twi_handleTimeout(twi_do_reset_on_timeout);
        return (5);
      }
    }
  #else
    while(wait && (TWI_MTX == twi_state)){
     f4e:	21 15       	cp	r18, r1
     f50:	21 f0       	breq	.+8      	; 0xf5a <.L53>

00000f52 <.L54>:
/home/bezdred/.arduino15/packages/MiniCore/hardware/avr/3.1.3/libraries/Wire/src/utility/twi.c:341 (discriminator 1)
     f52:	90 91 09 02 	lds	r25, 0x0209	; 0x800209 <twi_state>

00000f56 <.Loc.246>:
     f56:	92 30       	cpi	r25, 0x02	; 2
     f58:	e1 f3       	breq	.-8      	; 0xf52 <.L54>

00000f5a <.L53>:
/home/bezdred/.arduino15/packages/MiniCore/hardware/avr/3.1.3/libraries/Wire/src/utility/twi.c:346
      continue;
    }
  #endif

  if (twi_error == 0xFF)
     f5a:	90 91 06 02 	lds	r25, 0x0206	; 0x800206 <twi_error>

00000f5e <.Loc.249>:
     f5e:	9f 3f       	cpi	r25, 0xFF	; 255
     f60:	49 f0       	breq	.+18     	; 0xf74 <.L47>

00000f62 <.Loc.250>:
/home/bezdred/.arduino15/packages/MiniCore/hardware/avr/3.1.3/libraries/Wire/src/utility/twi.c:348
    return 0; // success
  else if (twi_error == TW_MT_SLA_NACK)
     f62:	80 91 06 02 	lds	r24, 0x0206	; 0x800206 <twi_error>

00000f66 <.Loc.252>:
     f66:	80 32       	cpi	r24, 0x20	; 32
     f68:	49 f0       	breq	.+18     	; 0xf7c <.L56>

00000f6a <.Loc.253>:
/home/bezdred/.arduino15/packages/MiniCore/hardware/avr/3.1.3/libraries/Wire/src/utility/twi.c:350
    return 2; // error: address send, nack received
  else if (twi_error == TW_MT_DATA_NACK)
     f6a:	80 91 06 02 	lds	r24, 0x0206	; 0x800206 <twi_error>

00000f6e <.Loc.255>:
     f6e:	80 33       	cpi	r24, 0x30	; 48
     f70:	39 f4       	brne	.+14     	; 0xf80 <.L57>

00000f72 <.Loc.256>:
/home/bezdred/.arduino15/packages/MiniCore/hardware/avr/3.1.3/libraries/Wire/src/utility/twi.c:351
    return 3; // error: data send, nack received
     f72:	83 e0       	ldi	r24, 0x03	; 3

00000f74 <.L47>:
/home/bezdred/.arduino15/packages/MiniCore/hardware/avr/3.1.3/libraries/Wire/src/utility/twi.c:354
  else
    return 4; // other twi error
}
     f74:	0f 91       	pop	r16

00000f76 <.Loc.259>:
     f76:	08 95       	ret

00000f78 <.L50>:
/home/bezdred/.arduino15/packages/MiniCore/hardware/avr/3.1.3/libraries/Wire/src/utility/twi.c:329
    TWCR = _BV(TWINT) | _BV(TWEA) | _BV(TWEN) | _BV(TWIE) | _BV(TWSTA); // enable INTs
     f78:	95 ee       	ldi	r25, 0xE5	; 229
     f7a:	e7 cf       	rjmp	.-50     	; 0xf4a <.L68>

00000f7c <.L56>:
/home/bezdred/.arduino15/packages/MiniCore/hardware/avr/3.1.3/libraries/Wire/src/utility/twi.c:349
    return 2; // error: address send, nack received
     f7c:	82 e0       	ldi	r24, 0x02	; 2
     f7e:	fa cf       	rjmp	.-12     	; 0xf74 <.L47>

00000f80 <.L57>:
/home/bezdred/.arduino15/packages/MiniCore/hardware/avr/3.1.3/libraries/Wire/src/utility/twi.c:353
    return 4; // other twi error
     f80:	84 e0       	ldi	r24, 0x04	; 4
     f82:	f8 cf       	rjmp	.-16     	; 0xf74 <.L47>

00000f84 <twi_transmit>:
twi_transmit():
/home/bezdred/.arduino15/packages/MiniCore/hardware/avr/3.1.3/libraries/Wire/src/utility/twi.c:371
uint8_t twi_transmit(const uint8_t* data, uint8_t length)
{
  uint8_t i;

  // ensure data will fit into buffer
  if(TWI_BUFFER_SIZE < (twi_txBufferLength+length)){
     f84:	20 91 00 02 	lds	r18, 0x0200	; 0x800200 <twi_txBufferLength>
     f88:	26 0f       	add	r18, r22
     f8a:	33 27       	eor	r19, r19
     f8c:	33 1f       	adc	r19, r19

00000f8e <.Loc.268>:
     f8e:	21 32       	cpi	r18, 0x21	; 33
     f90:	31 05       	cpc	r19, r1
     f92:	ec f4       	brge	.+58     	; 0xfce <.L73>

00000f94 <.Loc.269>:
/home/bezdred/.arduino15/packages/MiniCore/hardware/avr/3.1.3/libraries/Wire/src/utility/twi.c:376
    return 1;
  }

  // ensure we are currently a slave transmitter
  if(TWI_STX != twi_state){
     f94:	20 91 09 02 	lds	r18, 0x0209	; 0x800209 <twi_state>
     f98:	fc 01       	movw	r30, r24

00000f9a <.Loc.271>:
     f9a:	80 e0       	ldi	r24, 0x00	; 0
     f9c:	90 e0       	ldi	r25, 0x00	; 0

00000f9e <.Loc.272>:
     f9e:	24 30       	cpi	r18, 0x04	; 4
     fa0:	69 f0       	breq	.+26     	; 0xfbc <.L71>

00000fa2 <.Loc.273>:
/home/bezdred/.arduino15/packages/MiniCore/hardware/avr/3.1.3/libraries/Wire/src/utility/twi.c:377
    return 2;
     fa2:	82 e0       	ldi	r24, 0x02	; 2

00000fa4 <.Loc.274>:
/home/bezdred/.arduino15/packages/MiniCore/hardware/avr/3.1.3/libraries/Wire/src/utility/twi.c:387
    twi_txBuffer[twi_txBufferLength+i] = data[i];
  }
  twi_txBufferLength += length;

  return 0;
}
     fa4:	08 95       	ret

00000fa6 <.L72>:
/home/bezdred/.arduino15/packages/MiniCore/hardware/avr/3.1.3/libraries/Wire/src/utility/twi.c:382
    twi_txBuffer[twi_txBufferLength+i] = data[i];
     fa6:	a0 91 00 02 	lds	r26, 0x0200	; 0x800200 <twi_txBufferLength>

00000faa <.Loc.277>:
     faa:	21 91       	ld	r18, Z+

00000fac <.Loc.278>:
     fac:	ac 01       	movw	r20, r24
     fae:	40 52       	subi	r20, 0x20	; 32
     fb0:	5e 4f       	sbci	r21, 0xFE	; 254
     fb2:	a4 0f       	add	r26, r20
     fb4:	b5 2f       	mov	r27, r21
     fb6:	b1 1d       	adc	r27, r1
     fb8:	2c 93       	st	X, r18

00000fba <.Loc.279>:
/home/bezdred/.arduino15/packages/MiniCore/hardware/avr/3.1.3/libraries/Wire/src/utility/twi.c:381 (discriminator 3)
  for(i = 0; i < length; ++i){
     fba:	01 96       	adiw	r24, 0x01	; 1

00000fbc <.L71>:
/home/bezdred/.arduino15/packages/MiniCore/hardware/avr/3.1.3/libraries/Wire/src/utility/twi.c:381 (discriminator 1)
     fbc:	86 17       	cp	r24, r22
     fbe:	98 f3       	brcs	.-26     	; 0xfa6 <.L72>

00000fc0 <.Loc.282>:
/home/bezdred/.arduino15/packages/MiniCore/hardware/avr/3.1.3/libraries/Wire/src/utility/twi.c:384
  twi_txBufferLength += length;
     fc0:	80 91 00 02 	lds	r24, 0x0200	; 0x800200 <twi_txBufferLength>

00000fc4 <.Loc.284>:
     fc4:	68 0f       	add	r22, r24

00000fc6 <.Loc.285>:
     fc6:	60 93 00 02 	sts	0x0200, r22	; 0x800200 <twi_txBufferLength>

00000fca <.Loc.286>:
     fca:	80 e0       	ldi	r24, 0x00	; 0
     fcc:	08 95       	ret

00000fce <.L73>:
/home/bezdred/.arduino15/packages/MiniCore/hardware/avr/3.1.3/libraries/Wire/src/utility/twi.c:372
    return 1;
     fce:	81 e0       	ldi	r24, 0x01	; 1

00000fd0 <.Loc.290>:
     fd0:	08 95       	ret

00000fd2 <twi_reply>:
twi_reply():
/home/bezdred/.arduino15/packages/MiniCore/hardware/avr/3.1.3/libraries/Wire/src/utility/twi.c:420
 * Output   none
 */
void twi_reply(uint8_t ack)
{
  // transmit master read ready signal, with or without ack
  if(ack){
     fd2:	81 15       	cp	r24, r1
     fd4:	21 f0       	breq	.+8      	; 0xfde <.L76>

00000fd6 <.Loc.294>:
/home/bezdred/.arduino15/packages/MiniCore/hardware/avr/3.1.3/libraries/Wire/src/utility/twi.c:421
    TWCR = _BV(TWEN) | _BV(TWIE) | _BV(TWINT) | _BV(TWEA);
     fd6:	85 ec       	ldi	r24, 0xC5	; 197

00000fd8 <.L78>:
/home/bezdred/.arduino15/packages/MiniCore/hardware/avr/3.1.3/libraries/Wire/src/utility/twi.c:423
  }else{
    TWCR = _BV(TWEN) | _BV(TWIE) | _BV(TWINT);
     fd8:	80 93 bc 00 	sts	0x00BC, r24	; 0x8000bc <main.cpp.0b68acdf+0x7e9949>

00000fdc <.Loc.297>:
/home/bezdred/.arduino15/packages/MiniCore/hardware/avr/3.1.3/libraries/Wire/src/utility/twi.c:425
  }
}
     fdc:	08 95       	ret

00000fde <.L76>:
/home/bezdred/.arduino15/packages/MiniCore/hardware/avr/3.1.3/libraries/Wire/src/utility/twi.c:423
    TWCR = _BV(TWEN) | _BV(TWIE) | _BV(TWINT);
     fde:	85 e8       	ldi	r24, 0x85	; 133

00000fe0 <.Loc.300>:
     fe0:	fb cf       	rjmp	.-10     	; 0xfd8 <.L78>

00000fe2 <twi_stop>:
twi_stop():
/home/bezdred/.arduino15/packages/MiniCore/hardware/avr/3.1.3/libraries/Wire/src/utility/twi.c:436
 * Output   none
 */
void twi_stop(void)
{
  // send stop condition
  TWCR = _BV(TWEN) | _BV(TWIE) | _BV(TWEA) | _BV(TWINT) | _BV(TWSTO);
     fe2:	85 ed       	ldi	r24, 0xD5	; 213
     fe4:	80 93 bc 00 	sts	0x00BC, r24	; 0x8000bc <main.cpp.0b68acdf+0x7e9949>

00000fe8 <.L80>:
/home/bezdred/.arduino15/packages/MiniCore/hardware/avr/3.1.3/libraries/Wire/src/utility/twi.c:456
          return;
        }
      }
    }
  #else
    while(TWCR & _BV(TWSTO)){
     fe8:	80 91 bc 00 	lds	r24, 0x00BC	; 0x8000bc <main.cpp.0b68acdf+0x7e9949>
     fec:	84 fd       	sbrc	r24, 4
     fee:	fc cf       	rjmp	.-8      	; 0xfe8 <.L80>

00000ff0 <.Loc.306>:
/home/bezdred/.arduino15/packages/MiniCore/hardware/avr/3.1.3/libraries/Wire/src/utility/twi.c:462
      continue;
    }
  #endif

  // update twi state
  twi_state = TWI_READY;
     ff0:	10 92 09 02 	sts	0x0209, r1	; 0x800209 <twi_state>

00000ff4 <.Loc.308>:
/home/bezdred/.arduino15/packages/MiniCore/hardware/avr/3.1.3/libraries/Wire/src/utility/twi.c:463
}
     ff4:	08 95       	ret

00000ff6 <twi_releaseBus>:
twi_releaseBus():
/home/bezdred/.arduino15/packages/MiniCore/hardware/avr/3.1.3/libraries/Wire/src/utility/twi.c:474
 * Output   none
 */
void twi_releaseBus(void)
{
  // release bus
  TWCR = _BV(TWEN) | _BV(TWIE) | _BV(TWEA) | _BV(TWINT);
     ff6:	85 ec       	ldi	r24, 0xC5	; 197
     ff8:	80 93 bc 00 	sts	0x00BC, r24	; 0x8000bc <main.cpp.0b68acdf+0x7e9949>

00000ffc <.Loc.312>:
/home/bezdred/.arduino15/packages/MiniCore/hardware/avr/3.1.3/libraries/Wire/src/utility/twi.c:477

  // update twi state
  twi_state = TWI_READY;
     ffc:	10 92 09 02 	sts	0x0209, r1	; 0x800209 <twi_state>

00001000 <.Loc.314>:
/home/bezdred/.arduino15/packages/MiniCore/hardware/avr/3.1.3/libraries/Wire/src/utility/twi.c:478
}
    1000:	08 95       	ret

00001002 <Print::flush()>:
Print::flush():
/home/bezdred/.arduino15/packages/MiniCore/hardware/avr/3.1.3/cores/MCUdude_corefiles/Print.h:65

    virtual void flush() { /* Empty implementation for backward compatibility */ }
    1002:	08 95       	ret

00001004 <Adafruit_GFX::writeLine(int, int, int, int, unsigned int)>:
Adafruit_GFX::writeLine(int, int, int, int, unsigned int):
/home/bezdred/Arduino/libraries/Adafruit_GFX_Library/Adafruit_GFX.cpp:133
    @param    y1  End point y coordinate
    @param    color 16-bit 5-6-5 Color to draw with
*/
/**************************************************************************/
void Adafruit_GFX::writeLine(int16_t x0, int16_t y0, int16_t x1, int16_t y1,
                             uint16_t color) {
    1004:	2f 92       	push	r2
    1006:	3f 92       	push	r3
    1008:	4f 92       	push	r4
    100a:	5f 92       	push	r5
    100c:	6f 92       	push	r6
    100e:	7f 92       	push	r7
    1010:	8f 92       	push	r8
    1012:	9f 92       	push	r9
    1014:	af 92       	push	r10
    1016:	bf 92       	push	r11
    1018:	cf 92       	push	r12
    101a:	df 92       	push	r13
    101c:	ef 92       	push	r14
    101e:	ff 92       	push	r15
    1020:	0f 93       	push	r16
    1022:	1f 93       	push	r17
    1024:	cf 93       	push	r28
    1026:	df 93       	push	r29
    1028:	00 d0       	rcall	.+0      	; 0x102a <L0^A>

0000102a <L0^A>:
    102a:	00 d0       	rcall	.+0      	; 0x102c <L0^A>

0000102c <L0^A>:
    102c:	00 d0       	rcall	.+0      	; 0x102e <L0^A>

0000102e <L0^A>:
    102e:	cd b7       	in	r28, 0x3d	; 61
    1030:	de b7       	in	r29, 0x3e	; 62
    1032:	1c 01       	movw	r2, r24
    1034:	cb 01       	movw	r24, r22

00001036 <.Loc.319>:
    1036:	5a 01       	movw	r10, r20
    1038:	2d 83       	std	Y+5, r18	; 0x05
    103a:	3e 83       	std	Y+6, r19	; 0x06
    103c:	68 01       	movw	r12, r16
    103e:	eb 82       	std	Y+3, r14	; 0x03
    1040:	fc 82       	std	Y+4, r15	; 0x04

00001042 <.LBB58>:
.Loc.320():
/usr/lib/avr/include/stdlib.h:127

#ifndef __DOXYGEN__
static __ATTR_ALWAYS_INLINE__
int abs (int __i)
{
    return __builtin_abs (__i);
    1042:	78 01       	movw	r14, r16

00001044 <.Loc.324>:
    1044:	e4 1a       	sub	r14, r20
    1046:	f5 0a       	sbc	r15, r21

00001048 <.Loc.325>:
    1048:	f7 fe       	sbrs	r15, 7
    104a:	03 c0       	rjmp	.+6      	; 0x1052 <.L85>
    104c:	7a 01       	movw	r14, r20

0000104e <.Loc.326>:
    104e:	e0 1a       	sub	r14, r16
    1050:	f1 0a       	sbc	r15, r17

00001052 <.L85>:
.Loc.327():
/usr/lib/avr/include/stdlib.h:127
    1052:	8d 80       	ldd	r8, Y+5	; 0x05
    1054:	9e 80       	ldd	r9, Y+6	; 0x06

00001056 <.LVL98>:
    1056:	88 1a       	sub	r8, r24
    1058:	99 0a       	sbc	r9, r25

0000105a <.Loc.332>:
    105a:	97 fe       	sbrs	r9, 7
    105c:	05 c0       	rjmp	.+10     	; 0x1068 <.L86>
    105e:	4c 01       	movw	r8, r24

00001060 <.Loc.333>:
    1060:	2d 81       	ldd	r18, Y+5	; 0x05
    1062:	3e 81       	ldd	r19, Y+6	; 0x06

00001064 <.Loc.334>:
    1064:	82 1a       	sub	r8, r18
    1066:	93 0a       	sbc	r9, r19

00001068 <.L86>:
Adafruit_GFX::writeLine(int, int, int, int, unsigned int):
/home/bezdred/Arduino/libraries/Adafruit_GFX_Library/Adafruit_GFX.cpp:138
#if defined(ESP8266)
  yield();
#endif
  int16_t steep = abs(y1 - y0) > abs(x1 - x0);
  if (steep) {
    1068:	8e 14       	cp	r8, r14
    106a:	9f 04       	cpc	r9, r15
    106c:	5c f0       	brlt	.+22     	; 0x1084 <.L87>
    106e:	3c 2d       	mov	r19, r12
    1070:	2d 2d       	mov	r18, r13
    1072:	cd 80       	ldd	r12, Y+5	; 0x05
    1074:	de 80       	ldd	r13, Y+6	; 0x06
    1076:	3d 83       	std	Y+5, r19	; 0x05
    1078:	2e 83       	std	Y+6, r18	; 0x06
    107a:	3a 2d       	mov	r19, r10
    107c:	2b 2d       	mov	r18, r11
    107e:	5c 01       	movw	r10, r24
    1080:	83 2f       	mov	r24, r19
    1082:	92 2f       	mov	r25, r18

00001084 <.L87>:
/home/bezdred/Arduino/libraries/Adafruit_GFX_Library/Adafruit_GFX.cpp:143
    _swap_int16_t(x0, y0);
    _swap_int16_t(x1, y1);
  }

  if (x0 > x1) {
    1084:	ca 14       	cp	r12, r10
    1086:	db 04       	cpc	r13, r11
    1088:	5c f0       	brlt	.+22     	; 0x10a0 <.L88>
    108a:	3d 81       	ldd	r19, Y+5	; 0x05
    108c:	2e 81       	ldd	r18, Y+6	; 0x06
    108e:	9e 83       	std	Y+6, r25	; 0x06
    1090:	8d 83       	std	Y+5, r24	; 0x05

00001092 <.Loc.339>:
    1092:	83 2f       	mov	r24, r19

00001094 <.Loc.340>:
    1094:	92 2f       	mov	r25, r18
    1096:	3c 2d       	mov	r19, r12
    1098:	2d 2d       	mov	r18, r13
    109a:	65 01       	movw	r12, r10

0000109c <.Loc.341>:
    109c:	a3 2e       	mov	r10, r19

0000109e <.Loc.342>:
    109e:	b2 2e       	mov	r11, r18

000010a0 <.L88>:
/home/bezdred/Arduino/libraries/Adafruit_GFX_Library/Adafruit_GFX.cpp:149
    _swap_int16_t(x0, x1);
    _swap_int16_t(y0, y1);
  }

  int16_t dx, dy;
  dx = x1 - x0;
    10a0:	35 01       	movw	r6, r10
    10a2:	6c 18       	sub	r6, r12
    10a4:	7d 08       	sbc	r7, r13

000010a6 <.LBB64>:
.Loc.347():
/usr/lib/avr/include/stdlib.h:127
    10a6:	2c 01       	movw	r4, r24
    10a8:	ad 81       	ldd	r26, Y+5	; 0x05
    10aa:	be 81       	ldd	r27, Y+6	; 0x06

000010ac <.LVL109>:
    10ac:	4a 1a       	sub	r4, r26
    10ae:	5b 0a       	sbc	r5, r27

000010b0 <.Loc.352>:
    10b0:	57 fe       	sbrs	r5, 7
    10b2:	03 c0       	rjmp	.+6      	; 0x10ba <.L89>
    10b4:	2d 01       	movw	r4, r26

000010b6 <.Loc.353>:
    10b6:	48 1a       	sub	r4, r24
    10b8:	59 0a       	sbc	r5, r25

000010ba <.L89>:
Adafruit_GFX::writeLine(int, int, int, int, unsigned int):
/home/bezdred/Arduino/libraries/Adafruit_GFX_Library/Adafruit_GFX.cpp:152
  dy = abs(y1 - y0);

  int16_t err = dx / 2;
    10ba:	83 01       	movw	r16, r6
    10bc:	77 fe       	sbrs	r7, 7
    10be:	02 c0       	rjmp	.+4      	; 0x10c4 <.L90>

000010c0 <.Loc.357>:
    10c0:	0f 5f       	subi	r16, 0xFF	; 255
    10c2:	1f 4f       	sbci	r17, 0xFF	; 255

000010c4 <.L90>:
    10c4:	15 95       	asr	r17
    10c6:	07 95       	ror	r16

000010c8 <.LVL113>:
/home/bezdred/Arduino/libraries/Adafruit_GFX_Library/Adafruit_GFX.cpp:155
  int16_t ystep;

  if (y0 < y1) {
    10c8:	2d 81       	ldd	r18, Y+5	; 0x05
    10ca:	3e 81       	ldd	r19, Y+6	; 0x06
    10cc:	28 17       	cp	r18, r24
    10ce:	39 07       	cpc	r19, r25
    10d0:	0c f4       	brge	.+2      	; 0x10d4 <.Loc.360>

000010d2 <L0^A>:
    10d2:	45 c0       	rjmp	.+138    	; 0x115e <.L91>

000010d4 <.Loc.360>:
/home/bezdred/Arduino/libraries/Adafruit_GFX_Library/Adafruit_GFX.cpp:158
    ystep = 1;
  } else {
    ystep = -1;
    10d4:	8f ef       	ldi	r24, 0xFF	; 255
    10d6:	9f ef       	ldi	r25, 0xFF	; 255

000010d8 <.Loc.361>:
    10d8:	9a 83       	std	Y+2, r25	; 0x02
    10da:	89 83       	std	Y+1, r24	; 0x01

000010dc <.L96>:
/home/bezdred/Arduino/libraries/Adafruit_GFX_Library/Adafruit_GFX.cpp:161 (discriminator 1)
  }

  for (; x0 <= x1; x0++) {
    10dc:	ac 14       	cp	r10, r12
    10de:	bd 04       	cpc	r11, r13
    10e0:	cc f4       	brge	.+50     	; 0x1114 <.L97>

000010e2 <.Loc.363>:
/home/bezdred/Arduino/libraries/Adafruit_GFX_Library/Adafruit_GFX.cpp:173
    if (err < 0) {
      y0 += ystep;
      err += dx;
    }
  }
}
    10e2:	0f 90       	pop	r0
    10e4:	0f 90       	pop	r0
    10e6:	0f 90       	pop	r0
    10e8:	0f 90       	pop	r0
    10ea:	0f 90       	pop	r0
    10ec:	0f 90       	pop	r0
    10ee:	df 91       	pop	r29
    10f0:	cf 91       	pop	r28
    10f2:	1f 91       	pop	r17
    10f4:	0f 91       	pop	r16

000010f6 <.Loc.364>:
    10f6:	ff 90       	pop	r15
    10f8:	ef 90       	pop	r14
    10fa:	df 90       	pop	r13
    10fc:	cf 90       	pop	r12

000010fe <.Loc.365>:
    10fe:	bf 90       	pop	r11
    1100:	af 90       	pop	r10

00001102 <.Loc.366>:
    1102:	9f 90       	pop	r9
    1104:	8f 90       	pop	r8
    1106:	7f 90       	pop	r7
    1108:	6f 90       	pop	r6

0000110a <.Loc.367>:
    110a:	5f 90       	pop	r5
    110c:	4f 90       	pop	r4
    110e:	3f 90       	pop	r3
    1110:	2f 90       	pop	r2

00001112 <.Loc.368>:
    1112:	08 95       	ret

00001114 <.L97>:
/home/bezdred/Arduino/libraries/Adafruit_GFX_Library/Adafruit_GFX.cpp:163
      writePixel(y0, x0, color);
    1114:	d1 01       	movw	r26, r2
    1116:	ed 91       	ld	r30, X+
    1118:	fc 91       	ld	r31, X
    111a:	04 84       	ldd	r0, Z+12	; 0x0c
    111c:	f5 85       	ldd	r31, Z+13	; 0x0d
    111e:	e0 2d       	mov	r30, r0
    1120:	2b 81       	ldd	r18, Y+3	; 0x03
    1122:	3c 81       	ldd	r19, Y+4	; 0x04
    1124:	a6 01       	movw	r20, r12
    1126:	6d 81       	ldd	r22, Y+5	; 0x05
    1128:	7e 81       	ldd	r23, Y+6	; 0x06

0000112a <.Loc.371>:
/home/bezdred/Arduino/libraries/Adafruit_GFX_Library/Adafruit_GFX.cpp:162
    if (steep) {
    112a:	8e 14       	cp	r8, r14
    112c:	9f 04       	cpc	r9, r15
    112e:	1c f0       	brlt	.+6      	; 0x1136 <.L98>

00001130 <.Loc.372>:
/home/bezdred/Arduino/libraries/Adafruit_GFX_Library/Adafruit_GFX.cpp:165
      writePixel(x0, y0, color);
    1130:	4d 81       	ldd	r20, Y+5	; 0x05
    1132:	5e 81       	ldd	r21, Y+6	; 0x06
    1134:	b6 01       	movw	r22, r12

00001136 <.L98>:
    1136:	c1 01       	movw	r24, r2
    1138:	09 95       	icall

0000113a <.LVL122>:
/home/bezdred/Arduino/libraries/Adafruit_GFX_Library/Adafruit_GFX.cpp:167
    err -= dy;
    113a:	04 19       	sub	r16, r4
    113c:	15 09       	sbc	r17, r5

0000113e <.Loc.376>:
/home/bezdred/Arduino/libraries/Adafruit_GFX_Library/Adafruit_GFX.cpp:168
    if (err < 0) {
    113e:	17 ff       	sbrs	r17, 7
    1140:	0a c0       	rjmp	.+20     	; 0x1156 <.L95>

00001142 <.Loc.377>:
/home/bezdred/Arduino/libraries/Adafruit_GFX_Library/Adafruit_GFX.cpp:169
      y0 += ystep;
    1142:	2d 81       	ldd	r18, Y+5	; 0x05
    1144:	3e 81       	ldd	r19, Y+6	; 0x06
    1146:	89 81       	ldd	r24, Y+1	; 0x01
    1148:	9a 81       	ldd	r25, Y+2	; 0x02
    114a:	28 0f       	add	r18, r24
    114c:	39 1f       	adc	r19, r25
    114e:	3e 83       	std	Y+6, r19	; 0x06
    1150:	2d 83       	std	Y+5, r18	; 0x05

00001152 <.Loc.379>:
/home/bezdred/Arduino/libraries/Adafruit_GFX_Library/Adafruit_GFX.cpp:170
      err += dx;
    1152:	06 0d       	add	r16, r6
    1154:	17 1d       	adc	r17, r7

00001156 <.L95>:
/home/bezdred/Arduino/libraries/Adafruit_GFX_Library/Adafruit_GFX.cpp:161
  for (; x0 <= x1; x0++) {
    1156:	9f ef       	ldi	r25, 0xFF	; 255
    1158:	c9 1a       	sub	r12, r25
    115a:	d9 0a       	sbc	r13, r25

0000115c <.Loc.382>:
    115c:	bf cf       	rjmp	.-130    	; 0x10dc <.L96>

0000115e <.L91>:
/home/bezdred/Arduino/libraries/Adafruit_GFX_Library/Adafruit_GFX.cpp:156
    ystep = 1;
    115e:	a1 e0       	ldi	r26, 0x01	; 1
    1160:	b0 e0       	ldi	r27, 0x00	; 0

00001162 <.Loc.384>:
    1162:	ba 83       	std	Y+2, r27	; 0x02
    1164:	a9 83       	std	Y+1, r26	; 0x01
    1166:	ba cf       	rjmp	.-140    	; 0x10dc <.L96>

00001168 <Adafruit_GFX::writePixel(int, int, unsigned int)>:
Adafruit_GFX::writePixel(int, int, unsigned int):
/home/bezdred/Arduino/libraries/Adafruit_GFX_Library/Adafruit_GFX.cpp:190
    @param   x   x coordinate
    @param   y   y coordinate
   @param    color 16-bit 5-6-5 Color to fill with
*/
/**************************************************************************/
void Adafruit_GFX::writePixel(int16_t x, int16_t y, uint16_t color) {
    1168:	dc 01       	movw	r26, r24

0000116a <.Loc.387>:
/home/bezdred/Arduino/libraries/Adafruit_GFX_Library/Adafruit_GFX.cpp:191
  drawPixel(x, y, color);
    116a:	ed 91       	ld	r30, X+
    116c:	fc 91       	ld	r31, X
    116e:	00 84       	ldd	r0, Z+8	; 0x08
    1170:	f1 85       	ldd	r31, Z+9	; 0x09
    1172:	e0 2d       	mov	r30, r0
    1174:	09 94       	ijmp

00001176 <Adafruit_GFX::writeFastVLine(int, int, int, unsigned int)>:
Adafruit_GFX::writeFastVLine(int, int, int, unsigned int):
/home/bezdred/Arduino/libraries/Adafruit_GFX_Library/Adafruit_GFX.cpp:205
    @param    h   Height in pixels
   @param    color 16-bit 5-6-5 Color to fill with
*/
/**************************************************************************/
void Adafruit_GFX::writeFastVLine(int16_t x, int16_t y, int16_t h,
                                  uint16_t color) {
    1176:	0f 93       	push	r16
    1178:	1f 93       	push	r17
    117a:	dc 01       	movw	r26, r24

0000117c <.Loc.392>:
/home/bezdred/Arduino/libraries/Adafruit_GFX_Library/Adafruit_GFX.cpp:209
  // Overwrite in subclasses if startWrite is defined!
  // Can be just writeLine(x, y, x, y+h-1, color);
  // or writeFillRect(x, y, 1, h, color);
  drawFastVLine(x, y, h, color);
    117c:	ed 91       	ld	r30, X+
    117e:	fc 91       	ld	r31, X
    1180:	04 8c       	ldd	r0, Z+28	; 0x1c
    1182:	f5 8d       	ldd	r31, Z+29	; 0x1d
    1184:	e0 2d       	mov	r30, r0
    1186:	09 95       	icall

00001188 <.LVL132>:
/home/bezdred/Arduino/libraries/Adafruit_GFX_Library/Adafruit_GFX.cpp:210
}
    1188:	1f 91       	pop	r17
    118a:	0f 91       	pop	r16

0000118c <.Loc.395>:
    118c:	08 95       	ret

0000118e <Adafruit_GFX::writeFastHLine(int, int, int, unsigned int)>:
Adafruit_GFX::writeFastHLine(int, int, int, unsigned int):
/home/bezdred/Arduino/libraries/Adafruit_GFX_Library/Adafruit_GFX.cpp:223
    @param    w   Width in pixels
   @param    color 16-bit 5-6-5 Color to fill with
*/
/**************************************************************************/
void Adafruit_GFX::writeFastHLine(int16_t x, int16_t y, int16_t w,
                                  uint16_t color) {
    118e:	0f 93       	push	r16
    1190:	1f 93       	push	r17
    1192:	dc 01       	movw	r26, r24

00001194 <.Loc.398>:
/home/bezdred/Arduino/libraries/Adafruit_GFX_Library/Adafruit_GFX.cpp:227
  // Overwrite in subclasses if startWrite is defined!
  // Example: writeLine(x, y, x+w-1, y, color);
  // or writeFillRect(x, y, w, 1, color);
  drawFastHLine(x, y, w, color);
    1194:	ed 91       	ld	r30, X+
    1196:	fc 91       	ld	r31, X
    1198:	06 8c       	ldd	r0, Z+30	; 0x1e
    119a:	f7 8d       	ldd	r31, Z+31	; 0x1f
    119c:	e0 2d       	mov	r30, r0
    119e:	09 95       	icall

000011a0 <.LVL135>:
/home/bezdred/Arduino/libraries/Adafruit_GFX_Library/Adafruit_GFX.cpp:228
}
    11a0:	1f 91       	pop	r17
    11a2:	0f 91       	pop	r16

000011a4 <.Loc.401>:
    11a4:	08 95       	ret

000011a6 <Adafruit_GFX::writeFillRect(int, int, int, int, unsigned int)>:
Adafruit_GFX::writeFillRect(int, int, int, int, unsigned int):
/home/bezdred/Arduino/libraries/Adafruit_GFX_Library/Adafruit_GFX.cpp:242
    @param    h   Height in pixels
   @param    color 16-bit 5-6-5 Color to fill with
*/
/**************************************************************************/
void Adafruit_GFX::writeFillRect(int16_t x, int16_t y, int16_t w, int16_t h,
                                 uint16_t color) {
    11a6:	ef 92       	push	r14
    11a8:	ff 92       	push	r15
    11aa:	0f 93       	push	r16
    11ac:	1f 93       	push	r17
    11ae:	dc 01       	movw	r26, r24

000011b0 <.Loc.404>:
/home/bezdred/Arduino/libraries/Adafruit_GFX_Library/Adafruit_GFX.cpp:244
  // Overwrite in subclasses if desired!
  fillRect(x, y, w, h, color);
    11b0:	ed 91       	ld	r30, X+
    11b2:	fc 91       	ld	r31, X
    11b4:	00 a0       	ldd	r0, Z+32	; 0x20
    11b6:	f1 a1       	ldd	r31, Z+33	; 0x21
    11b8:	e0 2d       	mov	r30, r0
    11ba:	09 95       	icall

000011bc <.LVL138>:
/home/bezdred/Arduino/libraries/Adafruit_GFX_Library/Adafruit_GFX.cpp:245
}
    11bc:	1f 91       	pop	r17
    11be:	0f 91       	pop	r16

000011c0 <.Loc.407>:
    11c0:	ff 90       	pop	r15
    11c2:	ef 90       	pop	r14

000011c4 <.Loc.408>:
    11c4:	08 95       	ret

000011c6 <Adafruit_GFX::drawFastVLine(int, int, int, unsigned int)>:
Adafruit_GFX::drawFastVLine(int, int, int, unsigned int):
/home/bezdred/Arduino/libraries/Adafruit_GFX_Library/Adafruit_GFX.cpp:266
    @param    h   Height in pixels
   @param    color 16-bit 5-6-5 Color to fill with
*/
/**************************************************************************/
void Adafruit_GFX::drawFastVLine(int16_t x, int16_t y, int16_t h,
                                 uint16_t color) {
    11c6:	8f 92       	push	r8
    11c8:	9f 92       	push	r9
    11ca:	af 92       	push	r10
    11cc:	bf 92       	push	r11
    11ce:	cf 92       	push	r12
    11d0:	df 92       	push	r13
    11d2:	ef 92       	push	r14
    11d4:	ff 92       	push	r15
    11d6:	0f 93       	push	r16
    11d8:	1f 93       	push	r17
    11da:	cf 93       	push	r28
    11dc:	df 93       	push	r29
    11de:	ec 01       	movw	r28, r24
    11e0:	4b 01       	movw	r8, r22
    11e2:	5a 01       	movw	r10, r20
    11e4:	69 01       	movw	r12, r18
    11e6:	78 01       	movw	r14, r16

000011e8 <.Loc.411>:
/home/bezdred/Arduino/libraries/Adafruit_GFX_Library/Adafruit_GFX.cpp:267
  startWrite();
    11e8:	e8 81       	ld	r30, Y
    11ea:	f9 81       	ldd	r31, Y+1	; 0x01
    11ec:	02 84       	ldd	r0, Z+10	; 0x0a
    11ee:	f3 85       	ldd	r31, Z+11	; 0x0b
    11f0:	e0 2d       	mov	r30, r0
    11f2:	09 95       	icall

000011f4 <.LVL142>:
/home/bezdred/Arduino/libraries/Adafruit_GFX_Library/Adafruit_GFX.cpp:268
  writeLine(x, y, x, y + h - 1, color);
    11f4:	ca 0c       	add	r12, r10
    11f6:	db 1c       	adc	r13, r11

000011f8 <.Loc.415>:
    11f8:	86 01       	movw	r16, r12

000011fa <.Loc.416>:
    11fa:	01 50       	subi	r16, 0x01	; 1
    11fc:	11 09       	sbc	r17, r1
    11fe:	e8 81       	ld	r30, Y
    1200:	f9 81       	ldd	r31, Y+1	; 0x01
    1202:	04 88       	ldd	r0, Z+20	; 0x14
    1204:	f5 89       	ldd	r31, Z+21	; 0x15
    1206:	e0 2d       	mov	r30, r0
    1208:	94 01       	movw	r18, r8
    120a:	a5 01       	movw	r20, r10
    120c:	b4 01       	movw	r22, r8
    120e:	ce 01       	movw	r24, r28
    1210:	09 95       	icall

00001212 <.LVL145>:
/home/bezdred/Arduino/libraries/Adafruit_GFX_Library/Adafruit_GFX.cpp:269
  endWrite();
    1212:	e8 81       	ld	r30, Y
    1214:	f9 81       	ldd	r31, Y+1	; 0x01
    1216:	06 88       	ldd	r0, Z+22	; 0x16
    1218:	f7 89       	ldd	r31, Z+23	; 0x17
    121a:	e0 2d       	mov	r30, r0
    121c:	ce 01       	movw	r24, r28

0000121e <.Loc.419>:
/home/bezdred/Arduino/libraries/Adafruit_GFX_Library/Adafruit_GFX.cpp:270
}
    121e:	df 91       	pop	r29
    1220:	cf 91       	pop	r28

00001222 <.Loc.420>:
    1222:	1f 91       	pop	r17
    1224:	0f 91       	pop	r16
    1226:	ff 90       	pop	r15
    1228:	ef 90       	pop	r14

0000122a <.Loc.421>:
    122a:	df 90       	pop	r13
    122c:	cf 90       	pop	r12
    122e:	bf 90       	pop	r11
    1230:	af 90       	pop	r10

00001232 <.Loc.422>:
    1232:	9f 90       	pop	r9
    1234:	8f 90       	pop	r8

00001236 <.Loc.423>:
/home/bezdred/Arduino/libraries/Adafruit_GFX_Library/Adafruit_GFX.cpp:269
  endWrite();
    1236:	09 94       	ijmp

00001238 <Adafruit_GFX::drawFastHLine(int, int, int, unsigned int)>:
Adafruit_GFX::drawFastHLine(int, int, int, unsigned int):
/home/bezdred/Arduino/libraries/Adafruit_GFX_Library/Adafruit_GFX.cpp:283
    @param    w   Width in pixels
   @param    color 16-bit 5-6-5 Color to fill with
*/
/**************************************************************************/
void Adafruit_GFX::drawFastHLine(int16_t x, int16_t y, int16_t w,
                                 uint16_t color) {
    1238:	8f 92       	push	r8
    123a:	9f 92       	push	r9
    123c:	af 92       	push	r10
    123e:	bf 92       	push	r11
    1240:	cf 92       	push	r12
    1242:	df 92       	push	r13
    1244:	ef 92       	push	r14
    1246:	ff 92       	push	r15
    1248:	0f 93       	push	r16
    124a:	1f 93       	push	r17
    124c:	cf 93       	push	r28
    124e:	df 93       	push	r29
    1250:	ec 01       	movw	r28, r24
    1252:	5b 01       	movw	r10, r22
    1254:	4a 01       	movw	r8, r20
    1256:	69 01       	movw	r12, r18
    1258:	78 01       	movw	r14, r16

0000125a <.Loc.427>:
/home/bezdred/Arduino/libraries/Adafruit_GFX_Library/Adafruit_GFX.cpp:284
  startWrite();
    125a:	e8 81       	ld	r30, Y
    125c:	f9 81       	ldd	r31, Y+1	; 0x01
    125e:	02 84       	ldd	r0, Z+10	; 0x0a
    1260:	f3 85       	ldd	r31, Z+11	; 0x0b
    1262:	e0 2d       	mov	r30, r0
    1264:	09 95       	icall

00001266 <.LVL152>:
/home/bezdred/Arduino/libraries/Adafruit_GFX_Library/Adafruit_GFX.cpp:285
  writeLine(x, y, x + w - 1, y, color);
    1266:	ca 0c       	add	r12, r10
    1268:	db 1c       	adc	r13, r11

0000126a <.Loc.431>:
    126a:	96 01       	movw	r18, r12
    126c:	21 50       	subi	r18, 0x01	; 1
    126e:	31 09       	sbc	r19, r1
    1270:	e8 81       	ld	r30, Y
    1272:	f9 81       	ldd	r31, Y+1	; 0x01
    1274:	04 88       	ldd	r0, Z+20	; 0x14
    1276:	f5 89       	ldd	r31, Z+21	; 0x15
    1278:	e0 2d       	mov	r30, r0
    127a:	84 01       	movw	r16, r8

0000127c <.Loc.432>:
    127c:	a4 01       	movw	r20, r8
    127e:	b5 01       	movw	r22, r10
    1280:	ce 01       	movw	r24, r28
    1282:	09 95       	icall

00001284 <.LVL155>:
/home/bezdred/Arduino/libraries/Adafruit_GFX_Library/Adafruit_GFX.cpp:286
  endWrite();
    1284:	e8 81       	ld	r30, Y
    1286:	f9 81       	ldd	r31, Y+1	; 0x01
    1288:	06 88       	ldd	r0, Z+22	; 0x16
    128a:	f7 89       	ldd	r31, Z+23	; 0x17
    128c:	e0 2d       	mov	r30, r0
    128e:	ce 01       	movw	r24, r28

00001290 <.Loc.435>:
/home/bezdred/Arduino/libraries/Adafruit_GFX_Library/Adafruit_GFX.cpp:287
}
    1290:	df 91       	pop	r29
    1292:	cf 91       	pop	r28

00001294 <.Loc.436>:
    1294:	1f 91       	pop	r17
    1296:	0f 91       	pop	r16
    1298:	ff 90       	pop	r15
    129a:	ef 90       	pop	r14

0000129c <.Loc.437>:
    129c:	df 90       	pop	r13
    129e:	cf 90       	pop	r12
    12a0:	bf 90       	pop	r11
    12a2:	af 90       	pop	r10

000012a4 <.Loc.438>:
    12a4:	9f 90       	pop	r9
    12a6:	8f 90       	pop	r8

000012a8 <.Loc.439>:
/home/bezdred/Arduino/libraries/Adafruit_GFX_Library/Adafruit_GFX.cpp:286
  endWrite();
    12a8:	09 94       	ijmp

000012aa <Adafruit_GFX::fillRect(int, int, int, int, unsigned int)>:
Adafruit_GFX::fillRect(int, int, int, int, unsigned int):
/home/bezdred/Arduino/libraries/Adafruit_GFX_Library/Adafruit_GFX.cpp:301
    @param    h   Height in pixels
   @param    color 16-bit 5-6-5 Color to fill with
*/
/**************************************************************************/
void Adafruit_GFX::fillRect(int16_t x, int16_t y, int16_t w, int16_t h,
                            uint16_t color) {
    12aa:	4f 92       	push	r4
    12ac:	5f 92       	push	r5
    12ae:	6f 92       	push	r6
    12b0:	7f 92       	push	r7
    12b2:	8f 92       	push	r8
    12b4:	9f 92       	push	r9
    12b6:	af 92       	push	r10
    12b8:	bf 92       	push	r11
    12ba:	cf 92       	push	r12
    12bc:	df 92       	push	r13
    12be:	ef 92       	push	r14
    12c0:	ff 92       	push	r15
    12c2:	0f 93       	push	r16
    12c4:	1f 93       	push	r17
    12c6:	cf 93       	push	r28
    12c8:	df 93       	push	r29
    12ca:	ec 01       	movw	r28, r24
    12cc:	2b 01       	movw	r4, r22
    12ce:	94 2e       	mov	r9, r20
    12d0:	85 2e       	mov	r8, r21
    12d2:	59 01       	movw	r10, r18
    12d4:	70 2e       	mov	r7, r16
    12d6:	61 2e       	mov	r6, r17

000012d8 <.Loc.443>:
/home/bezdred/Arduino/libraries/Adafruit_GFX_Library/Adafruit_GFX.cpp:302
  startWrite();
    12d8:	e8 81       	ld	r30, Y
    12da:	f9 81       	ldd	r31, Y+1	; 0x01
    12dc:	02 84       	ldd	r0, Z+10	; 0x0a
    12de:	f3 85       	ldd	r31, Z+11	; 0x0b
    12e0:	e0 2d       	mov	r30, r0
    12e2:	09 95       	icall

000012e4 <.LBB66>:
/home/bezdred/Arduino/libraries/Adafruit_GFX_Library/Adafruit_GFX.cpp:303
  for (int16_t i = x; i < x + w; i++) {
    12e4:	62 01       	movw	r12, r4

000012e6 <.Loc.447>:
/home/bezdred/Arduino/libraries/Adafruit_GFX_Library/Adafruit_GFX.cpp:303 (discriminator 1)
    12e6:	a4 0c       	add	r10, r4
    12e8:	b5 1c       	adc	r11, r5

000012ea <.L106>:
/home/bezdred/Arduino/libraries/Adafruit_GFX_Library/Adafruit_GFX.cpp:304
    writeFastVLine(i, y, h, color);
    12ea:	e8 81       	ld	r30, Y
    12ec:	f9 81       	ldd	r31, Y+1	; 0x01

000012ee <.Loc.450>:
/home/bezdred/Arduino/libraries/Adafruit_GFX_Library/Adafruit_GFX.cpp:303 (discriminator 1)
  for (int16_t i = x; i < x + w; i++) {
    12ee:	ca 14       	cp	r12, r10
    12f0:	db 04       	cpc	r13, r11
    12f2:	ac f0       	brlt	.+42     	; 0x131e <.L107>

000012f4 <.Loc.451>:
/home/bezdred/Arduino/libraries/Adafruit_GFX_Library/Adafruit_GFX.cpp:306
  }
  endWrite();
    12f4:	06 88       	ldd	r0, Z+22	; 0x16
    12f6:	f7 89       	ldd	r31, Z+23	; 0x17
    12f8:	e0 2d       	mov	r30, r0
    12fa:	ce 01       	movw	r24, r28

000012fc <.Loc.453>:
/home/bezdred/Arduino/libraries/Adafruit_GFX_Library/Adafruit_GFX.cpp:307
}
    12fc:	df 91       	pop	r29
    12fe:	cf 91       	pop	r28

00001300 <.Loc.454>:
    1300:	1f 91       	pop	r17
    1302:	0f 91       	pop	r16
    1304:	ff 90       	pop	r15
    1306:	ef 90       	pop	r14

00001308 <.Loc.455>:
    1308:	df 90       	pop	r13
    130a:	cf 90       	pop	r12

0000130c <.Loc.456>:
    130c:	bf 90       	pop	r11
    130e:	af 90       	pop	r10
    1310:	9f 90       	pop	r9
    1312:	8f 90       	pop	r8
    1314:	7f 90       	pop	r7
    1316:	6f 90       	pop	r6
    1318:	5f 90       	pop	r5
    131a:	4f 90       	pop	r4

0000131c <.Loc.457>:
/home/bezdred/Arduino/libraries/Adafruit_GFX_Library/Adafruit_GFX.cpp:306
  endWrite();
    131c:	09 94       	ijmp

0000131e <.L107>:
/home/bezdred/Arduino/libraries/Adafruit_GFX_Library/Adafruit_GFX.cpp:304
    writeFastVLine(i, y, h, color);
    131e:	00 88       	ldd	r0, Z+16	; 0x10
    1320:	f1 89       	ldd	r31, Z+17	; 0x11
    1322:	e0 2d       	mov	r30, r0
    1324:	87 01       	movw	r16, r14
    1326:	27 2d       	mov	r18, r7
    1328:	36 2d       	mov	r19, r6
    132a:	49 2d       	mov	r20, r9
    132c:	58 2d       	mov	r21, r8
    132e:	b6 01       	movw	r22, r12
    1330:	ce 01       	movw	r24, r28
    1332:	09 95       	icall

00001334 <.LVL169>:
/home/bezdred/Arduino/libraries/Adafruit_GFX_Library/Adafruit_GFX.cpp:303 (discriminator 3)
  for (int16_t i = x; i < x + w; i++) {
    1334:	8f ef       	ldi	r24, 0xFF	; 255
    1336:	c8 1a       	sub	r12, r24
    1338:	d8 0a       	sbc	r13, r24

0000133a <.Loc.461>:
    133a:	d7 cf       	rjmp	.-82     	; 0x12ea <.L106>

0000133c <Adafruit_GFX::fillScreen(unsigned int)>:
Adafruit_GFX::fillScreen(unsigned int):
/home/bezdred/Arduino/libraries/Adafruit_GFX_Library/Adafruit_GFX.cpp:316
   @brief    Fill the screen completely with one color. Update in subclasses if
   desired!
    @param    color 16-bit 5-6-5 Color to fill with
*/
/**************************************************************************/
void Adafruit_GFX::fillScreen(uint16_t color) {
    133c:	ef 92       	push	r14
    133e:	ff 92       	push	r15
    1340:	0f 93       	push	r16
    1342:	1f 93       	push	r17
    1344:	dc 01       	movw	r26, r24
    1346:	7b 01       	movw	r14, r22

00001348 <.Loc.464>:
/home/bezdred/Arduino/libraries/Adafruit_GFX_Library/Adafruit_GFX.cpp:317
  fillRect(0, 0, _width, _height, color);
    1348:	1a 96       	adiw	r26, 0x0a	; 10
    134a:	0d 91       	ld	r16, X+
    134c:	1c 91       	ld	r17, X
    134e:	1b 97       	sbiw	r26, 0x0b	; 11
    1350:	18 96       	adiw	r26, 0x08	; 8
    1352:	2d 91       	ld	r18, X+
    1354:	3c 91       	ld	r19, X
    1356:	19 97       	sbiw	r26, 0x09	; 9
    1358:	ed 91       	ld	r30, X+
    135a:	fc 91       	ld	r31, X
    135c:	00 a0       	ldd	r0, Z+32	; 0x20
    135e:	f1 a1       	ldd	r31, Z+33	; 0x21
    1360:	e0 2d       	mov	r30, r0
    1362:	40 e0       	ldi	r20, 0x00	; 0
    1364:	50 e0       	ldi	r21, 0x00	; 0
    1366:	60 e0       	ldi	r22, 0x00	; 0
    1368:	70 e0       	ldi	r23, 0x00	; 0

0000136a <.Loc.466>:
    136a:	09 95       	icall

0000136c <.LVL173>:
/home/bezdred/Arduino/libraries/Adafruit_GFX_Library/Adafruit_GFX.cpp:318
}
    136c:	1f 91       	pop	r17
    136e:	0f 91       	pop	r16
    1370:	ff 90       	pop	r15
    1372:	ef 90       	pop	r14

00001374 <.Loc.468>:
    1374:	08 95       	ret

00001376 <Adafruit_GFX::drawLine(int, int, int, int, unsigned int)>:
Adafruit_GFX::drawLine(int, int, int, int, unsigned int):
/home/bezdred/Arduino/libraries/Adafruit_GFX_Library/Adafruit_GFX.cpp:331
    @param    y1  End point y coordinate
    @param    color 16-bit 5-6-5 Color to draw with
*/
/**************************************************************************/
void Adafruit_GFX::drawLine(int16_t x0, int16_t y0, int16_t x1, int16_t y1,
                            uint16_t color) {
    1376:	6f 92       	push	r6
    1378:	7f 92       	push	r7
    137a:	8f 92       	push	r8
    137c:	9f 92       	push	r9
    137e:	af 92       	push	r10
    1380:	bf 92       	push	r11
    1382:	cf 92       	push	r12
    1384:	df 92       	push	r13
    1386:	ef 92       	push	r14
    1388:	ff 92       	push	r15
    138a:	0f 93       	push	r16
    138c:	1f 93       	push	r17
    138e:	cf 93       	push	r28
    1390:	df 93       	push	r29
    1392:	5c 01       	movw	r10, r24
    1394:	eb 01       	movw	r28, r22
    1396:	6a 01       	movw	r12, r20
    1398:	49 01       	movw	r8, r18
    139a:	38 01       	movw	r6, r16
    139c:	87 01       	movw	r16, r14

0000139e <.Loc.471>:
/home/bezdred/Arduino/libraries/Adafruit_GFX_Library/Adafruit_GFX.cpp:336
  // Update in subclasses if desired!
  if (x0 == x1) {
    if (y0 > y1)
      _swap_int16_t(y0, y1);
    drawFastVLine(x0, y0, y1 - y0 + 1, color);
    139e:	dc 01       	movw	r26, r24
    13a0:	ed 91       	ld	r30, X+
    13a2:	fc 91       	ld	r31, X

000013a4 <.Loc.473>:
/home/bezdred/Arduino/libraries/Adafruit_GFX_Library/Adafruit_GFX.cpp:333
  if (x0 == x1) {
    13a4:	62 17       	cp	r22, r18
    13a6:	73 07       	cpc	r23, r19
    13a8:	19 f5       	brne	.+70     	; 0x13f0 <.L110>

000013aa <.Loc.474>:
/home/bezdred/Arduino/libraries/Adafruit_GFX_Library/Adafruit_GFX.cpp:334
    if (y0 > y1)
    13aa:	64 16       	cp	r6, r20
    13ac:	75 06       	cpc	r7, r21
    13ae:	2c f0       	brlt	.+10     	; 0x13ba <.L111>
    13b0:	96 2d       	mov	r25, r6
    13b2:	87 2d       	mov	r24, r7

000013b4 <.Loc.475>:
    13b4:	3a 01       	movw	r6, r20

000013b6 <.Loc.476>:
    13b6:	c9 2e       	mov	r12, r25
    13b8:	d8 2e       	mov	r13, r24

000013ba <.L111>:
/home/bezdred/Arduino/libraries/Adafruit_GFX_Library/Adafruit_GFX.cpp:336
    drawFastVLine(x0, y0, y1 - y0 + 1, color);
    13ba:	c6 18       	sub	r12, r6
    13bc:	d7 08       	sbc	r13, r7

000013be <.Loc.481>:
    13be:	96 01       	movw	r18, r12

000013c0 <.Loc.482>:
    13c0:	2f 5f       	subi	r18, 0xFF	; 255
    13c2:	3f 4f       	sbci	r19, 0xFF	; 255
    13c4:	04 8c       	ldd	r0, Z+28	; 0x1c
    13c6:	f5 8d       	ldd	r31, Z+29	; 0x1d
    13c8:	e0 2d       	mov	r30, r0
    13ca:	a3 01       	movw	r20, r6
    13cc:	be 01       	movw	r22, r28

000013ce <.L115>:
/home/bezdred/Arduino/libraries/Adafruit_GFX_Library/Adafruit_GFX.cpp:340
  } else if (y0 == y1) {
    if (x0 > x1)
      _swap_int16_t(x0, x1);
    drawFastHLine(x0, y0, x1 - x0 + 1, color);
    13ce:	c5 01       	movw	r24, r10
    13d0:	09 95       	icall

000013d2 <.LVL183>:
/home/bezdred/Arduino/libraries/Adafruit_GFX_Library/Adafruit_GFX.cpp:346
  } else {
    startWrite();
    writeLine(x0, y0, x1, y1, color);
    endWrite();
  }
}
    13d2:	df 91       	pop	r29
    13d4:	cf 91       	pop	r28
    13d6:	1f 91       	pop	r17
    13d8:	0f 91       	pop	r16
    13da:	ff 90       	pop	r15
    13dc:	ef 90       	pop	r14

000013de <.Loc.487>:
    13de:	df 90       	pop	r13
    13e0:	cf 90       	pop	r12
    13e2:	bf 90       	pop	r11
    13e4:	af 90       	pop	r10

000013e6 <.Loc.488>:
    13e6:	9f 90       	pop	r9
    13e8:	8f 90       	pop	r8
    13ea:	7f 90       	pop	r7
    13ec:	6f 90       	pop	r6
    13ee:	08 95       	ret

000013f0 <.L110>:
/home/bezdred/Arduino/libraries/Adafruit_GFX_Library/Adafruit_GFX.cpp:337
  } else if (y0 == y1) {
    13f0:	46 15       	cp	r20, r6
    13f2:	57 05       	cpc	r21, r7
    13f4:	91 f4       	brne	.+36     	; 0x141a <.L113>

000013f6 <.Loc.491>:
/home/bezdred/Arduino/libraries/Adafruit_GFX_Library/Adafruit_GFX.cpp:338
    if (x0 > x1)
    13f6:	26 17       	cp	r18, r22
    13f8:	37 07       	cpc	r19, r23
    13fa:	24 f0       	brlt	.+8      	; 0x1404 <.L114>
    13fc:	89 2d       	mov	r24, r9
    13fe:	4b 01       	movw	r8, r22

00001400 <.Loc.492>:
    1400:	c2 2f       	mov	r28, r18
    1402:	d8 2f       	mov	r29, r24

00001404 <.L114>:
/home/bezdred/Arduino/libraries/Adafruit_GFX_Library/Adafruit_GFX.cpp:340
    drawFastHLine(x0, y0, x1 - x0 + 1, color);
    1404:	c8 19       	sub	r28, r8
    1406:	d9 09       	sbc	r29, r9

00001408 <.Loc.497>:
    1408:	9e 01       	movw	r18, r28

0000140a <.Loc.498>:
    140a:	2f 5f       	subi	r18, 0xFF	; 255
    140c:	3f 4f       	sbci	r19, 0xFF	; 255
    140e:	06 8c       	ldd	r0, Z+30	; 0x1e
    1410:	f7 8d       	ldd	r31, Z+31	; 0x1f
    1412:	e0 2d       	mov	r30, r0
    1414:	a6 01       	movw	r20, r12
    1416:	b4 01       	movw	r22, r8

00001418 <.Loc.499>:
    1418:	da cf       	rjmp	.-76     	; 0x13ce <.L115>

0000141a <.L113>:
/home/bezdred/Arduino/libraries/Adafruit_GFX_Library/Adafruit_GFX.cpp:342
    startWrite();
    141a:	02 84       	ldd	r0, Z+10	; 0x0a
    141c:	f3 85       	ldd	r31, Z+11	; 0x0b
    141e:	e0 2d       	mov	r30, r0
    1420:	09 95       	icall

00001422 <.Loc.503>:
/home/bezdred/Arduino/libraries/Adafruit_GFX_Library/Adafruit_GFX.cpp:343
    writeLine(x0, y0, x1, y1, color);
    1422:	d5 01       	movw	r26, r10
    1424:	ed 91       	ld	r30, X+
    1426:	fc 91       	ld	r31, X
    1428:	04 88       	ldd	r0, Z+20	; 0x14
    142a:	f5 89       	ldd	r31, Z+21	; 0x15
    142c:	e0 2d       	mov	r30, r0
    142e:	83 01       	movw	r16, r6
    1430:	94 01       	movw	r18, r8
    1432:	a6 01       	movw	r20, r12
    1434:	be 01       	movw	r22, r28
    1436:	c5 01       	movw	r24, r10
    1438:	09 95       	icall

0000143a <.LVL194>:
/home/bezdred/Arduino/libraries/Adafruit_GFX_Library/Adafruit_GFX.cpp:344
    endWrite();
    143a:	d5 01       	movw	r26, r10
    143c:	ed 91       	ld	r30, X+
    143e:	fc 91       	ld	r31, X
    1440:	06 88       	ldd	r0, Z+22	; 0x16
    1442:	f7 89       	ldd	r31, Z+23	; 0x17
    1444:	e0 2d       	mov	r30, r0
    1446:	c5 01       	movw	r24, r10

00001448 <.Loc.507>:
/home/bezdred/Arduino/libraries/Adafruit_GFX_Library/Adafruit_GFX.cpp:346
}
    1448:	df 91       	pop	r29
    144a:	cf 91       	pop	r28

0000144c <.Loc.508>:
    144c:	1f 91       	pop	r17

0000144e <.Loc.509>:
    144e:	0f 91       	pop	r16
    1450:	ff 90       	pop	r15
    1452:	ef 90       	pop	r14

00001454 <.Loc.510>:
    1454:	df 90       	pop	r13
    1456:	cf 90       	pop	r12

00001458 <.Loc.511>:
    1458:	bf 90       	pop	r11
    145a:	af 90       	pop	r10

0000145c <.Loc.512>:
    145c:	9f 90       	pop	r9
    145e:	8f 90       	pop	r8

00001460 <.Loc.513>:
    1460:	7f 90       	pop	r7
    1462:	6f 90       	pop	r6

00001464 <.Loc.514>:
/home/bezdred/Arduino/libraries/Adafruit_GFX_Library/Adafruit_GFX.cpp:344
    endWrite();
    1464:	09 94       	ijmp

00001466 <Adafruit_GFX::drawRect(int, int, int, int, unsigned int)>:
Adafruit_GFX::drawRect(int, int, int, int, unsigned int):
/home/bezdred/Arduino/libraries/Adafruit_GFX_Library/Adafruit_GFX.cpp:640
    @param    h   Height in pixels
    @param    color 16-bit 5-6-5 Color to draw with
*/
/**************************************************************************/
void Adafruit_GFX::drawRect(int16_t x, int16_t y, int16_t w, int16_t h,
                            uint16_t color) {
    1466:	6f 92       	push	r6
    1468:	7f 92       	push	r7
    146a:	8f 92       	push	r8
    146c:	9f 92       	push	r9
    146e:	af 92       	push	r10
    1470:	bf 92       	push	r11
    1472:	cf 92       	push	r12
    1474:	df 92       	push	r13
    1476:	ef 92       	push	r14
    1478:	ff 92       	push	r15
    147a:	0f 93       	push	r16
    147c:	1f 93       	push	r17
    147e:	cf 93       	push	r28
    1480:	df 93       	push	r29
    1482:	ec 01       	movw	r28, r24
    1484:	6b 01       	movw	r12, r22
    1486:	5a 01       	movw	r10, r20
    1488:	39 01       	movw	r6, r18
    148a:	48 01       	movw	r8, r16

0000148c <.Loc.518>:
/home/bezdred/Arduino/libraries/Adafruit_GFX_Library/Adafruit_GFX.cpp:641
  startWrite();
    148c:	e8 81       	ld	r30, Y
    148e:	f9 81       	ldd	r31, Y+1	; 0x01
    1490:	02 84       	ldd	r0, Z+10	; 0x0a
    1492:	f3 85       	ldd	r31, Z+11	; 0x0b
    1494:	e0 2d       	mov	r30, r0
    1496:	09 95       	icall

00001498 <.LVL204>:
/home/bezdred/Arduino/libraries/Adafruit_GFX_Library/Adafruit_GFX.cpp:642
  writeFastHLine(x, y, w, color);
    1498:	e8 81       	ld	r30, Y
    149a:	f9 81       	ldd	r31, Y+1	; 0x01
    149c:	02 88       	ldd	r0, Z+18	; 0x12
    149e:	f3 89       	ldd	r31, Z+19	; 0x13
    14a0:	e0 2d       	mov	r30, r0
    14a2:	87 01       	movw	r16, r14

000014a4 <.Loc.522>:
    14a4:	93 01       	movw	r18, r6
    14a6:	a5 01       	movw	r20, r10
    14a8:	b6 01       	movw	r22, r12
    14aa:	ce 01       	movw	r24, r28
    14ac:	09 95       	icall

000014ae <.LVL206>:
/home/bezdred/Arduino/libraries/Adafruit_GFX_Library/Adafruit_GFX.cpp:643
  writeFastHLine(x, y + h - 1, w, color);
    14ae:	a5 01       	movw	r20, r10
    14b0:	48 0d       	add	r20, r8
    14b2:	59 1d       	adc	r21, r9

000014b4 <.Loc.525>:
    14b4:	41 50       	subi	r20, 0x01	; 1
    14b6:	51 09       	sbc	r21, r1
    14b8:	e8 81       	ld	r30, Y
    14ba:	f9 81       	ldd	r31, Y+1	; 0x01
    14bc:	02 88       	ldd	r0, Z+18	; 0x12
    14be:	f3 89       	ldd	r31, Z+19	; 0x13
    14c0:	e0 2d       	mov	r30, r0
    14c2:	93 01       	movw	r18, r6
    14c4:	b6 01       	movw	r22, r12
    14c6:	ce 01       	movw	r24, r28
    14c8:	09 95       	icall

000014ca <.LVL207>:
/home/bezdred/Arduino/libraries/Adafruit_GFX_Library/Adafruit_GFX.cpp:644
  writeFastVLine(x, y, h, color);
    14ca:	e8 81       	ld	r30, Y
    14cc:	f9 81       	ldd	r31, Y+1	; 0x01
    14ce:	00 88       	ldd	r0, Z+16	; 0x10
    14d0:	f1 89       	ldd	r31, Z+17	; 0x11
    14d2:	e0 2d       	mov	r30, r0
    14d4:	94 01       	movw	r18, r8
    14d6:	a5 01       	movw	r20, r10
    14d8:	b6 01       	movw	r22, r12
    14da:	ce 01       	movw	r24, r28
    14dc:	09 95       	icall

000014de <.LVL208>:
/home/bezdred/Arduino/libraries/Adafruit_GFX_Library/Adafruit_GFX.cpp:645
  writeFastVLine(x + w - 1, y, h, color);
    14de:	c6 0c       	add	r12, r6
    14e0:	d7 1c       	adc	r13, r7

000014e2 <.Loc.530>:
    14e2:	b6 01       	movw	r22, r12
    14e4:	61 50       	subi	r22, 0x01	; 1
    14e6:	71 09       	sbc	r23, r1
    14e8:	e8 81       	ld	r30, Y
    14ea:	f9 81       	ldd	r31, Y+1	; 0x01
    14ec:	00 88       	ldd	r0, Z+16	; 0x10
    14ee:	f1 89       	ldd	r31, Z+17	; 0x11
    14f0:	e0 2d       	mov	r30, r0
    14f2:	94 01       	movw	r18, r8
    14f4:	a5 01       	movw	r20, r10
    14f6:	ce 01       	movw	r24, r28
    14f8:	09 95       	icall

000014fa <.LVL210>:
/home/bezdred/Arduino/libraries/Adafruit_GFX_Library/Adafruit_GFX.cpp:646
  endWrite();
    14fa:	e8 81       	ld	r30, Y
    14fc:	f9 81       	ldd	r31, Y+1	; 0x01
    14fe:	06 88       	ldd	r0, Z+22	; 0x16
    1500:	f7 89       	ldd	r31, Z+23	; 0x17
    1502:	e0 2d       	mov	r30, r0
    1504:	ce 01       	movw	r24, r28

00001506 <.Loc.533>:
/home/bezdred/Arduino/libraries/Adafruit_GFX_Library/Adafruit_GFX.cpp:647
}
    1506:	df 91       	pop	r29
    1508:	cf 91       	pop	r28

0000150a <.Loc.534>:
    150a:	1f 91       	pop	r17
    150c:	0f 91       	pop	r16
    150e:	ff 90       	pop	r15
    1510:	ef 90       	pop	r14

00001512 <.Loc.535>:
    1512:	df 90       	pop	r13
    1514:	cf 90       	pop	r12
    1516:	bf 90       	pop	r11
    1518:	af 90       	pop	r10

0000151a <.Loc.536>:
    151a:	9f 90       	pop	r9
    151c:	8f 90       	pop	r8

0000151e <.Loc.537>:
    151e:	7f 90       	pop	r7
    1520:	6f 90       	pop	r6

00001522 <.Loc.538>:
/home/bezdred/Arduino/libraries/Adafruit_GFX_Library/Adafruit_GFX.cpp:646
  endWrite();
    1522:	09 94       	ijmp

00001524 <Adafruit_GFX::drawChar(int, int, unsigned char, unsigned int, unsigned int, unsigned char, unsigned char)>:
Adafruit_GFX::drawChar(int, int, unsigned char, unsigned int, unsigned int, unsigned char, unsigned char):
/home/bezdred/Arduino/libraries/Adafruit_GFX_Library/Adafruit_GFX.cpp:1393
    @param    size_y  Font magnification level in Y-axis, 1 is 'original' size
*/
/**************************************************************************/
void Adafruit_GFX::drawChar(int16_t x, int16_t y, unsigned char c,
                            uint16_t color, uint16_t bg, uint8_t size_x,
                            uint8_t size_y) {
    1524:	2f 92       	push	r2
    1526:	3f 92       	push	r3
    1528:	4f 92       	push	r4
    152a:	5f 92       	push	r5
    152c:	6f 92       	push	r6
    152e:	7f 92       	push	r7
    1530:	8f 92       	push	r8
    1532:	9f 92       	push	r9
    1534:	af 92       	push	r10
    1536:	bf 92       	push	r11
    1538:	cf 92       	push	r12
    153a:	df 92       	push	r13
    153c:	ef 92       	push	r14
    153e:	ff 92       	push	r15
    1540:	0f 93       	push	r16
    1542:	1f 93       	push	r17
    1544:	cf 93       	push	r28
    1546:	df 93       	push	r29
    1548:	cd b7       	in	r28, 0x3d	; 61
    154a:	de b7       	in	r29, 0x3e	; 62
    154c:	6b 97       	sbiw	r28, 0x1b	; 27
    154e:	0f b6       	in	r0, 0x3f	; 63
    1550:	f8 94       	cli
    1552:	de bf       	out	0x3e, r29	; 62
    1554:	0f be       	out	0x3f, r0	; 63
    1556:	cd bf       	out	0x3d, r28	; 61
    1558:	8a 8f       	std	Y+26, r24	; 0x1a
    155a:	9b 8f       	std	Y+27, r25	; 0x1b
    155c:	1b 01       	movw	r2, r22
    155e:	4a 01       	movw	r8, r20
    1560:	d2 2e       	mov	r13, r18
    1562:	0a 83       	std	Y+2, r16	; 0x02
    1564:	1b 83       	std	Y+3, r17	; 0x03
    1566:	37 01       	movw	r6, r14
    1568:	a9 82       	std	Y+1, r10	; 0x01

0000156a <.Loc.542>:
/home/bezdred/Arduino/libraries/Adafruit_GFX_Library/Adafruit_GFX.cpp:1395

  if (!gfxFont) { // 'Classic' built-in font
    156a:	aa 8d       	ldd	r26, Y+26	; 0x1a
    156c:	bb 8d       	ldd	r27, Y+27	; 0x1b
    156e:	59 96       	adiw	r26, 0x19	; 25
    1570:	2d 91       	ld	r18, X+
    1572:	3c 91       	ld	r19, X
    1574:	5a 97       	sbiw	r26, 0x1a	; 26

00001576 <.Loc.544>:
    1576:	21 15       	cp	r18, r1
    1578:	31 05       	cpc	r19, r1
    157a:	09 f0       	breq	.+2      	; 0x157e <.Loc.545>

0000157c <L0^A>:
    157c:	1c c1       	rjmp	.+568    	; 0x17b6 <.L118>

0000157e <.Loc.545>:
/home/bezdred/Arduino/libraries/Adafruit_GFX_Library/Adafruit_GFX.cpp:1397

    if ((x >= _width) ||              // Clip right
    157e:	18 96       	adiw	r26, 0x08	; 8
    1580:	8d 91       	ld	r24, X+
    1582:	9c 91       	ld	r25, X
    1584:	19 97       	sbiw	r26, 0x09	; 9

00001586 <.Loc.546>:
    1586:	68 17       	cp	r22, r24
    1588:	79 07       	cpc	r23, r25
    158a:	0c f0       	brlt	.+2      	; 0x158e <.Loc.547>

0000158c <L0^A>:
    158c:	d2 c1       	rjmp	.+932    	; 0x1932 <.L117>

0000158e <.Loc.547>:
/home/bezdred/Arduino/libraries/Adafruit_GFX_Library/Adafruit_GFX.cpp:1397 (discriminator 1)
    158e:	1a 96       	adiw	r26, 0x0a	; 10
    1590:	8d 91       	ld	r24, X+
    1592:	9c 91       	ld	r25, X
    1594:	48 17       	cp	r20, r24
    1596:	59 07       	cpc	r21, r25
    1598:	0c f0       	brlt	.+2      	; 0x159c <.Loc.548>

0000159a <L0^A>:
    159a:	cb c1       	rjmp	.+918    	; 0x1932 <.L117>

0000159c <.Loc.548>:
/home/bezdred/Arduino/libraries/Adafruit_GFX_Library/Adafruit_GFX.cpp:1399
        (y >= _height) ||             // Clip bottom
        ((x + 6 * size_x - 1) < 0) || // Clip left
    159c:	ec 2d       	mov	r30, r12
    159e:	f0 e0       	ldi	r31, 0x00	; 0
    15a0:	fd 83       	std	Y+5, r31	; 0x05
    15a2:	ec 83       	std	Y+4, r30	; 0x04

000015a4 <.Loc.549>:
    15a4:	9b 01       	movw	r18, r22
    15a6:	46 e0       	ldi	r20, 0x06	; 6

000015a8 <.Loc.550>:
    15a8:	c4 9e       	mul	r12, r20
    15aa:	20 0d       	add	r18, r0
    15ac:	31 1d       	adc	r19, r1
    15ae:	11 24       	eor	r1, r1
    15b0:	3d 87       	std	Y+13, r19	; 0x0d
    15b2:	2c 87       	std	Y+12, r18	; 0x0c

000015b4 <.Loc.551>:
/home/bezdred/Arduino/libraries/Adafruit_GFX_Library/Adafruit_GFX.cpp:1398
        (y >= _height) ||             // Clip bottom
    15b4:	12 16       	cp	r1, r18
    15b6:	13 06       	cpc	r1, r19
    15b8:	0c f0       	brlt	.+2      	; 0x15bc <.Loc.552>

000015ba <L0^A>:
    15ba:	bb c1       	rjmp	.+886    	; 0x1932 <.L117>

000015bc <.Loc.552>:
/home/bezdred/Arduino/libraries/Adafruit_GFX_Library/Adafruit_GFX.cpp:1400
        ((y + 8 * size_y - 1) < 0))   // Clip top
    15bc:	8a 2d       	mov	r24, r10
    15be:	90 e0       	ldi	r25, 0x00	; 0
    15c0:	9f 87       	std	Y+15, r25	; 0x0f
    15c2:	8e 87       	std	Y+14, r24	; 0x0e

000015c4 <.Loc.553>:
    15c4:	e8 e0       	ldi	r30, 0x08	; 8
    15c6:	ae 9e       	mul	r10, r30
    15c8:	d0 01       	movw	r26, r0
    15ca:	11 24       	eor	r1, r1
    15cc:	b9 8b       	std	Y+17, r27	; 0x11
    15ce:	a8 8b       	std	Y+16, r26	; 0x10

000015d0 <.Loc.554>:
    15d0:	cd 01       	movw	r24, r26
    15d2:	88 0d       	add	r24, r8
    15d4:	99 1d       	adc	r25, r9

000015d6 <.Loc.555>:
/home/bezdred/Arduino/libraries/Adafruit_GFX_Library/Adafruit_GFX.cpp:1399
        ((x + 6 * size_x - 1) < 0) || // Clip left
    15d6:	18 16       	cp	r1, r24
    15d8:	19 06       	cpc	r1, r25
    15da:	0c f0       	brlt	.+2      	; 0x15de <.Loc.556>

000015dc <L0^A>:
    15dc:	aa c1       	rjmp	.+852    	; 0x1932 <.L117>

000015de <.Loc.556>:
/home/bezdred/Arduino/libraries/Adafruit_GFX_Library/Adafruit_GFX.cpp:1403
      return;

    if (!_cp437 && (c >= 176))
    15de:	ea 8d       	ldd	r30, Y+26	; 0x1a
    15e0:	fb 8d       	ldd	r31, Y+27	; 0x1b
    15e2:	80 8d       	ldd	r24, Z+24	; 0x18
    15e4:	81 11       	cpse	r24, r1
    15e6:	04 c0       	rjmp	.+8      	; 0x15f0 <.L120>

000015e8 <.Loc.557>:
/home/bezdred/Arduino/libraries/Adafruit_GFX_Library/Adafruit_GFX.cpp:1403 (discriminator 1)
    15e8:	f0 eb       	ldi	r31, 0xB0	; 176
    15ea:	df 16       	cp	r13, r31
    15ec:	08 f0       	brcs	.+2      	; 0x15f0 <.L120>

000015ee <.Loc.558>:
/home/bezdred/Arduino/libraries/Adafruit_GFX_Library/Adafruit_GFX.cpp:1404
      c++; // Handle 'classic' charset behavior
    15ee:	d3 94       	inc	r13

000015f0 <.L120>:
/home/bezdred/Arduino/libraries/Adafruit_GFX_Library/Adafruit_GFX.cpp:1406

    startWrite();
    15f0:	aa 8d       	ldd	r26, Y+26	; 0x1a
    15f2:	bb 8d       	ldd	r27, Y+27	; 0x1b
    15f4:	ed 91       	ld	r30, X+
    15f6:	fc 91       	ld	r31, X
    15f8:	11 97       	sbiw	r26, 0x01	; 1
    15fa:	02 84       	ldd	r0, Z+10	; 0x0a
    15fc:	f3 85       	ldd	r31, Z+11	; 0x0b
    15fe:	e0 2d       	mov	r30, r0
    1600:	cd 01       	movw	r24, r26
    1602:	09 95       	icall

00001604 <.LBB97>:
/home/bezdred/Arduino/libraries/Adafruit_GFX_Library/Adafruit_GFX.cpp:1408
    for (int8_t i = 0; i < 5; i++) { // Char bitmap = 5 columns
      uint8_t line = pgm_read_byte(&font[c * 5 + i]);
    1604:	b5 e0       	ldi	r27, 0x05	; 5
    1606:	db 9e       	mul	r13, r27
    1608:	c0 01       	movw	r24, r0
    160a:	11 24       	eor	r1, r1
    160c:	fc 01       	movw	r30, r24
    160e:	ed 51       	subi	r30, 0x1D	; 29
    1610:	f9 4f       	sbci	r31, 0xF9	; 249
    1612:	fb 87       	std	Y+11, r31	; 0x0b
    1614:	ea 87       	std	Y+10, r30	; 0x0a
    1616:	51 01       	movw	r10, r2

00001618 <.Loc.565>:
    1618:	2c 2d       	mov	r18, r12
    161a:	30 e0       	ldi	r19, 0x00	; 0
    161c:	3b 8b       	std	Y+19, r19	; 0x13
    161e:	2a 8b       	std	Y+18, r18	; 0x12
    1620:	c1 01       	movw	r24, r2
    1622:	05 96       	adiw	r24, 0x05	; 5
    1624:	99 8f       	std	Y+25, r25	; 0x19
    1626:	88 8f       	std	Y+24, r24	; 0x18
    1628:	3f 82       	std	Y+7, r3	; 0x07
    162a:	2e 82       	std	Y+6, r2	; 0x06
    162c:	b9 81       	ldd	r27, Y+1	; 0x01
    162e:	ab 2f       	mov	r26, r27
    1630:	b0 e0       	ldi	r27, 0x00	; 0
    1632:	bf 8b       	std	Y+23, r27	; 0x17
    1634:	ae 8b       	std	Y+22, r26	; 0x16
    1636:	f4 01       	movw	r30, r8
    1638:	38 96       	adiw	r30, 0x08	; 8
    163a:	fd 8b       	std	Y+21, r31	; 0x15
    163c:	ec 8b       	std	Y+20, r30	; 0x14

0000163e <.L126>:
    163e:	ea 85       	ldd	r30, Y+10	; 0x0a
    1640:	fb 85       	ldd	r31, Y+11	; 0x0b
    1642:	d4 90       	lpm	r13, Z

00001644 <.LBB101>:
/home/bezdred/Arduino/libraries/Adafruit_GFX_Library/Adafruit_GFX.cpp:1409 (discriminator 1)
      for (int8_t j = 0; j < 8; j++, line >>= 1) {
    1644:	24 01       	movw	r4, r8

00001646 <.Loc.575>:
/home/bezdred/Arduino/libraries/Adafruit_GFX_Library/Adafruit_GFX.cpp:1408
      uint8_t line = pgm_read_byte(&font[c * 5 + i]);
    1646:	99 86       	std	Y+9, r9	; 0x09
    1648:	88 86       	std	Y+8, r8	; 0x08

0000164a <.L125>:
/home/bezdred/Arduino/libraries/Adafruit_GFX_Library/Adafruit_GFX.cpp:1412
        if (line & 1) {
          if (size_x == 1 && size_y == 1)
            writePixel(x + i, y + j, color);
    164a:	aa 8d       	ldd	r26, Y+26	; 0x1a
    164c:	bb 8d       	ldd	r27, Y+27	; 0x1b
    164e:	ed 91       	ld	r30, X+
    1650:	fc 91       	ld	r31, X

00001652 <.Loc.579>:
/home/bezdred/Arduino/libraries/Adafruit_GFX_Library/Adafruit_GFX.cpp:1410
        if (line & 1) {
    1652:	d0 fe       	sbrs	r13, 0
    1654:	88 c0       	rjmp	.+272    	; 0x1766 <.L121>

00001656 <.Loc.580>:
/home/bezdred/Arduino/libraries/Adafruit_GFX_Library/Adafruit_GFX.cpp:1411
          if (size_x == 1 && size_y == 1)
    1656:	b1 e0       	ldi	r27, 0x01	; 1
    1658:	cb 12       	cpse	r12, r27
    165a:	74 c0       	rjmp	.+232    	; 0x1744 <.L122>

0000165c <.Loc.581>:
/home/bezdred/Arduino/libraries/Adafruit_GFX_Library/Adafruit_GFX.cpp:1411 (discriminator 1)
    165c:	29 81       	ldd	r18, Y+1	; 0x01
    165e:	21 30       	cpi	r18, 0x01	; 1
    1660:	09 f0       	breq	.+2      	; 0x1664 <.Loc.582>

00001662 <L0^A>:
    1662:	70 c0       	rjmp	.+224    	; 0x1744 <.L122>

00001664 <.Loc.582>:
/home/bezdred/Arduino/libraries/Adafruit_GFX_Library/Adafruit_GFX.cpp:1412
            writePixel(x + i, y + j, color);
    1664:	04 84       	ldd	r0, Z+12	; 0x0c
    1666:	f5 85       	ldd	r31, Z+13	; 0x0d
    1668:	e0 2d       	mov	r30, r0
    166a:	2a 81       	ldd	r18, Y+2	; 0x02
    166c:	3b 81       	ldd	r19, Y+3	; 0x03

0000166e <.L140>:
/home/bezdred/Arduino/libraries/Adafruit_GFX_Library/Adafruit_GFX.cpp:1418
          else
            writeFillRect(x + i * size_x, y + j * size_y, size_x, size_y,
                          color);
        } else if (bg != color) {
          if (size_x == 1 && size_y == 1)
            writePixel(x + i, y + j, bg);
    166e:	a2 01       	movw	r20, r4
    1670:	b5 01       	movw	r22, r10
    1672:	8a 8d       	ldd	r24, Y+26	; 0x1a
    1674:	9b 8d       	ldd	r25, Y+27	; 0x1b
    1676:	09 95       	icall

00001678 <.L123>:
/home/bezdred/Arduino/libraries/Adafruit_GFX_Library/Adafruit_GFX.cpp:1409 (discriminator 2)
      for (int8_t j = 0; j < 8; j++, line >>= 1) {
    1678:	d6 94       	lsr	r13

0000167a <.Loc.587>:
/home/bezdred/Arduino/libraries/Adafruit_GFX_Library/Adafruit_GFX.cpp:1409 (discriminator 1)
    167a:	bf ef       	ldi	r27, 0xFF	; 255
    167c:	4b 1a       	sub	r4, r27
    167e:	5b 0a       	sbc	r5, r27

00001680 <.Loc.588>:
    1680:	e8 85       	ldd	r30, Y+8	; 0x08
    1682:	f9 85       	ldd	r31, Y+9	; 0x09
    1684:	2e 89       	ldd	r18, Y+22	; 0x16
    1686:	3f 89       	ldd	r19, Y+23	; 0x17
    1688:	e2 0f       	add	r30, r18
    168a:	f3 1f       	adc	r31, r19
    168c:	f9 87       	std	Y+9, r31	; 0x09
    168e:	e8 87       	std	Y+8, r30	; 0x08
    1690:	8c 89       	ldd	r24, Y+20	; 0x14
    1692:	9d 89       	ldd	r25, Y+21	; 0x15
    1694:	84 15       	cp	r24, r4
    1696:	95 05       	cpc	r25, r5
    1698:	c1 f6       	brne	.-80     	; 0x164a <.L125>

0000169a <.Loc.589>:
/home/bezdred/Arduino/libraries/Adafruit_GFX_Library/Adafruit_GFX.cpp:1407 (discriminator 1)
    for (int8_t i = 0; i < 5; i++) { // Char bitmap = 5 columns
    169a:	aa 85       	ldd	r26, Y+10	; 0x0a
    169c:	bb 85       	ldd	r27, Y+11	; 0x0b
    169e:	11 96       	adiw	r26, 0x01	; 1
    16a0:	bb 87       	std	Y+11, r27	; 0x0b
    16a2:	aa 87       	std	Y+10, r26	; 0x0a

000016a4 <.Loc.591>:
    16a4:	bf ef       	ldi	r27, 0xFF	; 255
    16a6:	ab 1a       	sub	r10, r27
    16a8:	bb 0a       	sbc	r11, r27
    16aa:	ee 81       	ldd	r30, Y+6	; 0x06
    16ac:	ff 81       	ldd	r31, Y+7	; 0x07
    16ae:	2a 89       	ldd	r18, Y+18	; 0x12
    16b0:	3b 89       	ldd	r19, Y+19	; 0x13
    16b2:	e2 0f       	add	r30, r18
    16b4:	f3 1f       	adc	r31, r19
    16b6:	ff 83       	std	Y+7, r31	; 0x07
    16b8:	ee 83       	std	Y+6, r30	; 0x06
    16ba:	88 8d       	ldd	r24, Y+24	; 0x18
    16bc:	99 8d       	ldd	r25, Y+25	; 0x19
    16be:	a8 16       	cp	r10, r24
    16c0:	b9 06       	cpc	r11, r25
    16c2:	09 f0       	breq	.+2      	; 0x16c6 <.Loc.592>

000016c4 <L0^A>:
    16c4:	bc cf       	rjmp	.-136    	; 0x163e <.L126>

000016c6 <.Loc.592>:
/home/bezdred/Arduino/libraries/Adafruit_GFX_Library/Adafruit_GFX.cpp:1424
          else
            writeFillRect(x + i * size_x, y + j * size_y, size_x, size_y, bg);
        }
      }
    }
    if (bg != color) { // If opaque, draw vertical line for last column
    16c6:	aa 81       	ldd	r26, Y+2	; 0x02
    16c8:	bb 81       	ldd	r27, Y+3	; 0x03
    16ca:	a6 15       	cp	r26, r6
    16cc:	b7 05       	cpc	r27, r7
    16ce:	c1 f0       	breq	.+48     	; 0x1700 <.L135>

000016d0 <.Loc.593>:
/home/bezdred/Arduino/libraries/Adafruit_GFX_Library/Adafruit_GFX.cpp:1426
      if (size_x == 1 && size_y == 1)
        writeFastVLine(x + 5, y, 8, bg);
    16d0:	aa 8d       	ldd	r26, Y+26	; 0x1a
    16d2:	bb 8d       	ldd	r27, Y+27	; 0x1b
    16d4:	ed 91       	ld	r30, X+
    16d6:	fc 91       	ld	r31, X

000016d8 <.Loc.594>:
/home/bezdred/Arduino/libraries/Adafruit_GFX_Library/Adafruit_GFX.cpp:1425
      if (size_x == 1 && size_y == 1)
    16d8:	b1 e0       	ldi	r27, 0x01	; 1
    16da:	cb 12       	cpse	r12, r27
    16dc:	5a c0       	rjmp	.+180    	; 0x1792 <.L128>

000016de <.Loc.595>:
/home/bezdred/Arduino/libraries/Adafruit_GFX_Library/Adafruit_GFX.cpp:1425 (discriminator 1)
    16de:	29 81       	ldd	r18, Y+1	; 0x01
    16e0:	21 30       	cpi	r18, 0x01	; 1
    16e2:	09 f0       	breq	.+2      	; 0x16e6 <.Loc.596>

000016e4 <L0^A>:
    16e4:	56 c0       	rjmp	.+172    	; 0x1792 <.L128>

000016e6 <.Loc.596>:
/home/bezdred/Arduino/libraries/Adafruit_GFX_Library/Adafruit_GFX.cpp:1426
        writeFastVLine(x + 5, y, 8, bg);
    16e6:	b1 01       	movw	r22, r2
    16e8:	6b 5f       	subi	r22, 0xFB	; 251
    16ea:	7f 4f       	sbci	r23, 0xFF	; 255
    16ec:	00 88       	ldd	r0, Z+16	; 0x10
    16ee:	f1 89       	ldd	r31, Z+17	; 0x11
    16f0:	e0 2d       	mov	r30, r0
    16f2:	83 01       	movw	r16, r6
    16f4:	28 e0       	ldi	r18, 0x08	; 8
    16f6:	30 e0       	ldi	r19, 0x00	; 0
    16f8:	a4 01       	movw	r20, r8
    16fa:	8a 8d       	ldd	r24, Y+26	; 0x1a
    16fc:	9b 8d       	ldd	r25, Y+27	; 0x1b
    16fe:	09 95       	icall

00001700 <.L135>:
/home/bezdred/Arduino/libraries/Adafruit_GFX_Library/Adafruit_GFX.cpp:1489
          }
        }
        bits <<= 1;
      }
    }
    endWrite();
    1700:	aa 8d       	ldd	r26, Y+26	; 0x1a
    1702:	bb 8d       	ldd	r27, Y+27	; 0x1b
    1704:	ed 91       	ld	r30, X+
    1706:	fc 91       	ld	r31, X
    1708:	11 97       	sbiw	r26, 0x01	; 1
    170a:	06 88       	ldd	r0, Z+22	; 0x16
    170c:	f7 89       	ldd	r31, Z+23	; 0x17
    170e:	e0 2d       	mov	r30, r0
    1710:	cd 01       	movw	r24, r26

00001712 <.Loc.601>:
/home/bezdred/Arduino/libraries/Adafruit_GFX_Library/Adafruit_GFX.cpp:1492

  } // End classic vs custom font
}
    1712:	6b 96       	adiw	r28, 0x1b	; 27
    1714:	0f b6       	in	r0, 0x3f	; 63
    1716:	f8 94       	cli
    1718:	de bf       	out	0x3e, r29	; 62
    171a:	0f be       	out	0x3f, r0	; 63
    171c:	cd bf       	out	0x3d, r28	; 61
    171e:	df 91       	pop	r29
    1720:	cf 91       	pop	r28
    1722:	1f 91       	pop	r17
    1724:	0f 91       	pop	r16
    1726:	ff 90       	pop	r15
    1728:	ef 90       	pop	r14
    172a:	df 90       	pop	r13
    172c:	cf 90       	pop	r12

0000172e <.Loc.602>:
    172e:	bf 90       	pop	r11
    1730:	af 90       	pop	r10
    1732:	9f 90       	pop	r9
    1734:	8f 90       	pop	r8

00001736 <.Loc.603>:
    1736:	7f 90       	pop	r7
    1738:	6f 90       	pop	r6
    173a:	5f 90       	pop	r5
    173c:	4f 90       	pop	r4
    173e:	3f 90       	pop	r3
    1740:	2f 90       	pop	r2

00001742 <.Loc.604>:
/home/bezdred/Arduino/libraries/Adafruit_GFX_Library/Adafruit_GFX.cpp:1489
    endWrite();
    1742:	09 94       	ijmp

00001744 <.L122>:
/home/bezdred/Arduino/libraries/Adafruit_GFX_Library/Adafruit_GFX.cpp:1414
            writeFillRect(x + i * size_x, y + j * size_y, size_x, size_y,
    1744:	06 84       	ldd	r0, Z+14	; 0x0e
    1746:	f7 85       	ldd	r31, Z+15	; 0x0f
    1748:	e0 2d       	mov	r30, r0
    174a:	ea 80       	ldd	r14, Y+2	; 0x02
    174c:	fb 80       	ldd	r15, Y+3	; 0x03

0000174e <.L141>:
/home/bezdred/Arduino/libraries/Adafruit_GFX_Library/Adafruit_GFX.cpp:1420
            writeFillRect(x + i * size_x, y + j * size_y, size_x, size_y, bg);
    174e:	0e 85       	ldd	r16, Y+14	; 0x0e
    1750:	1f 85       	ldd	r17, Y+15	; 0x0f
    1752:	2c 81       	ldd	r18, Y+4	; 0x04
    1754:	3d 81       	ldd	r19, Y+5	; 0x05
    1756:	48 85       	ldd	r20, Y+8	; 0x08
    1758:	59 85       	ldd	r21, Y+9	; 0x09
    175a:	6e 81       	ldd	r22, Y+6	; 0x06
    175c:	7f 81       	ldd	r23, Y+7	; 0x07
    175e:	8a 8d       	ldd	r24, Y+26	; 0x1a
    1760:	9b 8d       	ldd	r25, Y+27	; 0x1b
    1762:	09 95       	icall

00001764 <.LVL236>:
    1764:	89 cf       	rjmp	.-238    	; 0x1678 <.L123>

00001766 <.L121>:
/home/bezdred/Arduino/libraries/Adafruit_GFX_Library/Adafruit_GFX.cpp:1416
        } else if (bg != color) {
    1766:	8a 81       	ldd	r24, Y+2	; 0x02
    1768:	9b 81       	ldd	r25, Y+3	; 0x03
    176a:	86 15       	cp	r24, r6
    176c:	97 05       	cpc	r25, r7
    176e:	09 f4       	brne	.+2      	; 0x1772 <.Loc.610>

00001770 <L0^A>:
    1770:	83 cf       	rjmp	.-250    	; 0x1678 <.L123>

00001772 <.Loc.610>:
/home/bezdred/Arduino/libraries/Adafruit_GFX_Library/Adafruit_GFX.cpp:1417
          if (size_x == 1 && size_y == 1)
    1772:	91 e0       	ldi	r25, 0x01	; 1
    1774:	c9 12       	cpse	r12, r25
    1776:	08 c0       	rjmp	.+16     	; 0x1788 <.L124>

00001778 <.Loc.611>:
/home/bezdred/Arduino/libraries/Adafruit_GFX_Library/Adafruit_GFX.cpp:1417 (discriminator 1)
    1778:	a9 81       	ldd	r26, Y+1	; 0x01
    177a:	a1 30       	cpi	r26, 0x01	; 1
    177c:	29 f4       	brne	.+10     	; 0x1788 <.L124>

0000177e <.Loc.612>:
/home/bezdred/Arduino/libraries/Adafruit_GFX_Library/Adafruit_GFX.cpp:1418
            writePixel(x + i, y + j, bg);
    177e:	04 84       	ldd	r0, Z+12	; 0x0c
    1780:	f5 85       	ldd	r31, Z+13	; 0x0d
    1782:	e0 2d       	mov	r30, r0
    1784:	93 01       	movw	r18, r6
    1786:	73 cf       	rjmp	.-282    	; 0x166e <.L140>

00001788 <.L124>:
/home/bezdred/Arduino/libraries/Adafruit_GFX_Library/Adafruit_GFX.cpp:1420
            writeFillRect(x + i * size_x, y + j * size_y, size_x, size_y, bg);
    1788:	06 84       	ldd	r0, Z+14	; 0x0e
    178a:	f7 85       	ldd	r31, Z+15	; 0x0f
    178c:	e0 2d       	mov	r30, r0
    178e:	73 01       	movw	r14, r6
    1790:	de cf       	rjmp	.-68     	; 0x174e <.L141>

00001792 <.L128>:
/home/bezdred/Arduino/libraries/Adafruit_GFX_Library/Adafruit_GFX.cpp:1428
        writeFillRect(x + 5 * size_x, y, size_x, 8 * size_y, bg);
    1792:	6c 85       	ldd	r22, Y+12	; 0x0c
    1794:	7d 85       	ldd	r23, Y+13	; 0x0d
    1796:	8c 81       	ldd	r24, Y+4	; 0x04
    1798:	9d 81       	ldd	r25, Y+5	; 0x05
    179a:	68 1b       	sub	r22, r24
    179c:	79 0b       	sbc	r23, r25
    179e:	06 84       	ldd	r0, Z+14	; 0x0e
    17a0:	f7 85       	ldd	r31, Z+15	; 0x0f
    17a2:	e0 2d       	mov	r30, r0
    17a4:	73 01       	movw	r14, r6
    17a6:	08 89       	ldd	r16, Y+16	; 0x10
    17a8:	19 89       	ldd	r17, Y+17	; 0x11
    17aa:	9c 01       	movw	r18, r24
    17ac:	a4 01       	movw	r20, r8
    17ae:	8a 8d       	ldd	r24, Y+26	; 0x1a
    17b0:	9b 8d       	ldd	r25, Y+27	; 0x1b
    17b2:	09 95       	icall

000017b4 <.LVL238>:
/home/bezdred/Arduino/libraries/Adafruit_GFX_Library/Adafruit_GFX.cpp:1430
    endWrite();
    17b4:	a5 cf       	rjmp	.-182    	; 0x1700 <.L135>

000017b6 <.L118>:
/home/bezdred/Arduino/libraries/Adafruit_GFX_Library/Adafruit_GFX.cpp:1438
    c -= (uint8_t)pgm_read_byte(&gfxFont->first);
    17b6:	f9 01       	movw	r30, r18
    17b8:	34 96       	adiw	r30, 0x04	; 4

000017ba <.Loc.625>:
    17ba:	94 91       	lpm	r25, Z

000017bc <.LBB109>:
pgm_read_glyph_ptr(GFXfont const*, unsigned char):
/home/bezdred/Arduino/libraries/Adafruit_GFX_Library/Adafruit_GFX.cpp:67
  return &(((GFXglyph *)pgm_read_pointer(&gfxFont->glyph))[c]);
    17bc:	32 97       	sbiw	r30, 0x02	; 2

000017be <.LVL242>:
    17be:	45 91       	lpm	r20, Z+
    17c0:	55 91       	lpm	r21, Z+

000017c2 <.LBE111>:
Adafruit_GFX::drawChar(int, int, unsigned char, unsigned int, unsigned int, unsigned char, unsigned char):
/home/bezdred/Arduino/libraries/Adafruit_GFX_Library/Adafruit_GFX.cpp:1438
    c -= (uint8_t)pgm_read_byte(&gfxFont->first);
    17c2:	d9 1a       	sub	r13, r25

000017c4 <.Loc.636>:
pgm_read_glyph_ptr(GFXfont const*, unsigned char):
/home/bezdred/Arduino/libraries/Adafruit_GFX_Library/Adafruit_GFX.cpp:67
  return &(((GFXglyph *)pgm_read_pointer(&gfxFont->glyph))[c]);
    17c4:	b7 e0       	ldi	r27, 0x07	; 7
    17c6:	db 9e       	mul	r13, r27
    17c8:	40 0d       	add	r20, r0
    17ca:	51 1d       	adc	r21, r1
    17cc:	11 24       	eor	r1, r1

000017ce <.LBB114>:
pgm_read_bitmap_ptr(GFXfont const*):
/home/bezdred/Arduino/libraries/Adafruit_GFX_Library/Adafruit_GFX.cpp:79
  return (uint8_t *)pgm_read_pointer(&gfxFont->bitmap);
    17ce:	f9 01       	movw	r30, r18
    17d0:	25 91       	lpm	r18, Z+
    17d2:	35 91       	lpm	r19, Z+

000017d4 <.Loc.644>:
    17d4:	3f 87       	std	Y+15, r19	; 0x0f
    17d6:	2e 87       	std	Y+14, r18	; 0x0e

000017d8 <.LBB117>:
Adafruit_GFX::drawChar(int, int, unsigned char, unsigned int, unsigned int, unsigned char, unsigned char):
/home/bezdred/Arduino/libraries/Adafruit_GFX_Library/Adafruit_GFX.cpp:1442
    uint16_t bo = pgm_read_word(&glyph->bitmapOffset);
    17d8:	fa 01       	movw	r30, r20
    17da:	45 90       	lpm	r4, Z+
    17dc:	55 90       	lpm	r5, Z+

000017de <.LBB118>:
/home/bezdred/Arduino/libraries/Adafruit_GFX_Library/Adafruit_GFX.cpp:1443
    uint8_t w = pgm_read_byte(&glyph->width), h = pgm_read_byte(&glyph->height);
    17de:	fa 01       	movw	r30, r20
    17e0:	32 96       	adiw	r30, 0x02	; 2

000017e2 <.Loc.657>:
    17e2:	b4 90       	lpm	r11, Z

000017e4 <.LBB119>:
    17e4:	31 96       	adiw	r30, 0x01	; 1

000017e6 <.Loc.663>:
    17e6:	34 91       	lpm	r19, Z
    17e8:	38 8b       	std	Y+16, r19	; 0x10

000017ea <.LBB120>:
/home/bezdred/Arduino/libraries/Adafruit_GFX_Library/Adafruit_GFX.cpp:1444
    int8_t xo = pgm_read_byte(&glyph->xOffset),
    17ea:	32 96       	adiw	r30, 0x02	; 2

000017ec <.Loc.670>:
    17ec:	64 90       	lpm	r6, Z

000017ee <.LBB121>:
/home/bezdred/Arduino/libraries/Adafruit_GFX_Library/Adafruit_GFX.cpp:1445
           yo = pgm_read_byte(&glyph->yOffset);
    17ee:	31 96       	adiw	r30, 0x01	; 1

000017f0 <.Loc.676>:
    17f0:	14 91       	lpm	r17, Z

000017f2 <.LBE121>:
/home/bezdred/Arduino/libraries/Adafruit_GFX_Library/Adafruit_GFX.cpp:1449
    if (size_x > 1 || size_y > 1) {
    17f2:	89 81       	ldd	r24, Y+1	; 0x01

000017f4 <.Loc.682>:
    17f4:	8c 29       	or	r24, r12
    17f6:	82 30       	cpi	r24, 0x02	; 2
    17f8:	08 f4       	brcc	.+2      	; 0x17fc <.Loc.683>

000017fa <L0^A>:
    17fa:	45 c0       	rjmp	.+138    	; 0x1886 <.L137>

000017fc <.Loc.683>:
/home/bezdred/Arduino/libraries/Adafruit_GFX_Library/Adafruit_GFX.cpp:1450
      xo16 = xo;
    17fc:	86 2d       	mov	r24, r6
    17fe:	06 2c       	mov	r0, r6
    1800:	00 0c       	add	r0, r0
    1802:	99 0b       	sbc	r25, r25
    1804:	9f 83       	std	Y+7, r25	; 0x07
    1806:	8e 83       	std	Y+6, r24	; 0x06

00001808 <.Loc.685>:
/home/bezdred/Arduino/libraries/Adafruit_GFX_Library/Adafruit_GFX.cpp:1451
      yo16 = yo;
    1808:	a1 2f       	mov	r26, r17
    180a:	01 2e       	mov	r0, r17
    180c:	00 0c       	add	r0, r0
    180e:	bb 0b       	sbc	r27, r27

00001810 <.Loc.687>:
    1810:	b9 87       	std	Y+9, r27	; 0x09
    1812:	a8 87       	std	Y+8, r26	; 0x08

00001814 <.L129>:
/home/bezdred/Arduino/libraries/Adafruit_GFX_Library/Adafruit_GFX.cpp:1472
    startWrite();
    1814:	aa 8d       	ldd	r26, Y+26	; 0x1a
    1816:	bb 8d       	ldd	r27, Y+27	; 0x1b
    1818:	ed 91       	ld	r30, X+
    181a:	fc 91       	ld	r31, X
    181c:	11 97       	sbiw	r26, 0x01	; 1

0000181e <.Loc.690>:
    181e:	02 84       	ldd	r0, Z+10	; 0x0a
    1820:	f3 85       	ldd	r31, Z+11	; 0x0b
    1822:	e0 2d       	mov	r30, r0
    1824:	cd 01       	movw	r24, r26
    1826:	09 95       	icall

00001828 <.LVL262>:
/home/bezdred/Arduino/libraries/Adafruit_GFX_Library/Adafruit_GFX.cpp:1446
    uint8_t xx, yy, bits = 0, bit = 0;
    1828:	1c 82       	std	Y+4, r1	; 0x04

0000182a <.Loc.693>:
    182a:	d1 2c       	mov	r13, r1

0000182c <.Loc.694>:
/home/bezdred/Arduino/libraries/Adafruit_GFX_Library/Adafruit_GFX.cpp:1473
    for (yy = 0; yy < h; yy++) {
    182c:	71 2c       	mov	r7, r1

0000182e <.Loc.695>:
/home/bezdred/Arduino/libraries/Adafruit_GFX_Library/Adafruit_GFX.cpp:1482
            writeFillRect(x + (xo16 + xx) * size_x, y + (yo16 + yy) * size_y,
    182e:	f9 81       	ldd	r31, Y+1	; 0x01
    1830:	ef 2f       	mov	r30, r31
    1832:	f0 e0       	ldi	r31, 0x00	; 0
    1834:	fb 8b       	std	Y+19, r31	; 0x13
    1836:	ea 8b       	std	Y+18, r30	; 0x12
    1838:	90 e0       	ldi	r25, 0x00	; 0
    183a:	c8 8e       	std	Y+24, r12	; 0x18
    183c:	a9 2e       	mov	r10, r25

0000183e <.Loc.696>:
/home/bezdred/Arduino/libraries/Adafruit_GFX_Library/Adafruit_GFX.cpp:1480
            writePixel(x + xo + xx, y + yo + yy, color);
    183e:	94 01       	movw	r18, r8
    1840:	21 0f       	add	r18, r17
    1842:	31 1d       	adc	r19, r1
    1844:	17 fd       	sbrc	r17, 7
    1846:	3a 95       	dec	r19
    1848:	3d 8b       	std	Y+21, r19	; 0x15
    184a:	2c 8b       	std	Y+20, r18	; 0x14

0000184c <.Loc.697>:
    184c:	c1 01       	movw	r24, r2
    184e:	86 0d       	add	r24, r6
    1850:	91 1d       	adc	r25, r1
    1852:	67 fc       	sbrc	r6, 7
    1854:	9a 95       	dec	r25
    1856:	9f 8b       	std	Y+23, r25	; 0x17
    1858:	8e 8b       	std	Y+22, r24	; 0x16

0000185a <.L130>:
/home/bezdred/Arduino/libraries/Adafruit_GFX_Library/Adafruit_GFX.cpp:1473 (discriminator 1)
    for (yy = 0; yy < h; yy++) {
    185a:	e8 89       	ldd	r30, Y+16	; 0x10
    185c:	7e 16       	cp	r7, r30
    185e:	08 f0       	brcs	.+2      	; 0x1862 <.Loc.700>

00001860 <L0^A>:
    1860:	4f cf       	rjmp	.-354    	; 0x1700 <.L135>

00001862 <.Loc.700>:
/home/bezdred/Arduino/libraries/Adafruit_GFX_Library/Adafruit_GFX.cpp:1482
            writeFillRect(x + (xo16 + xx) * size_x, y + (yo16 + yy) * size_y,
    1862:	28 85       	ldd	r18, Y+8	; 0x08
    1864:	39 85       	ldd	r19, Y+9	; 0x09
    1866:	27 0d       	add	r18, r7
    1868:	31 1d       	adc	r19, r1

0000186a <.Loc.701>:
    186a:	f9 81       	ldd	r31, Y+1	; 0x01
    186c:	f2 9f       	mul	r31, r18
    186e:	c0 01       	movw	r24, r0
    1870:	f3 9f       	mul	r31, r19
    1872:	90 0d       	add	r25, r0
    1874:	11 24       	eor	r1, r1

00001876 <.Loc.702>:
    1876:	9c 01       	movw	r18, r24
    1878:	28 0d       	add	r18, r8
    187a:	39 1d       	adc	r19, r9
    187c:	3b 87       	std	Y+11, r19	; 0x0b
    187e:	2a 87       	std	Y+10, r18	; 0x0a
    1880:	8c 81       	ldd	r24, Y+4	; 0x04

00001882 <.Loc.703>:
/home/bezdred/Arduino/libraries/Adafruit_GFX_Library/Adafruit_GFX.cpp:1474
      for (xx = 0; xx < w; xx++) {
    1882:	61 2c       	mov	r6, r1
    1884:	34 c0       	rjmp	.+104    	; 0x18ee <.L136>

00001886 <.L137>:
/home/bezdred/Arduino/libraries/Adafruit_GFX_Library/Adafruit_GFX.cpp:1447
    int16_t xo16 = 0, yo16 = 0;
    1886:	19 86       	std	Y+9, r1	; 0x09
    1888:	18 86       	std	Y+8, r1	; 0x08

0000188a <.Loc.706>:
    188a:	1f 82       	std	Y+7, r1	; 0x07
    188c:	1e 82       	std	Y+6, r1	; 0x06
    188e:	c2 cf       	rjmp	.-124    	; 0x1814 <.L129>

00001890 <.L134>:
/home/bezdred/Arduino/libraries/Adafruit_GFX_Library/Adafruit_GFX.cpp:1475
        if (!(bit++ & 7)) {
    1890:	91 e0       	ldi	r25, 0x01	; 1
    1892:	98 0f       	add	r25, r24
    1894:	9c 87       	std	Y+12, r25	; 0x0c

00001896 <.Loc.709>:
    1896:	87 70       	andi	r24, 0x07	; 7
    1898:	81 11       	cpse	r24, r1
    189a:	08 c0       	rjmp	.+16     	; 0x18ac <.L131>

0000189c <.LBB126>:
/home/bezdred/Arduino/libraries/Adafruit_GFX_Library/Adafruit_GFX.cpp:1476
          bits = pgm_read_byte(&bitmap[bo++]);
    189c:	c2 01       	movw	r24, r4
    189e:	01 96       	adiw	r24, 0x01	; 1

000018a0 <.LVL268>:
    18a0:	ee 85       	ldd	r30, Y+14	; 0x0e
    18a2:	ff 85       	ldd	r31, Y+15	; 0x0f
    18a4:	e4 0d       	add	r30, r4
    18a6:	f5 1d       	adc	r31, r5

000018a8 <.Loc.714>:
    18a8:	d4 90       	lpm	r13, Z

000018aa <.LVL270>:
    18aa:	2c 01       	movw	r4, r24

000018ac <.L131>:
/home/bezdred/Arduino/libraries/Adafruit_GFX_Library/Adafruit_GFX.cpp:1478
        if (bits & 0x80) {
    18ac:	d7 fe       	sbrs	r13, 7
    18ae:	1c c0       	rjmp	.+56     	; 0x18e8 <.L132>

000018b0 <.Loc.719>:
/home/bezdred/Arduino/libraries/Adafruit_GFX_Library/Adafruit_GFX.cpp:1480
            writePixel(x + xo + xx, y + yo + yy, color);
    18b0:	aa 8d       	ldd	r26, Y+26	; 0x1a
    18b2:	bb 8d       	ldd	r27, Y+27	; 0x1b
    18b4:	ed 91       	ld	r30, X+
    18b6:	fc 91       	ld	r31, X

000018b8 <.Loc.720>:
    18b8:	66 2d       	mov	r22, r6
    18ba:	70 e0       	ldi	r23, 0x00	; 0

000018bc <.Loc.722>:
/home/bezdred/Arduino/libraries/Adafruit_GFX_Library/Adafruit_GFX.cpp:1479
          if (size_x == 1 && size_y == 1) {
    18bc:	b1 e0       	ldi	r27, 0x01	; 1
    18be:	cb 12       	cpse	r12, r27
    18c0:	1d c0       	rjmp	.+58     	; 0x18fc <.L133>

000018c2 <.Loc.723>:
/home/bezdred/Arduino/libraries/Adafruit_GFX_Library/Adafruit_GFX.cpp:1479 (discriminator 1)
    18c2:	29 81       	ldd	r18, Y+1	; 0x01
    18c4:	21 30       	cpi	r18, 0x01	; 1
    18c6:	d1 f4       	brne	.+52     	; 0x18fc <.L133>

000018c8 <.Loc.724>:
/home/bezdred/Arduino/libraries/Adafruit_GFX_Library/Adafruit_GFX.cpp:1480
            writePixel(x + xo + xx, y + yo + yy, color);
    18c8:	8e 89       	ldd	r24, Y+22	; 0x16
    18ca:	9f 89       	ldd	r25, Y+23	; 0x17
    18cc:	68 0f       	add	r22, r24
    18ce:	79 1f       	adc	r23, r25
    18d0:	04 84       	ldd	r0, Z+12	; 0x0c
    18d2:	f5 85       	ldd	r31, Z+13	; 0x0d
    18d4:	e0 2d       	mov	r30, r0
    18d6:	2a 81       	ldd	r18, Y+2	; 0x02
    18d8:	3b 81       	ldd	r19, Y+3	; 0x03
    18da:	4c 89       	ldd	r20, Y+20	; 0x14
    18dc:	5d 89       	ldd	r21, Y+21	; 0x15
    18de:	47 0d       	add	r20, r7
    18e0:	51 1d       	adc	r21, r1
    18e2:	8a 8d       	ldd	r24, Y+26	; 0x1a
    18e4:	9b 8d       	ldd	r25, Y+27	; 0x1b
    18e6:	09 95       	icall

000018e8 <.L132>:
/home/bezdred/Arduino/libraries/Adafruit_GFX_Library/Adafruit_GFX.cpp:1486
        bits <<= 1;
    18e8:	dd 0c       	add	r13, r13

000018ea <.Loc.728>:
/home/bezdred/Arduino/libraries/Adafruit_GFX_Library/Adafruit_GFX.cpp:1474 (discriminator 2)
      for (xx = 0; xx < w; xx++) {
    18ea:	63 94       	inc	r6

000018ec <.Loc.730>:
/home/bezdred/Arduino/libraries/Adafruit_GFX_Library/Adafruit_GFX.cpp:1475
        if (!(bit++ & 7)) {
    18ec:	8c 85       	ldd	r24, Y+12	; 0x0c

000018ee <.L136>:
/home/bezdred/Arduino/libraries/Adafruit_GFX_Library/Adafruit_GFX.cpp:1474 (discriminator 1)
      for (xx = 0; xx < w; xx++) {
    18ee:	6b 14       	cp	r6, r11
    18f0:	78 f2       	brcs	.-98     	; 0x1890 <.L134>

000018f2 <.Loc.733>:
    18f2:	bc 81       	ldd	r27, Y+4	; 0x04
    18f4:	bb 0d       	add	r27, r11
    18f6:	bc 83       	std	Y+4, r27	; 0x04

000018f8 <.Loc.734>:
/home/bezdred/Arduino/libraries/Adafruit_GFX_Library/Adafruit_GFX.cpp:1473 (discriminator 2)
    for (yy = 0; yy < h; yy++) {
    18f8:	73 94       	inc	r7

000018fa <.Loc.735>:
    18fa:	af cf       	rjmp	.-162    	; 0x185a <.L130>

000018fc <.L133>:
/home/bezdred/Arduino/libraries/Adafruit_GFX_Library/Adafruit_GFX.cpp:1482
            writeFillRect(x + (xo16 + xx) * size_x, y + (yo16 + yy) * size_y,
    18fc:	ae 81       	ldd	r26, Y+6	; 0x06
    18fe:	bf 81       	ldd	r27, Y+7	; 0x07
    1900:	6a 0f       	add	r22, r26
    1902:	7b 1f       	adc	r23, r27

00001904 <.Loc.738>:
    1904:	c6 9e       	mul	r12, r22
    1906:	c0 01       	movw	r24, r0
    1908:	c7 9e       	mul	r12, r23
    190a:	90 0d       	add	r25, r0
    190c:	11 24       	eor	r1, r1

0000190e <.Loc.739>:
    190e:	bc 01       	movw	r22, r24
    1910:	62 0d       	add	r22, r2
    1912:	73 1d       	adc	r23, r3
    1914:	06 84       	ldd	r0, Z+14	; 0x0e
    1916:	f7 85       	ldd	r31, Z+15	; 0x0f
    1918:	e0 2d       	mov	r30, r0
    191a:	ea 80       	ldd	r14, Y+2	; 0x02
    191c:	fb 80       	ldd	r15, Y+3	; 0x03
    191e:	0a 89       	ldd	r16, Y+18	; 0x12
    1920:	1b 89       	ldd	r17, Y+19	; 0x13
    1922:	28 8d       	ldd	r18, Y+24	; 0x18
    1924:	3a 2d       	mov	r19, r10
    1926:	4a 85       	ldd	r20, Y+10	; 0x0a
    1928:	5b 85       	ldd	r21, Y+11	; 0x0b
    192a:	8a 8d       	ldd	r24, Y+26	; 0x1a
    192c:	9b 8d       	ldd	r25, Y+27	; 0x1b
    192e:	09 95       	icall

00001930 <.LVL278>:
    1930:	db cf       	rjmp	.-74     	; 0x18e8 <.L132>

00001932 <.L117>:
/home/bezdred/Arduino/libraries/Adafruit_GFX_Library/Adafruit_GFX.cpp:1492
}
    1932:	6b 96       	adiw	r28, 0x1b	; 27
    1934:	0f b6       	in	r0, 0x3f	; 63
    1936:	f8 94       	cli
    1938:	de bf       	out	0x3e, r29	; 62
    193a:	0f be       	out	0x3f, r0	; 63
    193c:	cd bf       	out	0x3d, r28	; 61
    193e:	df 91       	pop	r29
    1940:	cf 91       	pop	r28
    1942:	1f 91       	pop	r17
    1944:	0f 91       	pop	r16

00001946 <.Loc.743>:
    1946:	ff 90       	pop	r15
    1948:	ef 90       	pop	r14
    194a:	df 90       	pop	r13

0000194c <.Loc.744>:
    194c:	cf 90       	pop	r12

0000194e <.Loc.745>:
    194e:	bf 90       	pop	r11
    1950:	af 90       	pop	r10

00001952 <.Loc.746>:
    1952:	9f 90       	pop	r9
    1954:	8f 90       	pop	r8

00001956 <.Loc.747>:
    1956:	7f 90       	pop	r7
    1958:	6f 90       	pop	r6

0000195a <.Loc.748>:
    195a:	5f 90       	pop	r5
    195c:	4f 90       	pop	r4
    195e:	3f 90       	pop	r3
    1960:	2f 90       	pop	r2

00001962 <.Loc.749>:
    1962:	08 95       	ret

00001964 <Adafruit_GFX::write(unsigned char)>:
Adafruit_GFX::write(unsigned char):
/home/bezdred/Arduino/libraries/Adafruit_GFX_Library/Adafruit_GFX.cpp:1499
/*!
    @brief  Print one byte/character of data, used to support print()
    @param  c  The 8-bit ascii character to write
*/
/**************************************************************************/
size_t Adafruit_GFX::write(uint8_t c) {
    1964:	8f 92       	push	r8
    1966:	9f 92       	push	r9
    1968:	af 92       	push	r10
    196a:	cf 92       	push	r12
    196c:	ef 92       	push	r14
    196e:	ff 92       	push	r15
    1970:	0f 93       	push	r16
    1972:	1f 93       	push	r17
    1974:	cf 93       	push	r28
    1976:	df 93       	push	r29
    1978:	ec 01       	movw	r28, r24
    197a:	26 2f       	mov	r18, r22

0000197c <.Loc.752>:
/home/bezdred/Arduino/libraries/Adafruit_GFX_Library/Adafruit_GFX.cpp:1500
  if (!gfxFont) { // 'Classic' built-in font
    197c:	89 8d       	ldd	r24, Y+25	; 0x19
    197e:	9a 8d       	ldd	r25, Y+26	; 0x1a

00001980 <.Loc.754>:
    1980:	00 97       	sbiw	r24, 0x00	; 0
    1982:	09 f0       	breq	.+2      	; 0x1986 <.Loc.755>

00001984 <L0^A>:
    1984:	51 c0       	rjmp	.+162    	; 0x1a28 <.L143>

00001986 <.Loc.755>:
/home/bezdred/Arduino/libraries/Adafruit_GFX_Library/Adafruit_GFX.cpp:1502

    if (c == '\n') {              // Newline?
    1986:	6a 30       	cpi	r22, 0x0A	; 10
    1988:	d1 f4       	brne	.+52     	; 0x19be <.L144>

0000198a <.Loc.756>:
/home/bezdred/Arduino/libraries/Adafruit_GFX_Library/Adafruit_GFX.cpp:1503
      cursor_x = 0;               // Reset x to zero,
    198a:	1d 86       	std	Y+13, r1	; 0x0d
    198c:	1c 86       	std	Y+12, r1	; 0x0c

0000198e <.Loc.758>:
/home/bezdred/Arduino/libraries/Adafruit_GFX_Library/Adafruit_GFX.cpp:1504
      cursor_y += textsize_y * 8; // advance y one line
    198e:	2d 89       	ldd	r18, Y+21	; 0x15

00001990 <.Loc.760>:
    1990:	88 e0       	ldi	r24, 0x08	; 8
    1992:	28 9f       	mul	r18, r24
    1994:	90 01       	movw	r18, r0
    1996:	11 24       	eor	r1, r1

00001998 <.Loc.761>:
    1998:	8e 85       	ldd	r24, Y+14	; 0x0e
    199a:	9f 85       	ldd	r25, Y+15	; 0x0f
    199c:	82 0f       	add	r24, r18
    199e:	93 1f       	adc	r25, r19

000019a0 <.L168>:
/home/bezdred/Arduino/libraries/Adafruit_GFX_Library/Adafruit_GFX.cpp:1519

  } else { // Custom font

    if (c == '\n') {
      cursor_x = 0;
      cursor_y +=
    19a0:	9f 87       	std	Y+15, r25	; 0x0f
    19a2:	8e 87       	std	Y+14, r24	; 0x0e

000019a4 <.L145>:
/home/bezdred/Arduino/libraries/Adafruit_GFX_Library/Adafruit_GFX.cpp:1543
            (uint8_t)pgm_read_byte(&glyph->xAdvance) * (int16_t)textsize_x;
      }
    }
  }
  return 1;
}
    19a4:	81 e0       	ldi	r24, 0x01	; 1
    19a6:	90 e0       	ldi	r25, 0x00	; 0
    19a8:	df 91       	pop	r29
    19aa:	cf 91       	pop	r28

000019ac <.Loc.766>:
    19ac:	1f 91       	pop	r17
    19ae:	0f 91       	pop	r16
    19b0:	ff 90       	pop	r15
    19b2:	ef 90       	pop	r14
    19b4:	cf 90       	pop	r12
    19b6:	af 90       	pop	r10
    19b8:	9f 90       	pop	r9
    19ba:	8f 90       	pop	r8
    19bc:	08 95       	ret

000019be <.L144>:
/home/bezdred/Arduino/libraries/Adafruit_GFX_Library/Adafruit_GFX.cpp:1505
    } else if (c != '\r') {       // Ignore carriage returns
    19be:	6d 30       	cpi	r22, 0x0D	; 13
    19c0:	89 f3       	breq	.-30     	; 0x19a4 <.L145>

000019c2 <.Loc.768>:
/home/bezdred/Arduino/libraries/Adafruit_GFX_Library/Adafruit_GFX.cpp:1506 (discriminator 1)
      if (wrap && ((cursor_x + textsize_x * 6) > _width)) { // Off right?
    19c2:	cc 88       	ldd	r12, Y+20	; 0x14

000019c4 <.Loc.770>:
/home/bezdred/Arduino/libraries/Adafruit_GFX_Library/Adafruit_GFX.cpp:1504
      cursor_y += textsize_y * 8; // advance y one line
    19c4:	ad 88       	ldd	r10, Y+21	; 0x15

000019c6 <.Loc.771>:
/home/bezdred/Arduino/libraries/Adafruit_GFX_Library/Adafruit_GFX.cpp:1506
      if (wrap && ((cursor_x + textsize_x * 6) > _width)) { // Off right?
    19c6:	8f 89       	ldd	r24, Y+23	; 0x17
    19c8:	81 15       	cp	r24, r1
    19ca:	c1 f0       	breq	.+48     	; 0x19fc <.L146>

000019cc <.Loc.772>:
/home/bezdred/Arduino/libraries/Adafruit_GFX_Library/Adafruit_GFX.cpp:1506 (discriminator 1)
    19cc:	8c 85       	ldd	r24, Y+12	; 0x0c
    19ce:	9d 85       	ldd	r25, Y+13	; 0x0d
    19d0:	36 e0       	ldi	r19, 0x06	; 6
    19d2:	c3 9e       	mul	r12, r19
    19d4:	80 0d       	add	r24, r0
    19d6:	91 1d       	adc	r25, r1
    19d8:	11 24       	eor	r1, r1

000019da <.Loc.773>:
    19da:	48 85       	ldd	r20, Y+8	; 0x08
    19dc:	59 85       	ldd	r21, Y+9	; 0x09
    19de:	48 17       	cp	r20, r24
    19e0:	59 07       	cpc	r21, r25
    19e2:	64 f4       	brge	.+24     	; 0x19fc <.L146>

000019e4 <.Loc.774>:
/home/bezdred/Arduino/libraries/Adafruit_GFX_Library/Adafruit_GFX.cpp:1504
      cursor_y += textsize_y * 8; // advance y one line
    19e4:	4e 85       	ldd	r20, Y+14	; 0x0e
    19e6:	5f 85       	ldd	r21, Y+15	; 0x0f

000019e8 <.Loc.775>:
/home/bezdred/Arduino/libraries/Adafruit_GFX_Library/Adafruit_GFX.cpp:1507
        cursor_x = 0;                                       // Reset x to zero,
    19e8:	1d 86       	std	Y+13, r1	; 0x0d
    19ea:	1c 86       	std	Y+12, r1	; 0x0c

000019ec <.Loc.777>:
/home/bezdred/Arduino/libraries/Adafruit_GFX_Library/Adafruit_GFX.cpp:1508
        cursor_y += textsize_y * 8; // advance y one line
    19ec:	38 e0       	ldi	r19, 0x08	; 8
    19ee:	a3 9e       	mul	r10, r19
    19f0:	c0 01       	movw	r24, r0
    19f2:	11 24       	eor	r1, r1

000019f4 <.Loc.779>:
    19f4:	84 0f       	add	r24, r20
    19f6:	95 1f       	adc	r25, r21
    19f8:	9f 87       	std	Y+15, r25	; 0x0f
    19fa:	8e 87       	std	Y+14, r24	; 0x0e

000019fc <.L146>:
/home/bezdred/Arduino/libraries/Adafruit_GFX_Library/Adafruit_GFX.cpp:1510
      drawChar(cursor_x, cursor_y, c, textcolor, textbgcolor, textsize_x,
    19fc:	ea 88       	ldd	r14, Y+18	; 0x12
    19fe:	fb 88       	ldd	r15, Y+19	; 0x13
    1a00:	08 89       	ldd	r16, Y+16	; 0x10
    1a02:	19 89       	ldd	r17, Y+17	; 0x11
    1a04:	4e 85       	ldd	r20, Y+14	; 0x0e
    1a06:	5f 85       	ldd	r21, Y+15	; 0x0f
    1a08:	6c 85       	ldd	r22, Y+12	; 0x0c
    1a0a:	7d 85       	ldd	r23, Y+13	; 0x0d
    1a0c:	ce 01       	movw	r24, r28
    1a0e:	0e 94 92 0a 	call	0x1524	; 0x1524 <Adafruit_GFX::drawChar(int, int, unsigned char, unsigned int, unsigned int, unsigned char, unsigned char)>

00001a12 <.LVL292>:
/home/bezdred/Arduino/libraries/Adafruit_GFX_Library/Adafruit_GFX.cpp:1512
      cursor_x += textsize_x * 6; // Advance x one char
    1a12:	2c 89       	ldd	r18, Y+20	; 0x14

00001a14 <.Loc.784>:
    1a14:	8c 85       	ldd	r24, Y+12	; 0x0c
    1a16:	9d 85       	ldd	r25, Y+13	; 0x0d
    1a18:	36 e0       	ldi	r19, 0x06	; 6
    1a1a:	23 9f       	mul	r18, r19
    1a1c:	80 0d       	add	r24, r0
    1a1e:	91 1d       	adc	r25, r1
    1a20:	11 24       	eor	r1, r1

00001a22 <.L169>:
/home/bezdred/Arduino/libraries/Adafruit_GFX_Library/Adafruit_GFX.cpp:1537
        cursor_x +=
    1a22:	9d 87       	std	Y+13, r25	; 0x0d
    1a24:	8c 87       	std	Y+12, r24	; 0x0c
    1a26:	be cf       	rjmp	.-132    	; 0x19a4 <.L145>

00001a28 <.L143>:
/home/bezdred/Arduino/libraries/Adafruit_GFX_Library/Adafruit_GFX.cpp:1517
    if (c == '\n') {
    1a28:	6a 30       	cpi	r22, 0x0A	; 10
    1a2a:	69 f4       	brne	.+26     	; 0x1a46 <.L147>

00001a2c <.Loc.788>:
/home/bezdred/Arduino/libraries/Adafruit_GFX_Library/Adafruit_GFX.cpp:1518
      cursor_x = 0;
    1a2c:	1d 86       	std	Y+13, r1	; 0x0d
    1a2e:	1c 86       	std	Y+12, r1	; 0x0c

00001a30 <.LBB149>:
/home/bezdred/Arduino/libraries/Adafruit_GFX_Library/Adafruit_GFX.cpp:1520
          (int16_t)textsize_y * (uint8_t)pgm_read_byte(&gfxFont->yAdvance);
    1a30:	fc 01       	movw	r30, r24
    1a32:	38 96       	adiw	r30, 0x08	; 8

00001a34 <.Loc.794>:
    1a34:	e4 91       	lpm	r30, Z

00001a36 <.LBE149>:
    1a36:	2d 89       	ldd	r18, Y+21	; 0x15

00001a38 <.Loc.797>:
/home/bezdred/Arduino/libraries/Adafruit_GFX_Library/Adafruit_GFX.cpp:1519
      cursor_y +=
    1a38:	8e 85       	ldd	r24, Y+14	; 0x0e
    1a3a:	9f 85       	ldd	r25, Y+15	; 0x0f

00001a3c <.Loc.798>:
    1a3c:	2e 9f       	mul	r18, r30
    1a3e:	80 0d       	add	r24, r0
    1a40:	91 1d       	adc	r25, r1
    1a42:	11 24       	eor	r1, r1
    1a44:	ad cf       	rjmp	.-166    	; 0x19a0 <.L168>

00001a46 <.L147>:
/home/bezdred/Arduino/libraries/Adafruit_GFX_Library/Adafruit_GFX.cpp:1521
    } else if (c != '\r') {
    1a46:	6d 30       	cpi	r22, 0x0D	; 13
    1a48:	09 f4       	brne	.+2      	; 0x1a4c <.LBB180>

00001a4a <L0^A>:
    1a4a:	ac cf       	rjmp	.-168    	; 0x19a4 <.L145>

00001a4c <.LBB180>:
/home/bezdred/Arduino/libraries/Adafruit_GFX_Library/Adafruit_GFX.cpp:1522
      uint8_t first = pgm_read_byte(&gfxFont->first);
    1a4c:	fc 01       	movw	r30, r24
    1a4e:	34 96       	adiw	r30, 0x04	; 4

00001a50 <.Loc.805>:
    1a50:	34 91       	lpm	r19, Z

00001a52 <.LBE180>:
/home/bezdred/Arduino/libraries/Adafruit_GFX_Library/Adafruit_GFX.cpp:1523
      if ((c >= first) && (c <= (uint8_t)pgm_read_byte(&gfxFont->last))) {
    1a52:	63 17       	cp	r22, r19
    1a54:	08 f4       	brcc	.+2      	; 0x1a58 <.LBB175>

00001a56 <L0^A>:
    1a56:	a6 cf       	rjmp	.-180    	; 0x19a4 <.L145>

00001a58 <.LBB175>:
/home/bezdred/Arduino/libraries/Adafruit_GFX_Library/Adafruit_GFX.cpp:1523 (discriminator 1)
    1a58:	32 96       	adiw	r30, 0x02	; 2

00001a5a <.Loc.814>:
    1a5a:	e4 91       	lpm	r30, Z

00001a5c <.LBE175>:
    1a5c:	e6 17       	cp	r30, r22
    1a5e:	08 f4       	brcc	.+2      	; 0x1a62 <.LBB154>

00001a60 <L0^A>:
    1a60:	a1 cf       	rjmp	.-190    	; 0x19a4 <.L145>

00001a62 <.LBB154>:
pgm_read_glyph_ptr(GFXfont const*, unsigned char):
/home/bezdred/Arduino/libraries/Adafruit_GFX_Library/Adafruit_GFX.cpp:67
  return &(((GFXglyph *)pgm_read_pointer(&gfxFont->glyph))[c]);
    1a62:	fc 01       	movw	r30, r24

00001a64 <.Loc.821>:
    1a64:	32 96       	adiw	r30, 0x02	; 2

00001a66 <.LVL308>:
    1a66:	85 90       	lpm	r8, Z+
    1a68:	95 90       	lpm	r9, Z+

00001a6a <.LBE156>:
Adafruit_GFX::write(unsigned char):
/home/bezdred/Arduino/libraries/Adafruit_GFX_Library/Adafruit_GFX.cpp:1524
        GFXglyph *glyph = pgm_read_glyph_ptr(gfxFont, c - first);
    1a6a:	e6 2f       	mov	r30, r22
    1a6c:	e3 1b       	sub	r30, r19

00001a6e <.Loc.826>:
pgm_read_glyph_ptr(GFXfont const*, unsigned char):
/home/bezdred/Arduino/libraries/Adafruit_GFX_Library/Adafruit_GFX.cpp:67
  return &(((GFXglyph *)pgm_read_pointer(&gfxFont->glyph))[c]);
    1a6e:	37 e0       	ldi	r19, 0x07	; 7

00001a70 <.Loc.827>:
    1a70:	e3 9f       	mul	r30, r19
    1a72:	80 0c       	add	r8, r0
    1a74:	91 1c       	adc	r9, r1
    1a76:	11 24       	eor	r1, r1

00001a78 <.LBB159>:
Adafruit_GFX::write(unsigned char):
/home/bezdred/Arduino/libraries/Adafruit_GFX_Library/Adafruit_GFX.cpp:1525
        uint8_t w = pgm_read_byte(&glyph->width),
    1a78:	f4 01       	movw	r30, r8
    1a7a:	32 96       	adiw	r30, 0x02	; 2

00001a7c <.Loc.833>:
    1a7c:	34 91       	lpm	r19, Z

00001a7e <.LBB160>:
/home/bezdred/Arduino/libraries/Adafruit_GFX_Library/Adafruit_GFX.cpp:1526
                h = pgm_read_byte(&glyph->height);
    1a7e:	31 96       	adiw	r30, 0x01	; 1

00001a80 <.Loc.839>:
    1a80:	e4 91       	lpm	r30, Z

00001a82 <.LBE160>:
/home/bezdred/Arduino/libraries/Adafruit_GFX_Library/Adafruit_GFX.cpp:1527
        if ((w > 0) && (h > 0)) { // Is there an associated bitmap?
    1a82:	31 15       	cp	r19, r1
    1a84:	a9 f1       	breq	.+106    	; 0x1af0 <.L148>

00001a86 <.Loc.843>:
/home/bezdred/Arduino/libraries/Adafruit_GFX_Library/Adafruit_GFX.cpp:1527 (discriminator 1)
    1a86:	e1 15       	cp	r30, r1
    1a88:	99 f1       	breq	.+102    	; 0x1af0 <.L148>

00001a8a <.Loc.844>:
/home/bezdred/Arduino/libraries/Adafruit_GFX_Library/Adafruit_GFX.cpp:1506 (discriminator 1)
      if (wrap && ((cursor_x + textsize_x * 6) > _width)) { // Off right?
    1a8a:	cc 88       	ldd	r12, Y+20	; 0x14

00001a8c <.LBB162>:
/home/bezdred/Arduino/libraries/Adafruit_GFX_Library/Adafruit_GFX.cpp:1528
          int16_t xo = (int8_t)pgm_read_byte(&glyph->xOffset); // sic
    1a8c:	f4 01       	movw	r30, r8

00001a8e <.Loc.849>:
    1a8e:	35 96       	adiw	r30, 0x05	; 5

00001a90 <.Loc.850>:
    1a90:	e4 91       	lpm	r30, Z

00001a92 <.LBE163>:
/home/bezdred/Arduino/libraries/Adafruit_GFX_Library/Adafruit_GFX.cpp:1504
      cursor_y += textsize_y * 8; // advance y one line
    1a92:	ad 88       	ldd	r10, Y+21	; 0x15

00001a94 <.Loc.855>:
/home/bezdred/Arduino/libraries/Adafruit_GFX_Library/Adafruit_GFX.cpp:1529
          if (wrap && ((cursor_x + textsize_x * (xo + w)) > _width)) {
    1a94:	4f 89       	ldd	r20, Y+23	; 0x17
    1a96:	41 15       	cp	r20, r1
    1a98:	01 f1       	breq	.+64     	; 0x1ada <.L149>

00001a9a <.Loc.856>:
/home/bezdred/Arduino/libraries/Adafruit_GFX_Library/Adafruit_GFX.cpp:1528
          int16_t xo = (int8_t)pgm_read_byte(&glyph->xOffset); // sic
    1a9a:	0e 2e       	mov	r0, r30
    1a9c:	00 0c       	add	r0, r0
    1a9e:	ff 0b       	sbc	r31, r31

00001aa0 <.Loc.857>:
/home/bezdred/Arduino/libraries/Adafruit_GFX_Library/Adafruit_GFX.cpp:1529 (discriminator 1)
          if (wrap && ((cursor_x + textsize_x * (xo + w)) > _width)) {
    1aa0:	e3 0f       	add	r30, r19
    1aa2:	f1 1d       	adc	r31, r1

00001aa4 <.Loc.858>:
    1aa4:	ce 9e       	mul	r12, r30
    1aa6:	a0 01       	movw	r20, r0
    1aa8:	cf 9e       	mul	r12, r31
    1aaa:	50 0d       	add	r21, r0
    1aac:	11 24       	eor	r1, r1

00001aae <.Loc.859>:
    1aae:	6c 85       	ldd	r22, Y+12	; 0x0c
    1ab0:	7d 85       	ldd	r23, Y+13	; 0x0d
    1ab2:	46 0f       	add	r20, r22
    1ab4:	57 1f       	adc	r21, r23

00001ab6 <.Loc.860>:
    1ab6:	68 85       	ldd	r22, Y+8	; 0x08
    1ab8:	79 85       	ldd	r23, Y+9	; 0x09
    1aba:	64 17       	cp	r22, r20
    1abc:	75 07       	cpc	r23, r21
    1abe:	6c f4       	brge	.+26     	; 0x1ada <.L149>

00001ac0 <.Loc.861>:
/home/bezdred/Arduino/libraries/Adafruit_GFX_Library/Adafruit_GFX.cpp:1504
      cursor_y += textsize_y * 8; // advance y one line
    1ac0:	4e 85       	ldd	r20, Y+14	; 0x0e
    1ac2:	5f 85       	ldd	r21, Y+15	; 0x0f

00001ac4 <.Loc.862>:
/home/bezdred/Arduino/libraries/Adafruit_GFX_Library/Adafruit_GFX.cpp:1530
            cursor_x = 0;
    1ac4:	1d 86       	std	Y+13, r1	; 0x0d
    1ac6:	1c 86       	std	Y+12, r1	; 0x0c

00001ac8 <.LBB166>:
/home/bezdred/Arduino/libraries/Adafruit_GFX_Library/Adafruit_GFX.cpp:1532
                        (uint8_t)pgm_read_byte(&gfxFont->yAdvance);
    1ac8:	fc 01       	movw	r30, r24
    1aca:	38 96       	adiw	r30, 0x08	; 8

00001acc <.Loc.868>:
    1acc:	e4 91       	lpm	r30, Z

00001ace <.LBE166>:
/home/bezdred/Arduino/libraries/Adafruit_GFX_Library/Adafruit_GFX.cpp:1531
            cursor_y += (int16_t)textsize_y *
    1ace:	ae 9e       	mul	r10, r30
    1ad0:	40 0d       	add	r20, r0
    1ad2:	51 1d       	adc	r21, r1
    1ad4:	11 24       	eor	r1, r1
    1ad6:	5f 87       	std	Y+15, r21	; 0x0f
    1ad8:	4e 87       	std	Y+14, r20	; 0x0e

00001ada <.L149>:
/home/bezdred/Arduino/libraries/Adafruit_GFX_Library/Adafruit_GFX.cpp:1534
          drawChar(cursor_x, cursor_y, c, textcolor, textbgcolor, textsize_x,
    1ada:	ea 88       	ldd	r14, Y+18	; 0x12
    1adc:	fb 88       	ldd	r15, Y+19	; 0x13
    1ade:	08 89       	ldd	r16, Y+16	; 0x10
    1ae0:	19 89       	ldd	r17, Y+17	; 0x11
    1ae2:	4e 85       	ldd	r20, Y+14	; 0x0e
    1ae4:	5f 85       	ldd	r21, Y+15	; 0x0f
    1ae6:	6c 85       	ldd	r22, Y+12	; 0x0c
    1ae8:	7d 85       	ldd	r23, Y+13	; 0x0d
    1aea:	ce 01       	movw	r24, r28

00001aec <.Loc.874>:
    1aec:	0e 94 92 0a 	call	0x1524	; 0x1524 <Adafruit_GFX::drawChar(int, int, unsigned char, unsigned int, unsigned int, unsigned char, unsigned char)>

00001af0 <.L148>:
/home/bezdred/Arduino/libraries/Adafruit_GFX_Library/Adafruit_GFX.cpp:1538
            (uint8_t)pgm_read_byte(&glyph->xAdvance) * (int16_t)textsize_x;
    1af0:	f4 01       	movw	r30, r8
    1af2:	34 96       	adiw	r30, 0x04	; 4

00001af4 <.Loc.880>:
    1af4:	e4 91       	lpm	r30, Z

00001af6 <.LBE174>:
    1af6:	2c 89       	ldd	r18, Y+20	; 0x14

00001af8 <.Loc.883>:
/home/bezdred/Arduino/libraries/Adafruit_GFX_Library/Adafruit_GFX.cpp:1537
        cursor_x +=
    1af8:	8c 85       	ldd	r24, Y+12	; 0x0c
    1afa:	9d 85       	ldd	r25, Y+13	; 0x0d
    1afc:	2e 9f       	mul	r18, r30
    1afe:	80 0d       	add	r24, r0
    1b00:	91 1d       	adc	r25, r1
    1b02:	11 24       	eor	r1, r1
    1b04:	8e cf       	rjmp	.-228    	; 0x1a22 <.L169>

00001b06 <Adafruit_GFX::setRotation(unsigned char)>:
Adafruit_GFX::setRotation(unsigned char):
/home/bezdred/Arduino/libraries/Adafruit_GFX_Library/Adafruit_GFX.cpp:1573
/*!
    @brief      Set rotation setting for display
    @param  x   0 thru 3 corresponding to 4 cardinal rotations
*/
/**************************************************************************/
void Adafruit_GFX::setRotation(uint8_t x) {
    1b06:	fc 01       	movw	r30, r24

00001b08 <.Loc.886>:
/home/bezdred/Arduino/libraries/Adafruit_GFX_Library/Adafruit_GFX.cpp:1574
  rotation = (x & 3);
    1b08:	86 2f       	mov	r24, r22

00001b0a <.Loc.888>:
    1b0a:	83 70       	andi	r24, 0x03	; 3

00001b0c <.Loc.889>:
    1b0c:	86 8b       	std	Z+22, r24	; 0x16

00001b0e <.Loc.890>:
/home/bezdred/Arduino/libraries/Adafruit_GFX_Library/Adafruit_GFX.cpp:1578
  switch (rotation) {
  case 0:
  case 2:
    _width = WIDTH;
    1b0e:	94 81       	ldd	r25, Z+4	; 0x04
    1b10:	85 81       	ldd	r24, Z+5	; 0x05

00001b12 <.Loc.892>:
/home/bezdred/Arduino/libraries/Adafruit_GFX_Library/Adafruit_GFX.cpp:1579
    _height = HEIGHT;
    1b12:	36 81       	ldd	r19, Z+6	; 0x06
    1b14:	27 81       	ldd	r18, Z+7	; 0x07

00001b16 <.Loc.893>:
/home/bezdred/Arduino/libraries/Adafruit_GFX_Library/Adafruit_GFX.cpp:1575
  switch (rotation) {
    1b16:	60 fd       	sbrc	r22, 0
    1b18:	03 c0       	rjmp	.+6      	; 0x1b20 <.L171>
    1b1a:	ac 01       	movw	r20, r24
    1b1c:	c9 01       	movw	r24, r18
    1b1e:	9a 01       	movw	r18, r20

00001b20 <.L171>:
/home/bezdred/Arduino/libraries/Adafruit_GFX_Library/Adafruit_GFX.cpp:1578
    _width = WIDTH;
    1b20:	30 87       	std	Z+8, r19	; 0x08
    1b22:	21 87       	std	Z+9, r18	; 0x09

00001b24 <.Loc.895>:
/home/bezdred/Arduino/libraries/Adafruit_GFX_Library/Adafruit_GFX.cpp:1579
    _height = HEIGHT;
    1b24:	92 87       	std	Z+10, r25	; 0x0a
    1b26:	83 87       	std	Z+11, r24	; 0x0b

00001b28 <.Loc.896>:
/home/bezdred/Arduino/libraries/Adafruit_GFX_Library/Adafruit_GFX.cpp:1587
  case 3:
    _width = HEIGHT;
    _height = WIDTH;
    break;
  }
}
    1b28:	08 95       	ret

00001b2a <Adafruit_GFX::invertDisplay(bool)>:
Adafruit_GFX::invertDisplay(bool):
/home/bezdred/Arduino/libraries/Adafruit_GFX_Library/Adafruit_GFX.cpp:1800
*/
/**************************************************************************/
void Adafruit_GFX::invertDisplay(bool i) {
  // Do nothing, must be subclassed if supported by hardware
  (void)i; // disable -Wunused-parameter warning
}
    1b2a:	08 95       	ret

00001b2c <SPIClass::beginTransaction(SPISettings)>:
SPIClass::beginTransaction(SPISettings):
/home/bezdred/.arduino15/packages/MiniCore/hardware/avr/3.1.3/libraries/SPI/src/SPI.h:206
      digitalWrite(SPI_TRANSACTION_MISMATCH_LED, HIGH);
    }
    inTransactionFlag = 1;
    #endif

    SPCR = settings.spcr;
    1b2c:	8c bd       	out	0x2c, r24	; 44

00001b2e <.Loc.904>:
/home/bezdred/.arduino15/packages/MiniCore/hardware/avr/3.1.3/libraries/SPI/src/SPI.h:207
    SPSR = settings.spsr;
    1b2e:	9d bd       	out	0x2d, r25	; 45

00001b30 <.Loc.906>:
/home/bezdred/.arduino15/packages/MiniCore/hardware/avr/3.1.3/libraries/SPI/src/SPI.h:208
  }
    1b30:	08 95       	ret

00001b32 <SPIClass::endTransaction()>:
SPIClass::endTransaction():
/home/bezdred/.arduino15/packages/MiniCore/hardware/avr/3.1.3/libraries/SPI/src/SPI.h:287
      #endif
      {
        SREG = interruptSave;
      }
    }
  }
    1b32:	08 95       	ret

00001b34 <Adafruit_SSD1306::drawPixel(int, int, unsigned int)>:
Adafruit_SSD1306::drawPixel(int, int, unsigned int):
/home/bezdred/Arduino/libraries/Adafruit_SSD1306/Adafruit_SSD1306.cpp:659
    @return None (void).
    @note   Changes buffer contents only, no immediate effect on display.
            Follow up with a call to display(), or with other graphics
            commands as needed by one's own application.
*/
void Adafruit_SSD1306::drawPixel(int16_t x, int16_t y, uint16_t color) {
    1b34:	fc 01       	movw	r30, r24
    1b36:	db 01       	movw	r26, r22
    1b38:	ca 01       	movw	r24, r20

00001b3a <.Loc.912>:
    1b3a:	a9 01       	movw	r20, r18

00001b3c <.Loc.913>:
/home/bezdred/Arduino/libraries/Adafruit_SSD1306/Adafruit_SSD1306.cpp:660
  if ((x >= 0) && (x < width()) && (y >= 0) && (y < height())) {
    1b3c:	77 fd       	sbrc	r23, 7
    1b3e:	60 c0       	rjmp	.+192    	; 0x1c00 <.L175>

00001b40 <.LBB222>:
/home/bezdred/Arduino/libraries/Adafruit_SSD1306/Adafruit_SSD1306.cpp:660 (discriminator 1)
    1b40:	20 85       	ldd	r18, Z+8	; 0x08
    1b42:	31 85       	ldd	r19, Z+9	; 0x09

00001b44 <.Loc.919>:
    1b44:	62 17       	cp	r22, r18
    1b46:	73 07       	cpc	r23, r19
    1b48:	0c f0       	brlt	.+2      	; 0x1b4c <.Loc.920>

00001b4a <L0^A>:
    1b4a:	5a c0       	rjmp	.+180    	; 0x1c00 <.L175>

00001b4c <.Loc.920>:
/home/bezdred/Arduino/libraries/Adafruit_SSD1306/Adafruit_SSD1306.cpp:660 (discriminator 3)
    1b4c:	97 fd       	sbrc	r25, 7
    1b4e:	58 c0       	rjmp	.+176    	; 0x1c00 <.L175>

00001b50 <.LBB224>:
/home/bezdred/Arduino/libraries/Adafruit_SSD1306/Adafruit_SSD1306.cpp:660 (discriminator 1)
    1b50:	22 85       	ldd	r18, Z+10	; 0x0a
    1b52:	33 85       	ldd	r19, Z+11	; 0x0b
    1b54:	82 17       	cp	r24, r18
    1b56:	93 07       	cpc	r25, r19
    1b58:	0c f0       	brlt	.+2      	; 0x1b5c <.LBB226>

00001b5a <L0^A>:
    1b5a:	52 c0       	rjmp	.+164    	; 0x1c00 <.L175>

00001b5c <.LBB226>:
Adafruit_GFX::getRotation() const:
/home/bezdred/Arduino/libraries/Adafruit_GFX_Library/Adafruit_GFX.h:221
  /*!
    @brief      Get rotation setting for display
    @returns    0 thru 3 corresponding to 4 cardinal rotations
  */
  /************************************************************************/
  uint8_t getRotation(void) const { return rotation; }
    1b5c:	26 89       	ldd	r18, Z+22	; 0x16

00001b5e <.LBE228>:
Adafruit_SSD1306::drawPixel(int, int, unsigned int):
/home/bezdred/Arduino/libraries/Adafruit_SSD1306/Adafruit_SSD1306.cpp:662 (discriminator 1)
    // Pixel is in-bounds. Rotate coordinates if needed.
    switch (getRotation()) {
    1b5e:	22 30       	cpi	r18, 0x02	; 2
    1b60:	a9 f0       	breq	.+42     	; 0x1b8c <.L177>
    1b62:	23 30       	cpi	r18, 0x03	; 3
    1b64:	01 f1       	breq	.+64     	; 0x1ba6 <.L178>
    1b66:	21 30       	cpi	r18, 0x01	; 1
    1b68:	39 f4       	brne	.+14     	; 0x1b78 <.L179>

00001b6a <.Loc.932>:
/home/bezdred/Arduino/libraries/Adafruit_SSD1306/Adafruit_SSD1306.cpp:665
    case 1:
      ssd1306_swap(x, y);
      x = WIDTH - x - 1;
    1b6a:	24 81       	ldd	r18, Z+4	; 0x04
    1b6c:	35 81       	ldd	r19, Z+5	; 0x05
    1b6e:	28 1b       	sub	r18, r24
    1b70:	39 0b       	sbc	r19, r25

00001b72 <.Loc.936>:
/home/bezdred/Arduino/libraries/Adafruit_SSD1306/Adafruit_SSD1306.cpp:664
      ssd1306_swap(x, y);
    1b72:	cb 01       	movw	r24, r22

00001b74 <.Loc.938>:
/home/bezdred/Arduino/libraries/Adafruit_SSD1306/Adafruit_SSD1306.cpp:665
      x = WIDTH - x - 1;
    1b74:	d9 01       	movw	r26, r18
    1b76:	11 97       	sbiw	r26, 0x01	; 1

00001b78 <.L179>:
/home/bezdred/Arduino/libraries/Adafruit_SSD1306/Adafruit_SSD1306.cpp:676
    case 3:
      ssd1306_swap(x, y);
      y = HEIGHT - y - 1;
      break;
    }
    switch (color) {
    1b78:	41 30       	cpi	r20, 0x01	; 1
    1b7a:	51 05       	cpc	r21, r1
    1b7c:	e1 f0       	breq	.+56     	; 0x1bb6 <.L180>

00001b7e <.Loc.940>:
    1b7e:	42 30       	cpi	r20, 0x02	; 2
    1b80:	51 05       	cpc	r21, r1
    1b82:	09 f4       	brne	.+2      	; 0x1b86 <L0^A+0x2>

00001b84 <L0^A>:
    1b84:	67 c0       	rjmp	.+206    	; 0x1c54 <.L181>
    1b86:	45 2b       	or	r20, r21
    1b88:	e1 f1       	breq	.+120    	; 0x1c02 <.L182>
    1b8a:	08 95       	ret

00001b8c <.L177>:
/home/bezdred/Arduino/libraries/Adafruit_SSD1306/Adafruit_SSD1306.cpp:668
      x = WIDTH - x - 1;
    1b8c:	24 81       	ldd	r18, Z+4	; 0x04
    1b8e:	35 81       	ldd	r19, Z+5	; 0x05
    1b90:	26 1b       	sub	r18, r22
    1b92:	37 0b       	sbc	r19, r23

00001b94 <.Loc.944>:
    1b94:	d9 01       	movw	r26, r18
    1b96:	11 97       	sbiw	r26, 0x01	; 1

00001b98 <.Loc.945>:
/home/bezdred/Arduino/libraries/Adafruit_SSD1306/Adafruit_SSD1306.cpp:669
      y = HEIGHT - y - 1;
    1b98:	26 81       	ldd	r18, Z+6	; 0x06
    1b9a:	37 81       	ldd	r19, Z+7	; 0x07
    1b9c:	28 1b       	sub	r18, r24
    1b9e:	39 0b       	sbc	r19, r25

00001ba0 <.Loc.947>:
    1ba0:	c9 01       	movw	r24, r18

00001ba2 <.Loc.948>:
    1ba2:	01 97       	sbiw	r24, 0x01	; 1

00001ba4 <.Loc.949>:
/home/bezdred/Arduino/libraries/Adafruit_SSD1306/Adafruit_SSD1306.cpp:670
      break;
    1ba4:	e9 cf       	rjmp	.-46     	; 0x1b78 <.L179>

00001ba6 <.L178>:
/home/bezdred/Arduino/libraries/Adafruit_SSD1306/Adafruit_SSD1306.cpp:673
      y = HEIGHT - y - 1;
    1ba6:	26 81       	ldd	r18, Z+6	; 0x06
    1ba8:	37 81       	ldd	r19, Z+7	; 0x07
    1baa:	26 1b       	sub	r18, r22
    1bac:	37 0b       	sbc	r19, r23

00001bae <.Loc.954>:
/home/bezdred/Arduino/libraries/Adafruit_SSD1306/Adafruit_SSD1306.cpp:672
      ssd1306_swap(x, y);
    1bae:	dc 01       	movw	r26, r24

00001bb0 <.Loc.956>:
/home/bezdred/Arduino/libraries/Adafruit_SSD1306/Adafruit_SSD1306.cpp:673
      y = HEIGHT - y - 1;
    1bb0:	c9 01       	movw	r24, r18

00001bb2 <.Loc.957>:
    1bb2:	01 97       	sbiw	r24, 0x01	; 1

00001bb4 <.Loc.958>:
/home/bezdred/Arduino/libraries/Adafruit_SSD1306/Adafruit_SSD1306.cpp:674
      break;
    1bb4:	e1 cf       	rjmp	.-62     	; 0x1b78 <.L179>

00001bb6 <.L180>:
/home/bezdred/Arduino/libraries/Adafruit_SSD1306/Adafruit_SSD1306.cpp:678
    case SSD1306_WHITE:
      buffer[x + (y / 8) * WIDTH] |= (1 << (y & 7));
    1bb6:	9c 01       	movw	r18, r24
    1bb8:	97 ff       	sbrs	r25, 7
    1bba:	02 c0       	rjmp	.+4      	; 0x1bc0 <.L183>

00001bbc <.Loc.962>:
    1bbc:	29 5f       	subi	r18, 0xF9	; 249
    1bbe:	3f 4f       	sbci	r19, 0xFF	; 255

00001bc0 <.L183>:
    1bc0:	63 e0       	ldi	r22, 0x03	; 3

00001bc2 <.L1^B1>:
    1bc2:	35 95       	asr	r19
    1bc4:	27 95       	ror	r18
    1bc6:	6a 95       	dec	r22
    1bc8:	e1 f7       	brne	.-8      	; 0x1bc2 <.L1^B1>

00001bca <.Loc.964>:
    1bca:	64 81       	ldd	r22, Z+4	; 0x04
    1bcc:	75 81       	ldd	r23, Z+5	; 0x05
    1bce:	26 9f       	mul	r18, r22
    1bd0:	a0 01       	movw	r20, r0
    1bd2:	27 9f       	mul	r18, r23
    1bd4:	50 0d       	add	r21, r0
    1bd6:	36 9f       	mul	r19, r22
    1bd8:	50 0d       	add	r21, r0
    1bda:	11 24       	eor	r1, r1

00001bdc <.Loc.965>:
    1bdc:	4a 0f       	add	r20, r26
    1bde:	5b 1f       	adc	r21, r27
    1be0:	07 8c       	ldd	r0, Z+31	; 0x1f
    1be2:	f0 a1       	ldd	r31, Z+32	; 0x20
    1be4:	e0 2d       	mov	r30, r0

00001be6 <.Loc.966>:
    1be6:	e4 0f       	add	r30, r20
    1be8:	f5 1f       	adc	r31, r21

00001bea <.Loc.967>:
    1bea:	87 70       	andi	r24, 0x07	; 7
    1bec:	99 27       	eor	r25, r25

00001bee <.Loc.968>:
    1bee:	21 e0       	ldi	r18, 0x01	; 1
    1bf0:	30 e0       	ldi	r19, 0x00	; 0
    1bf2:	01 c0       	rjmp	.+2      	; 0x1bf6 <.L2^B1>

00001bf4 <.L1^B2>:
    1bf4:	22 0f       	add	r18, r18

00001bf6 <.L2^B1>:
    1bf6:	8a 95       	dec	r24
    1bf8:	ea f7       	brpl	.-6      	; 0x1bf4 <.L1^B2>

00001bfa <.Loc.969>:
    1bfa:	80 81       	ld	r24, Z
    1bfc:	82 2b       	or	r24, r18

00001bfe <.L186>:
/home/bezdred/Arduino/libraries/Adafruit_SSD1306/Adafruit_SSD1306.cpp:684
      break;
    case SSD1306_BLACK:
      buffer[x + (y / 8) * WIDTH] &= ~(1 << (y & 7));
      break;
    case SSD1306_INVERSE:
      buffer[x + (y / 8) * WIDTH] ^= (1 << (y & 7));
    1bfe:	80 83       	st	Z, r24

00001c00 <.L175>:
/home/bezdred/Arduino/libraries/Adafruit_SSD1306/Adafruit_SSD1306.cpp:688
      break;
    }
  }
}
    1c00:	08 95       	ret

00001c02 <.L182>:
/home/bezdred/Arduino/libraries/Adafruit_SSD1306/Adafruit_SSD1306.cpp:681
      buffer[x + (y / 8) * WIDTH] &= ~(1 << (y & 7));
    1c02:	9c 01       	movw	r18, r24
    1c04:	97 ff       	sbrs	r25, 7
    1c06:	02 c0       	rjmp	.+4      	; 0x1c0c <.L184>

00001c08 <.Loc.977>:
    1c08:	29 5f       	subi	r18, 0xF9	; 249
    1c0a:	3f 4f       	sbci	r19, 0xFF	; 255

00001c0c <.L184>:
    1c0c:	53 e0       	ldi	r21, 0x03	; 3

00001c0e <.L1^B3>:
    1c0e:	35 95       	asr	r19
    1c10:	27 95       	ror	r18
    1c12:	5a 95       	dec	r21
    1c14:	e1 f7       	brne	.-8      	; 0x1c0e <.L1^B3>

00001c16 <.Loc.979>:
    1c16:	64 81       	ldd	r22, Z+4	; 0x04
    1c18:	75 81       	ldd	r23, Z+5	; 0x05

00001c1a <.Loc.980>:
    1c1a:	26 9f       	mul	r18, r22
    1c1c:	a0 01       	movw	r20, r0
    1c1e:	27 9f       	mul	r18, r23
    1c20:	50 0d       	add	r21, r0
    1c22:	36 9f       	mul	r19, r22
    1c24:	50 0d       	add	r21, r0
    1c26:	11 24       	eor	r1, r1

00001c28 <.Loc.981>:
    1c28:	4a 0f       	add	r20, r26
    1c2a:	5b 1f       	adc	r21, r27
    1c2c:	07 8c       	ldd	r0, Z+31	; 0x1f
    1c2e:	f0 a1       	ldd	r31, Z+32	; 0x20
    1c30:	e0 2d       	mov	r30, r0

00001c32 <.Loc.982>:
    1c32:	e4 0f       	add	r30, r20
    1c34:	f5 1f       	adc	r31, r21

00001c36 <.Loc.983>:
    1c36:	87 70       	andi	r24, 0x07	; 7
    1c38:	99 27       	eor	r25, r25

00001c3a <.Loc.984>:
    1c3a:	21 e0       	ldi	r18, 0x01	; 1
    1c3c:	30 e0       	ldi	r19, 0x00	; 0
    1c3e:	a9 01       	movw	r20, r18
    1c40:	02 c0       	rjmp	.+4      	; 0x1c46 <.L2^B2>

00001c42 <.L1^B4>:
    1c42:	44 0f       	add	r20, r20
    1c44:	55 1f       	adc	r21, r21

00001c46 <.L2^B2>:
    1c46:	8a 95       	dec	r24
    1c48:	e2 f7       	brpl	.-8      	; 0x1c42 <.L1^B4>
    1c4a:	ca 01       	movw	r24, r20

00001c4c <.Loc.985>:
    1c4c:	80 95       	com	r24
    1c4e:	90 81       	ld	r25, Z
    1c50:	89 23       	and	r24, r25
    1c52:	d5 cf       	rjmp	.-86     	; 0x1bfe <.L186>

00001c54 <.L181>:
/home/bezdred/Arduino/libraries/Adafruit_SSD1306/Adafruit_SSD1306.cpp:684
      buffer[x + (y / 8) * WIDTH] ^= (1 << (y & 7));
    1c54:	9c 01       	movw	r18, r24
    1c56:	97 ff       	sbrs	r25, 7
    1c58:	02 c0       	rjmp	.+4      	; 0x1c5e <.L185>

00001c5a <.Loc.989>:
    1c5a:	29 5f       	subi	r18, 0xF9	; 249
    1c5c:	3f 4f       	sbci	r19, 0xFF	; 255

00001c5e <.L185>:
    1c5e:	43 e0       	ldi	r20, 0x03	; 3

00001c60 <.L1^B5>:
    1c60:	35 95       	asr	r19
    1c62:	27 95       	ror	r18
    1c64:	4a 95       	dec	r20
    1c66:	e1 f7       	brne	.-8      	; 0x1c60 <.L1^B5>

00001c68 <.Loc.991>:
    1c68:	64 81       	ldd	r22, Z+4	; 0x04
    1c6a:	75 81       	ldd	r23, Z+5	; 0x05

00001c6c <.Loc.992>:
    1c6c:	26 9f       	mul	r18, r22
    1c6e:	a0 01       	movw	r20, r0
    1c70:	27 9f       	mul	r18, r23
    1c72:	50 0d       	add	r21, r0
    1c74:	36 9f       	mul	r19, r22
    1c76:	50 0d       	add	r21, r0
    1c78:	11 24       	eor	r1, r1
    1c7a:	4a 0f       	add	r20, r26
    1c7c:	5b 1f       	adc	r21, r27
    1c7e:	07 8c       	ldd	r0, Z+31	; 0x1f
    1c80:	f0 a1       	ldd	r31, Z+32	; 0x20
    1c82:	e0 2d       	mov	r30, r0

00001c84 <.Loc.993>:
    1c84:	e4 0f       	add	r30, r20
    1c86:	f5 1f       	adc	r31, r21

00001c88 <.Loc.994>:
    1c88:	87 70       	andi	r24, 0x07	; 7
    1c8a:	99 27       	eor	r25, r25

00001c8c <.Loc.995>:
    1c8c:	21 e0       	ldi	r18, 0x01	; 1
    1c8e:	30 e0       	ldi	r19, 0x00	; 0
    1c90:	01 c0       	rjmp	.+2      	; 0x1c94 <.L2^B3>

00001c92 <.L1^B6>:
    1c92:	22 0f       	add	r18, r18

00001c94 <.L2^B3>:
    1c94:	8a 95       	dec	r24
    1c96:	ea f7       	brpl	.-6      	; 0x1c92 <.L1^B6>

00001c98 <.Loc.996>:
    1c98:	80 81       	ld	r24, Z
    1c9a:	82 27       	eor	r24, r18
    1c9c:	b0 cf       	rjmp	.-160    	; 0x1bfe <.L186>

00001c9e <Adafruit_SSD1306::drawFastHLineInternal(int, int, int, unsigned int)>:
Adafruit_SSD1306::drawFastHLineInternal(int, int, int, unsigned int):
/home/bezdred/Arduino/libraries/Adafruit_SSD1306/Adafruit_SSD1306.cpp:767
    @note   Changes buffer contents only, no immediate effect on display.
            Follow up with a call to display(), or with other graphics
            commands as needed by one's own application.
*/
void Adafruit_SSD1306::drawFastHLineInternal(int16_t x, int16_t y, int16_t w,
                                             uint16_t color) {
    1c9e:	0f 93       	push	r16
    1ca0:	1f 93       	push	r17
    1ca2:	cf 93       	push	r28
    1ca4:	df 93       	push	r29
    1ca6:	dc 01       	movw	r26, r24
    1ca8:	fb 01       	movw	r30, r22
    1caa:	ba 01       	movw	r22, r20

00001cac <.Loc.999>:
    1cac:	c9 01       	movw	r24, r18

00001cae <.Loc.1000>:
    1cae:	a8 01       	movw	r20, r16

00001cb0 <.Loc.1001>:
/home/bezdred/Arduino/libraries/Adafruit_SSD1306/Adafruit_SSD1306.cpp:769

  if ((y >= 0) && (y < HEIGHT)) { // Y coord in bounds?
    1cb0:	77 fd       	sbrc	r23, 7
    1cb2:	42 c0       	rjmp	.+132    	; 0x1d38 <.L187>

00001cb4 <.Loc.1002>:
/home/bezdred/Arduino/libraries/Adafruit_SSD1306/Adafruit_SSD1306.cpp:769 (discriminator 1)
    1cb4:	16 96       	adiw	r26, 0x06	; 6
    1cb6:	2d 91       	ld	r18, X+
    1cb8:	3c 91       	ld	r19, X
    1cba:	17 97       	sbiw	r26, 0x07	; 7

00001cbc <.Loc.1003>:
    1cbc:	62 17       	cp	r22, r18
    1cbe:	73 07       	cpc	r23, r19
    1cc0:	dc f5       	brge	.+118    	; 0x1d38 <.L187>

00001cc2 <.LBB240>:
/home/bezdred/Arduino/libraries/Adafruit_SSD1306/Adafruit_SSD1306.cpp:770
    if (x < 0) {                  // Clip left
    1cc2:	f7 ff       	sbrs	r31, 7
    1cc4:	04 c0       	rjmp	.+8      	; 0x1cce <.L191>

00001cc6 <.Loc.1007>:
/home/bezdred/Arduino/libraries/Adafruit_SSD1306/Adafruit_SSD1306.cpp:771
      w += x;
    1cc6:	8e 0f       	add	r24, r30
    1cc8:	9f 1f       	adc	r25, r31

00001cca <.Loc.1008>:
/home/bezdred/Arduino/libraries/Adafruit_SSD1306/Adafruit_SSD1306.cpp:772
      x = 0;
    1cca:	e0 e0       	ldi	r30, 0x00	; 0
    1ccc:	f0 e0       	ldi	r31, 0x00	; 0

00001cce <.L191>:
/home/bezdred/Arduino/libraries/Adafruit_SSD1306/Adafruit_SSD1306.cpp:774
    }
    if ((x + w) > WIDTH) { // Clip right
    1cce:	14 96       	adiw	r26, 0x04	; 4
    1cd0:	cd 91       	ld	r28, X+
    1cd2:	dc 91       	ld	r29, X
    1cd4:	15 97       	sbiw	r26, 0x05	; 5

00001cd6 <.Loc.1011>:
    1cd6:	9f 01       	movw	r18, r30
    1cd8:	28 0f       	add	r18, r24
    1cda:	39 1f       	adc	r19, r25

00001cdc <.Loc.1012>:
    1cdc:	c2 17       	cp	r28, r18
    1cde:	d3 07       	cpc	r29, r19
    1ce0:	1c f4       	brge	.+6      	; 0x1ce8 <.L192>

00001ce2 <.Loc.1013>:
/home/bezdred/Arduino/libraries/Adafruit_SSD1306/Adafruit_SSD1306.cpp:775
      w = (WIDTH - x);
    1ce2:	ce 01       	movw	r24, r28
    1ce4:	8e 1b       	sub	r24, r30
    1ce6:	9f 0b       	sbc	r25, r31

00001ce8 <.L192>:
/home/bezdred/Arduino/libraries/Adafruit_SSD1306/Adafruit_SSD1306.cpp:777
    }
    if (w > 0) { // Proceed only if width is positive
    1ce8:	18 16       	cp	r1, r24
    1cea:	19 06       	cpc	r1, r25
    1cec:	2c f5       	brge	.+74     	; 0x1d38 <.L187>

00001cee <.LBB243>:
/home/bezdred/Arduino/libraries/Adafruit_SSD1306/Adafruit_SSD1306.cpp:778
      uint8_t *pBuf = &buffer[(y / 8) * WIDTH + x], mask = 1 << (y & 7);
    1cee:	8b 01       	movw	r16, r22

00001cf0 <.Loc.1018>:
    1cf0:	23 e0       	ldi	r18, 0x03	; 3

00001cf2 <.L1^B7>:
    1cf2:	15 95       	asr	r17
    1cf4:	07 95       	ror	r16
    1cf6:	2a 95       	dec	r18
    1cf8:	e1 f7       	brne	.-8      	; 0x1cf2 <.L1^B7>

00001cfa <.Loc.1019>:
    1cfa:	0c 9f       	mul	r16, r28
    1cfc:	90 01       	movw	r18, r0
    1cfe:	0d 9f       	mul	r16, r29
    1d00:	30 0d       	add	r19, r0
    1d02:	1c 9f       	mul	r17, r28
    1d04:	30 0d       	add	r19, r0
    1d06:	11 24       	eor	r1, r1

00001d08 <.Loc.1020>:
    1d08:	2e 0f       	add	r18, r30
    1d0a:	3f 1f       	adc	r19, r31

00001d0c <.Loc.1021>:
    1d0c:	5f 96       	adiw	r26, 0x1f	; 31
    1d0e:	ed 91       	ld	r30, X+
    1d10:	fc 91       	ld	r31, X

00001d12 <.Loc.1022>:
    1d12:	e2 0f       	add	r30, r18
    1d14:	f3 1f       	adc	r31, r19

00001d16 <.LVL389>:
    1d16:	67 70       	andi	r22, 0x07	; 7
    1d18:	77 27       	eor	r23, r23

00001d1a <.Loc.1024>:
    1d1a:	21 e0       	ldi	r18, 0x01	; 1
    1d1c:	30 e0       	ldi	r19, 0x00	; 0
    1d1e:	01 c0       	rjmp	.+2      	; 0x1d22 <.L2^B4>

00001d20 <.L1^B8>:
    1d20:	22 0f       	add	r18, r18

00001d22 <.L2^B4>:
    1d22:	6a 95       	dec	r22
    1d24:	ea f7       	brpl	.-6      	; 0x1d20 <.L1^B8>

00001d26 <.Loc.1025>:
    1d26:	62 2f       	mov	r22, r18

00001d28 <.LVL391>:
/home/bezdred/Arduino/libraries/Adafruit_SSD1306/Adafruit_SSD1306.cpp:779
      switch (color) {
    1d28:	41 30       	cpi	r20, 0x01	; 1
    1d2a:	51 05       	cpc	r21, r1
    1d2c:	a9 f0       	breq	.+42     	; 0x1d58 <.L193>
    1d2e:	42 30       	cpi	r20, 0x02	; 2
    1d30:	51 05       	cpc	r21, r1
    1d32:	39 f0       	breq	.+14     	; 0x1d42 <.L194>
    1d34:	45 2b       	or	r20, r21
    1d36:	e1 f0       	breq	.+56     	; 0x1d70 <.L195>

00001d38 <.L187>:
/home/bezdred/Arduino/libraries/Adafruit_SSD1306/Adafruit_SSD1306.cpp:799
        };
        break;
      }
    }
  }
}
    1d38:	df 91       	pop	r29
    1d3a:	cf 91       	pop	r28
    1d3c:	1f 91       	pop	r17
    1d3e:	0f 91       	pop	r16
    1d40:	08 95       	ret

00001d42 <.L194>:
    1d42:	8e 0f       	add	r24, r30
    1d44:	9f 1f       	adc	r25, r31

00001d46 <.L196>:
/home/bezdred/Arduino/libraries/Adafruit_SSD1306/Adafruit_SSD1306.cpp:792
        while (w--) {
    1d46:	e8 17       	cp	r30, r24
    1d48:	f9 07       	cpc	r31, r25
    1d4a:	b1 f3       	breq	.-20     	; 0x1d38 <.L187>

00001d4c <.Loc.1032>:
/home/bezdred/Arduino/libraries/Adafruit_SSD1306/Adafruit_SSD1306.cpp:793
          *pBuf++ ^= mask;
    1d4c:	df 01       	movw	r26, r30

00001d4e <.Loc.1034>:
    1d4e:	2d 91       	ld	r18, X+

00001d50 <.Loc.1035>:
    1d50:	26 27       	eor	r18, r22
    1d52:	20 83       	st	Z, r18

00001d54 <.Loc.1036>:
    1d54:	fd 01       	movw	r30, r26
    1d56:	f7 cf       	rjmp	.-18     	; 0x1d46 <.L196>

00001d58 <.L193>:
    1d58:	9f 01       	movw	r18, r30

00001d5a <.Loc.1038>:
    1d5a:	28 0f       	add	r18, r24
    1d5c:	39 1f       	adc	r19, r25

00001d5e <.L197>:
/home/bezdred/Arduino/libraries/Adafruit_SSD1306/Adafruit_SSD1306.cpp:781
        while (w--) {
    1d5e:	e2 17       	cp	r30, r18
    1d60:	f3 07       	cpc	r31, r19
    1d62:	51 f3       	breq	.-44     	; 0x1d38 <.L187>

00001d64 <.Loc.1041>:
/home/bezdred/Arduino/libraries/Adafruit_SSD1306/Adafruit_SSD1306.cpp:782
          *pBuf++ |= mask;
    1d64:	df 01       	movw	r26, r30

00001d66 <.Loc.1043>:
    1d66:	9d 91       	ld	r25, X+

00001d68 <.Loc.1044>:
    1d68:	96 2b       	or	r25, r22
    1d6a:	90 83       	st	Z, r25

00001d6c <.Loc.1045>:
    1d6c:	fd 01       	movw	r30, r26
    1d6e:	f7 cf       	rjmp	.-18     	; 0x1d5e <.L197>

00001d70 <.L195>:
/home/bezdred/Arduino/libraries/Adafruit_SSD1306/Adafruit_SSD1306.cpp:786
        mask = ~mask;
    1d70:	20 95       	com	r18

00001d72 <.Loc.1049>:
/home/bezdred/Arduino/libraries/Adafruit_SSD1306/Adafruit_SSD1306.cpp:787
        while (w--) {
    1d72:	8e 0f       	add	r24, r30
    1d74:	9f 1f       	adc	r25, r31

00001d76 <.L199>:
    1d76:	e8 17       	cp	r30, r24
    1d78:	f9 07       	cpc	r31, r25
    1d7a:	f1 f2       	breq	.-68     	; 0x1d38 <.L187>

00001d7c <.Loc.1052>:
/home/bezdred/Arduino/libraries/Adafruit_SSD1306/Adafruit_SSD1306.cpp:788
          *pBuf++ &= mask;
    1d7c:	df 01       	movw	r26, r30

00001d7e <.Loc.1054>:
    1d7e:	3d 91       	ld	r19, X+

00001d80 <.Loc.1055>:
    1d80:	32 23       	and	r19, r18
    1d82:	30 83       	st	Z, r19

00001d84 <.Loc.1056>:
    1d84:	fd 01       	movw	r30, r26
    1d86:	f7 cf       	rjmp	.-18     	; 0x1d76 <.L199>

00001d88 <Adafruit_SSD1306::drawFastVLineInternal(int, int, int, unsigned int) [clone .part.0]>:
Adafruit_SSD1306::drawFastVLineInternal(int, int, int, unsigned int):
/home/bezdred/Arduino/libraries/Adafruit_SSD1306/Adafruit_SSD1306.cpp:865
    @return None (void).
    @note   Changes buffer contents only, no immediate effect on display.
            Follow up with a call to display(), or with other graphics
            commands as needed by one's own application.
*/
void Adafruit_SSD1306::drawFastVLineInternal(int16_t x, int16_t __y,
    1d88:	0f 93       	push	r16
    1d8a:	1f 93       	push	r17
    1d8c:	cf 93       	push	r28
    1d8e:	df 93       	push	r29
    1d90:	ec 01       	movw	r28, r24
    1d92:	fb 01       	movw	r30, r22
    1d94:	ba 01       	movw	r22, r20

00001d96 <.Loc.1059>:
    1d96:	a9 01       	movw	r20, r18

00001d98 <.Loc.1060>:
    1d98:	98 01       	movw	r18, r16

00001d9a <.Loc.1061>:
/home/bezdred/Arduino/libraries/Adafruit_SSD1306/Adafruit_SSD1306.cpp:868 (discriminator 1)
                                             int16_t __h, uint16_t color) {

  if ((x >= 0) && (x < WIDTH)) { // X coord in bounds?
    1d9a:	0c 81       	ldd	r16, Y+4	; 0x04
    1d9c:	1d 81       	ldd	r17, Y+5	; 0x05

00001d9e <.Loc.1062>:
    1d9e:	e0 17       	cp	r30, r16
    1da0:	f1 07       	cpc	r31, r17
    1da2:	0c f0       	brlt	.+2      	; 0x1da6 <.Loc.1063>

00001da4 <L0^A>:
    1da4:	6d c0       	rjmp	.+218    	; 0x1e80 <.L202>

00001da6 <.Loc.1063>:
/home/bezdred/Arduino/libraries/Adafruit_SSD1306/Adafruit_SSD1306.cpp:869
    if (__y < 0) {               // Clip top
    1da6:	77 ff       	sbrs	r23, 7
    1da8:	04 c0       	rjmp	.+8      	; 0x1db2 <.L205>

00001daa <.Loc.1064>:
/home/bezdred/Arduino/libraries/Adafruit_SSD1306/Adafruit_SSD1306.cpp:870
      __h += __y;
    1daa:	46 0f       	add	r20, r22
    1dac:	57 1f       	adc	r21, r23

00001dae <.Loc.1065>:
/home/bezdred/Arduino/libraries/Adafruit_SSD1306/Adafruit_SSD1306.cpp:871
      __y = 0;
    1dae:	60 e0       	ldi	r22, 0x00	; 0
    1db0:	70 e0       	ldi	r23, 0x00	; 0

00001db2 <.L205>:
/home/bezdred/Arduino/libraries/Adafruit_SSD1306/Adafruit_SSD1306.cpp:873
    }
    if ((__y + __h) > HEIGHT) { // Clip bottom
    1db2:	8e 81       	ldd	r24, Y+6	; 0x06
    1db4:	9f 81       	ldd	r25, Y+7	; 0x07

00001db6 <.Loc.1068>:
    1db6:	db 01       	movw	r26, r22
    1db8:	a4 0f       	add	r26, r20
    1dba:	b5 1f       	adc	r27, r21

00001dbc <.Loc.1069>:
    1dbc:	8a 17       	cp	r24, r26
    1dbe:	9b 07       	cpc	r25, r27
    1dc0:	1c f4       	brge	.+6      	; 0x1dc8 <.L206>

00001dc2 <.Loc.1070>:
/home/bezdred/Arduino/libraries/Adafruit_SSD1306/Adafruit_SSD1306.cpp:874
      __h = (HEIGHT - __y);
    1dc2:	ac 01       	movw	r20, r24

00001dc4 <.Loc.1072>:
    1dc4:	46 1b       	sub	r20, r22
    1dc6:	57 0b       	sbc	r21, r23

00001dc8 <.L206>:
/home/bezdred/Arduino/libraries/Adafruit_SSD1306/Adafruit_SSD1306.cpp:876
    }
    if (__h > 0) { // Proceed only if height is now positive
    1dc8:	14 16       	cp	r1, r20
    1dca:	15 06       	cpc	r1, r21
    1dcc:	0c f0       	brlt	.+2      	; 0x1dd0 <.LBB251>

00001dce <L0^A>:
    1dce:	58 c0       	rjmp	.+176    	; 0x1e80 <.L202>

00001dd0 <.LBB251>:
/home/bezdred/Arduino/libraries/Adafruit_SSD1306/Adafruit_SSD1306.cpp:879
      // this display doesn't need ints for coordinates,
      // use local byte registers for faster juggling
      uint8_t y = __y, h = __h;
    1dd0:	84 2f       	mov	r24, r20

00001dd2 <.LVL418>:
/home/bezdred/Arduino/libraries/Adafruit_SSD1306/Adafruit_SSD1306.cpp:880
      uint8_t *pBuf = &buffer[(y / 8) * WIDTH + x];
    1dd2:	96 2f       	mov	r25, r22
    1dd4:	96 95       	lsr	r25
    1dd6:	96 95       	lsr	r25
    1dd8:	96 95       	lsr	r25

00001dda <.Loc.1078>:
    1dda:	90 9f       	mul	r25, r16
    1ddc:	d0 01       	movw	r26, r0
    1dde:	91 9f       	mul	r25, r17
    1de0:	b0 0d       	add	r27, r0
    1de2:	11 24       	eor	r1, r1

00001de4 <.Loc.1079>:
    1de4:	ea 0f       	add	r30, r26
    1de6:	fb 1f       	adc	r31, r27

00001de8 <.Loc.1080>:
    1de8:	af 8d       	ldd	r26, Y+31	; 0x1f
    1dea:	b8 a1       	ldd	r27, Y+32	; 0x20
    1dec:	ae 0f       	add	r26, r30
    1dee:	bf 1f       	adc	r27, r31

00001df0 <.LVL420>:
/home/bezdred/Arduino/libraries/Adafruit_SSD1306/Adafruit_SSD1306.cpp:883

      // do the first partial byte, if necessary - this requires some masking
      uint8_t mod = (y & 7);
    1df0:	67 70       	andi	r22, 0x07	; 7

00001df2 <.LVL421>:
/home/bezdred/Arduino/libraries/Adafruit_SSD1306/Adafruit_SSD1306.cpp:884
      if (mod) {
    1df2:	61 15       	cp	r22, r1
    1df4:	21 f1       	breq	.+72     	; 0x1e3e <.L208>

00001df6 <.LBB253>:
/home/bezdred/Arduino/libraries/Adafruit_SSD1306/Adafruit_SSD1306.cpp:886
        // mask off the high n bits we want to set
        mod = 8 - mod;
    1df6:	98 e0       	ldi	r25, 0x08	; 8
    1df8:	96 1b       	sub	r25, r22
    1dfa:	69 2f       	mov	r22, r25

00001dfc <.LBB254>:
/home/bezdred/Arduino/libraries/Adafruit_SSD1306/Adafruit_SSD1306.cpp:892
        // note - lookup table results in a nearly 10% performance
        // improvement in fill* functions
        // uint8_t mask = ~(0xFF >> mod);
        static const uint8_t PROGMEM premask[8] = {0x00, 0x80, 0xC0, 0xE0,
                                                   0xF0, 0xF8, 0xFC, 0xFE};
        uint8_t mask = pgm_read_byte(&premask[mod]);
    1dfc:	09 2f       	mov	r16, r25
    1dfe:	10 e0       	ldi	r17, 0x00	; 0
    1e00:	f8 01       	movw	r30, r16
    1e02:	e5 52       	subi	r30, 0x25	; 37
    1e04:	f9 4f       	sbci	r31, 0xF9	; 249
    1e06:	e4 91       	lpm	r30, Z

00001e08 <.LBE254>:
/home/bezdred/Arduino/libraries/Adafruit_SSD1306/Adafruit_SSD1306.cpp:894
        // adjust the mask if we're not going to reach the end of this byte
        if (h < mod)
    1e08:	49 17       	cp	r20, r25
    1e0a:	50 f4       	brcc	.+20     	; 0x1e20 <.L209>

00001e0c <.Loc.1094>:
/home/bezdred/Arduino/libraries/Adafruit_SSD1306/Adafruit_SSD1306.cpp:895
          mask &= (0XFF >> (mod - h));
    1e0c:	04 1b       	sub	r16, r20
    1e0e:	11 09       	sbc	r17, r1

00001e10 <.Loc.1096>:
    1e10:	4f ef       	ldi	r20, 0xFF	; 255
    1e12:	50 e0       	ldi	r21, 0x00	; 0

00001e14 <.Loc.1097>:
    1e14:	02 c0       	rjmp	.+4      	; 0x1e1a <.L2^B5>

00001e16 <.L1^B9>:
    1e16:	55 95       	asr	r21
    1e18:	47 95       	ror	r20

00001e1a <.L2^B5>:
    1e1a:	0a 95       	dec	r16
    1e1c:	e2 f7       	brpl	.-8      	; 0x1e16 <.L1^B9>

00001e1e <.Loc.1098>:
    1e1e:	e4 23       	and	r30, r20

00001e20 <.L209>:
/home/bezdred/Arduino/libraries/Adafruit_SSD1306/Adafruit_SSD1306.cpp:897

        switch (color) {
    1e20:	21 30       	cpi	r18, 0x01	; 1
    1e22:	31 05       	cpc	r19, r1
    1e24:	91 f1       	breq	.+100    	; 0x1e8a <.L210>
    1e26:	22 30       	cpi	r18, 0x02	; 2
    1e28:	31 05       	cpc	r19, r1
    1e2a:	b9 f1       	breq	.+110    	; 0x1e9a <.L211>
    1e2c:	21 15       	cp	r18, r1
    1e2e:	31 05       	cpc	r19, r1
    1e30:	81 f1       	breq	.+96     	; 0x1e92 <.L212>

00001e32 <.L213>:
/home/bezdred/Arduino/libraries/Adafruit_SSD1306/Adafruit_SSD1306.cpp:911
          break;
        }
        pBuf += WIDTH;
      }

      if (h >= mod) { // More to go?
    1e32:	86 17       	cp	r24, r22
    1e34:	28 f1       	brcs	.+74     	; 0x1e80 <.L202>

00001e36 <.Loc.1103>:
/home/bezdred/Arduino/libraries/Adafruit_SSD1306/Adafruit_SSD1306.cpp:908
        pBuf += WIDTH;
    1e36:	4c 81       	ldd	r20, Y+4	; 0x04
    1e38:	5d 81       	ldd	r21, Y+5	; 0x05
    1e3a:	a4 0f       	add	r26, r20
    1e3c:	b5 1f       	adc	r27, r21

00001e3e <.L208>:
/home/bezdred/Arduino/libraries/Adafruit_SSD1306/Adafruit_SSD1306.cpp:912
        h -= mod;
    1e3e:	e8 2f       	mov	r30, r24
    1e40:	e6 1b       	sub	r30, r22

00001e42 <.Loc.1107>:
/home/bezdred/Arduino/libraries/Adafruit_SSD1306/Adafruit_SSD1306.cpp:914
        // Write solid bytes while we can - effectively 8 rows at a time
        if (h >= 8) {
    1e42:	e8 30       	cpi	r30, 0x08	; 8
    1e44:	78 f0       	brcs	.+30     	; 0x1e64 <.L214>

00001e46 <.Loc.1108>:
/home/bezdred/Arduino/libraries/Adafruit_SSD1306/Adafruit_SSD1306.cpp:915
          if (color == SSD1306_INVERSE) {
    1e46:	22 30       	cpi	r18, 0x02	; 2
    1e48:	31 05       	cpc	r19, r1
    1e4a:	51 f5       	brne	.+84     	; 0x1ea0 <.L215>

00001e4c <.Loc.1109>:
/home/bezdred/Arduino/libraries/Adafruit_SSD1306/Adafruit_SSD1306.cpp:912
        h -= mod;
    1e4c:	8e 2f       	mov	r24, r30

00001e4e <.L216>:
/home/bezdred/Arduino/libraries/Adafruit_SSD1306/Adafruit_SSD1306.cpp:919
            // separate copy of the code so we don't impact performance of
            // black/white write version with an extra comparison per loop
            do {
              *pBuf ^= 0xFF; // Invert byte
    1e4e:	9c 91       	ld	r25, X
    1e50:	90 95       	com	r25
    1e52:	9c 93       	st	X, r25

00001e54 <.Loc.1113>:
/home/bezdred/Arduino/libraries/Adafruit_SSD1306/Adafruit_SSD1306.cpp:920
              pBuf += WIDTH; // Advance pointer 8 rows
    1e54:	4c 81       	ldd	r20, Y+4	; 0x04
    1e56:	5d 81       	ldd	r21, Y+5	; 0x05
    1e58:	a4 0f       	add	r26, r20
    1e5a:	b5 1f       	adc	r27, r21

00001e5c <.Loc.1115>:
/home/bezdred/Arduino/libraries/Adafruit_SSD1306/Adafruit_SSD1306.cpp:921
              h -= 8;        // Subtract 8 rows from height
    1e5c:	88 50       	subi	r24, 0x08	; 8

00001e5e <.Loc.1117>:
/home/bezdred/Arduino/libraries/Adafruit_SSD1306/Adafruit_SSD1306.cpp:922 (discriminator 1)
            } while (h >= 8);
    1e5e:	88 30       	cpi	r24, 0x08	; 8
    1e60:	b0 f7       	brcc	.-20     	; 0x1e4e <.L216>

00001e62 <.L231>:
    1e62:	e7 70       	andi	r30, 0x07	; 7

00001e64 <.L214>:
/home/bezdred/Arduino/libraries/Adafruit_SSD1306/Adafruit_SSD1306.cpp:934
              h -= 8;        // Subtract 8 rows from height
            } while (h >= 8);
          }
        }

        if (h) { // Do the final partial byte, if necessary
    1e64:	e1 15       	cp	r30, r1
    1e66:	61 f0       	breq	.+24     	; 0x1e80 <.L202>

00001e68 <.LBB269>:
/home/bezdred/Arduino/libraries/Adafruit_SSD1306/Adafruit_SSD1306.cpp:943
          // uint8_t mask = (1 << mod) - 1;
          // note - lookup table results in a nearly 10% performance
          // improvement in fill* functions
          static const uint8_t PROGMEM postmask[8] = {0x00, 0x01, 0x03, 0x07,
                                                      0x0F, 0x1F, 0x3F, 0x7F};
          uint8_t mask = pgm_read_byte(&postmask[mod]);
    1e68:	f0 e0       	ldi	r31, 0x00	; 0
    1e6a:	ed 52       	subi	r30, 0x2D	; 45
    1e6c:	f9 4f       	sbci	r31, 0xF9	; 249

00001e6e <.Loc.1127>:
    1e6e:	e4 91       	lpm	r30, Z

00001e70 <.LBE270>:
/home/bezdred/Arduino/libraries/Adafruit_SSD1306/Adafruit_SSD1306.cpp:944
          switch (color) {
    1e70:	21 30       	cpi	r18, 0x01	; 1
    1e72:	31 05       	cpc	r19, r1
    1e74:	29 f1       	breq	.+74     	; 0x1ec0 <.L219>
    1e76:	22 30       	cpi	r18, 0x02	; 2
    1e78:	31 05       	cpc	r19, r1
    1e7a:	51 f1       	breq	.+84     	; 0x1ed0 <.L220>
    1e7c:	23 2b       	or	r18, r19
    1e7e:	21 f1       	breq	.+72     	; 0x1ec8 <.L221>

00001e80 <.L202>:
/home/bezdred/Arduino/libraries/Adafruit_SSD1306/Adafruit_SSD1306.cpp:959
          }
        }
      }
    } // endif positive height
  } // endif x in bounds
}
    1e80:	df 91       	pop	r29
    1e82:	cf 91       	pop	r28

00001e84 <.Loc.1133>:
    1e84:	1f 91       	pop	r17
    1e86:	0f 91       	pop	r16
    1e88:	08 95       	ret

00001e8a <.L210>:
/home/bezdred/Arduino/libraries/Adafruit_SSD1306/Adafruit_SSD1306.cpp:899
          *pBuf |= mask;
    1e8a:	9c 91       	ld	r25, X
    1e8c:	9e 2b       	or	r25, r30

00001e8e <.L230>:
/home/bezdred/Arduino/libraries/Adafruit_SSD1306/Adafruit_SSD1306.cpp:905
          *pBuf ^= mask;
    1e8e:	9c 93       	st	X, r25

00001e90 <.Loc.1138>:
/home/bezdred/Arduino/libraries/Adafruit_SSD1306/Adafruit_SSD1306.cpp:906
          break;
    1e90:	d0 cf       	rjmp	.-96     	; 0x1e32 <.L213>

00001e92 <.L212>:
/home/bezdred/Arduino/libraries/Adafruit_SSD1306/Adafruit_SSD1306.cpp:902
          *pBuf &= ~mask;
    1e92:	e0 95       	com	r30

00001e94 <.Loc.1142>:
    1e94:	9c 91       	ld	r25, X
    1e96:	9e 23       	and	r25, r30
    1e98:	fa cf       	rjmp	.-12     	; 0x1e8e <.L230>

00001e9a <.L211>:
/home/bezdred/Arduino/libraries/Adafruit_SSD1306/Adafruit_SSD1306.cpp:905
          *pBuf ^= mask;
    1e9a:	9c 91       	ld	r25, X
    1e9c:	9e 27       	eor	r25, r30
    1e9e:	f7 cf       	rjmp	.-18     	; 0x1e8e <.L230>

00001ea0 <.L215>:
/home/bezdred/Arduino/libraries/Adafruit_SSD1306/Adafruit_SSD1306.cpp:925
            uint8_t val = (color != SSD1306_BLACK) ? 255 : 0;
    1ea0:	81 e0       	ldi	r24, 0x01	; 1
    1ea2:	21 15       	cp	r18, r1
    1ea4:	31 05       	cpc	r19, r1
    1ea6:	09 f4       	brne	.+2      	; 0x1eaa <.L217>
    1ea8:	80 e0       	ldi	r24, 0x00	; 0

00001eaa <.L217>:
    1eaa:	81 95       	neg	r24

00001eac <.LVL445>:
/home/bezdred/Arduino/libraries/Adafruit_SSD1306/Adafruit_SSD1306.cpp:912
        h -= mod;
    1eac:	9e 2f       	mov	r25, r30

00001eae <.L218>:
/home/bezdred/Arduino/libraries/Adafruit_SSD1306/Adafruit_SSD1306.cpp:927
              *pBuf = val;   // Set byte
    1eae:	8c 93       	st	X, r24

00001eb0 <.Loc.1154>:
/home/bezdred/Arduino/libraries/Adafruit_SSD1306/Adafruit_SSD1306.cpp:928
              pBuf += WIDTH; // Advance pointer 8 rows
    1eb0:	4c 81       	ldd	r20, Y+4	; 0x04
    1eb2:	5d 81       	ldd	r21, Y+5	; 0x05
    1eb4:	a4 0f       	add	r26, r20
    1eb6:	b5 1f       	adc	r27, r21

00001eb8 <.Loc.1156>:
/home/bezdred/Arduino/libraries/Adafruit_SSD1306/Adafruit_SSD1306.cpp:929
              h -= 8;        // Subtract 8 rows from height
    1eb8:	98 50       	subi	r25, 0x08	; 8

00001eba <.Loc.1158>:
/home/bezdred/Arduino/libraries/Adafruit_SSD1306/Adafruit_SSD1306.cpp:930 (discriminator 1)
            } while (h >= 8);
    1eba:	98 30       	cpi	r25, 0x08	; 8
    1ebc:	c0 f7       	brcc	.-16     	; 0x1eae <.L218>

00001ebe <.Loc.1159>:
    1ebe:	d1 cf       	rjmp	.-94     	; 0x1e62 <.L231>

00001ec0 <.L219>:
/home/bezdred/Arduino/libraries/Adafruit_SSD1306/Adafruit_SSD1306.cpp:946
            *pBuf |= mask;
    1ec0:	8c 91       	ld	r24, X
    1ec2:	8e 2b       	or	r24, r30

00001ec4 <.L232>:
/home/bezdred/Arduino/libraries/Adafruit_SSD1306/Adafruit_SSD1306.cpp:952
            *pBuf ^= mask;
    1ec4:	8c 93       	st	X, r24

00001ec6 <.Loc.1165>:
/home/bezdred/Arduino/libraries/Adafruit_SSD1306/Adafruit_SSD1306.cpp:959
}
    1ec6:	dc cf       	rjmp	.-72     	; 0x1e80 <.L202>

00001ec8 <.L221>:
/home/bezdred/Arduino/libraries/Adafruit_SSD1306/Adafruit_SSD1306.cpp:949
            *pBuf &= ~mask;
    1ec8:	e0 95       	com	r30

00001eca <.Loc.1170>:
    1eca:	8c 91       	ld	r24, X
    1ecc:	8e 23       	and	r24, r30
    1ece:	fa cf       	rjmp	.-12     	; 0x1ec4 <.L232>

00001ed0 <.L220>:
/home/bezdred/Arduino/libraries/Adafruit_SSD1306/Adafruit_SSD1306.cpp:952
            *pBuf ^= mask;
    1ed0:	8c 91       	ld	r24, X
    1ed2:	8e 27       	eor	r24, r30
    1ed4:	f7 cf       	rjmp	.-18     	; 0x1ec4 <.L232>

00001ed6 <Adafruit_SSD1306::drawFastVLine(int, int, int, unsigned int)>:
Adafruit_SSD1306::drawFastVLine(int, int, int, unsigned int):
/home/bezdred/Arduino/libraries/Adafruit_SSD1306/Adafruit_SSD1306.cpp:818
                                     uint16_t color) {
    1ed6:	0f 93       	push	r16
    1ed8:	1f 93       	push	r17
    1eda:	fc 01       	movw	r30, r24
    1edc:	cb 01       	movw	r24, r22

00001ede <.Loc.1176>:
    1ede:	ba 01       	movw	r22, r20

00001ee0 <.LVL456>:
/home/bezdred/Arduino/libraries/Adafruit_SSD1306/Adafruit_SSD1306.cpp:820
  switch (rotation) {
    1ee0:	46 89       	ldd	r20, Z+22	; 0x16

00001ee2 <.Loc.1180>:
    1ee2:	42 30       	cpi	r20, 0x02	; 2
    1ee4:	91 f0       	breq	.+36     	; 0x1f0a <.L234>
    1ee6:	43 30       	cpi	r20, 0x03	; 3
    1ee8:	29 f1       	breq	.+74     	; 0x1f34 <.L235>
    1eea:	41 30       	cpi	r20, 0x01	; 1
    1eec:	d9 f4       	brne	.+54     	; 0x1f24 <.L236>

00001eee <.Loc.1181>:
/home/bezdred/Arduino/libraries/Adafruit_SSD1306/Adafruit_SSD1306.cpp:826
    x = WIDTH - x - 1;
    1eee:	44 81       	ldd	r20, Z+4	; 0x04
    1ef0:	55 81       	ldd	r21, Z+5	; 0x05
    1ef2:	46 1b       	sub	r20, r22
    1ef4:	57 0b       	sbc	r21, r23

00001ef6 <.Loc.1187>:
/home/bezdred/Arduino/libraries/Adafruit_SSD1306/Adafruit_SSD1306.cpp:827
    x -= (h - 1);
    1ef6:	ba 01       	movw	r22, r20

00001ef8 <.Loc.1188>:
    1ef8:	62 1b       	sub	r22, r18
    1efa:	73 0b       	sbc	r23, r19

00001efc <.L237>:
/home/bezdred/Arduino/libraries/Adafruit_SSD1306/Adafruit_SSD1306.cpp:844
    drawFastHLineInternal(x, y, h, color);
    1efc:	ac 01       	movw	r20, r24
    1efe:	cf 01       	movw	r24, r30

00001f00 <.Loc.1193>:
    1f00:	0e 94 4f 0e 	call	0x1c9e	; 0x1c9e <Adafruit_SSD1306::drawFastHLineInternal(int, int, int, unsigned int)>

00001f04 <.L233>:
/home/bezdred/Arduino/libraries/Adafruit_SSD1306/Adafruit_SSD1306.cpp:847
}
    1f04:	1f 91       	pop	r17
    1f06:	0f 91       	pop	r16

00001f08 <.Loc.1195>:
    1f08:	08 95       	ret

00001f0a <.L234>:
/home/bezdred/Arduino/libraries/Adafruit_SSD1306/Adafruit_SSD1306.cpp:831
    x = WIDTH - x - 1;
    1f0a:	44 81       	ldd	r20, Z+4	; 0x04
    1f0c:	55 81       	ldd	r21, Z+5	; 0x05
    1f0e:	48 1b       	sub	r20, r24
    1f10:	59 0b       	sbc	r21, r25

00001f12 <.Loc.1199>:
    1f12:	ca 01       	movw	r24, r20

00001f14 <.Loc.1200>:
    1f14:	01 97       	sbiw	r24, 0x01	; 1

00001f16 <.Loc.1201>:
/home/bezdred/Arduino/libraries/Adafruit_SSD1306/Adafruit_SSD1306.cpp:832
    y = HEIGHT - y - 1;
    1f16:	46 81       	ldd	r20, Z+6	; 0x06
    1f18:	57 81       	ldd	r21, Z+7	; 0x07
    1f1a:	46 1b       	sub	r20, r22
    1f1c:	57 0b       	sbc	r21, r23

00001f1e <.Loc.1204>:
/home/bezdred/Arduino/libraries/Adafruit_SSD1306/Adafruit_SSD1306.cpp:833
    y -= (h - 1);
    1f1e:	ba 01       	movw	r22, r20

00001f20 <.Loc.1205>:
    1f20:	62 1b       	sub	r22, r18
    1f22:	73 0b       	sbc	r23, r19

00001f24 <.L236>:
Adafruit_SSD1306::drawFastVLineInternal(int, int, int, unsigned int):
/home/bezdred/Arduino/libraries/Adafruit_SSD1306/Adafruit_SSD1306.cpp:868
  if ((x >= 0) && (x < WIDTH)) { // X coord in bounds?
    1f24:	97 fd       	sbrc	r25, 7
    1f26:	ee cf       	rjmp	.-36     	; 0x1f04 <.L233>

00001f28 <.Loc.1211>:
    1f28:	ab 01       	movw	r20, r22
    1f2a:	bc 01       	movw	r22, r24

00001f2c <.Loc.1212>:
    1f2c:	cf 01       	movw	r24, r30

00001f2e <.Loc.1213>:
    1f2e:	0e 94 c4 0e 	call	0x1d88	; 0x1d88 <Adafruit_SSD1306::drawFastVLineInternal(int, int, int, unsigned int) [clone .part.0]>

00001f32 <.LBE301>:
Adafruit_SSD1306::drawFastVLine(int, int, int, unsigned int):
/home/bezdred/Arduino/libraries/Adafruit_SSD1306/Adafruit_SSD1306.cpp:847
}
    1f32:	e8 cf       	rjmp	.-48     	; 0x1f04 <.L233>

00001f34 <.L235>:
/home/bezdred/Arduino/libraries/Adafruit_SSD1306/Adafruit_SSD1306.cpp:839
    y = HEIGHT - y - 1;
    1f34:	46 81       	ldd	r20, Z+6	; 0x06
    1f36:	57 81       	ldd	r21, Z+7	; 0x07
    1f38:	48 1b       	sub	r20, r24
    1f3a:	59 0b       	sbc	r21, r25

00001f3c <.Loc.1221>:
    1f3c:	ca 01       	movw	r24, r20

00001f3e <.Loc.1222>:
    1f3e:	01 97       	sbiw	r24, 0x01	; 1

00001f40 <.Loc.1223>:
/home/bezdred/Arduino/libraries/Adafruit_SSD1306/Adafruit_SSD1306.cpp:843
  if (bSwap)
    1f40:	dd cf       	rjmp	.-70     	; 0x1efc <.L237>

00001f42 <Adafruit_SSD1306::drawFastHLine(int, int, int, unsigned int)>:
Adafruit_SSD1306::drawFastHLine(int, int, int, unsigned int):
/home/bezdred/Arduino/libraries/Adafruit_SSD1306/Adafruit_SSD1306.cpp:718
                                     uint16_t color) {
    1f42:	0f 93       	push	r16
    1f44:	1f 93       	push	r17
    1f46:	fc 01       	movw	r30, r24
    1f48:	ca 01       	movw	r24, r20

00001f4a <.LVL476>:
/home/bezdred/Arduino/libraries/Adafruit_SSD1306/Adafruit_SSD1306.cpp:720
  switch (rotation) {
    1f4a:	46 89       	ldd	r20, Z+22	; 0x16

00001f4c <.Loc.1230>:
    1f4c:	42 30       	cpi	r20, 0x02	; 2
    1f4e:	a1 f0       	breq	.+40     	; 0x1f78 <.L240>
    1f50:	43 30       	cpi	r20, 0x03	; 3
    1f52:	21 f1       	breq	.+72     	; 0x1f9c <.L241>
    1f54:	41 30       	cpi	r20, 0x01	; 1
    1f56:	e9 f4       	brne	.+58     	; 0x1f92 <.L242>

00001f58 <.Loc.1231>:
/home/bezdred/Arduino/libraries/Adafruit_SSD1306/Adafruit_SSD1306.cpp:725
    x = WIDTH - x - 1;
    1f58:	44 81       	ldd	r20, Z+4	; 0x04
    1f5a:	55 81       	ldd	r21, Z+5	; 0x05
    1f5c:	48 1b       	sub	r20, r24
    1f5e:	59 0b       	sbc	r21, r25

00001f60 <.Loc.1236>:
    1f60:	ca 01       	movw	r24, r20

00001f62 <.Loc.1237>:
    1f62:	01 97       	sbiw	r24, 0x01	; 1

00001f64 <.L243>:
Adafruit_SSD1306::drawFastVLineInternal(int, int, int, unsigned int):
/home/bezdred/Arduino/libraries/Adafruit_SSD1306/Adafruit_SSD1306.cpp:868
  if ((x >= 0) && (x < WIDTH)) { // X coord in bounds?
    1f64:	97 fd       	sbrc	r25, 7
    1f66:	05 c0       	rjmp	.+10     	; 0x1f72 <.L239>

00001f68 <.Loc.1243>:
    1f68:	ab 01       	movw	r20, r22
    1f6a:	bc 01       	movw	r22, r24

00001f6c <.Loc.1244>:
    1f6c:	cf 01       	movw	r24, r30

00001f6e <.Loc.1245>:
    1f6e:	0e 94 c4 0e 	call	0x1d88	; 0x1d88 <Adafruit_SSD1306::drawFastVLineInternal(int, int, int, unsigned int) [clone .part.0]>

00001f72 <.L239>:
Adafruit_SSD1306::drawFastHLine(int, int, int, unsigned int):
/home/bezdred/Arduino/libraries/Adafruit_SSD1306/Adafruit_SSD1306.cpp:747
}
    1f72:	1f 91       	pop	r17
    1f74:	0f 91       	pop	r16

00001f76 <.Loc.1248>:
    1f76:	08 95       	ret

00001f78 <.L240>:
/home/bezdred/Arduino/libraries/Adafruit_SSD1306/Adafruit_SSD1306.cpp:730
    y = HEIGHT - y - 1;
    1f78:	46 81       	ldd	r20, Z+6	; 0x06
    1f7a:	57 81       	ldd	r21, Z+7	; 0x07
    1f7c:	48 1b       	sub	r20, r24
    1f7e:	59 0b       	sbc	r21, r25

00001f80 <.Loc.1253>:
    1f80:	ca 01       	movw	r24, r20

00001f82 <.Loc.1254>:
    1f82:	01 97       	sbiw	r24, 0x01	; 1

00001f84 <.Loc.1255>:
/home/bezdred/Arduino/libraries/Adafruit_SSD1306/Adafruit_SSD1306.cpp:729
    x = WIDTH - x - 1;
    1f84:	44 81       	ldd	r20, Z+4	; 0x04
    1f86:	55 81       	ldd	r21, Z+5	; 0x05
    1f88:	46 1b       	sub	r20, r22
    1f8a:	57 0b       	sbc	r21, r23

00001f8c <.Loc.1257>:
/home/bezdred/Arduino/libraries/Adafruit_SSD1306/Adafruit_SSD1306.cpp:731
    x -= (w - 1);
    1f8c:	ba 01       	movw	r22, r20

00001f8e <.Loc.1258>:
    1f8e:	62 1b       	sub	r22, r18
    1f90:	73 0b       	sbc	r23, r19

00001f92 <.L242>:
/home/bezdred/Arduino/libraries/Adafruit_SSD1306/Adafruit_SSD1306.cpp:746
    drawFastHLineInternal(x, y, w, color);
    1f92:	ac 01       	movw	r20, r24
    1f94:	cf 01       	movw	r24, r30
    1f96:	0e 94 4f 0e 	call	0x1c9e	; 0x1c9e <Adafruit_SSD1306::drawFastHLineInternal(int, int, int, unsigned int)>

00001f9a <.LVL490>:
/home/bezdred/Arduino/libraries/Adafruit_SSD1306/Adafruit_SSD1306.cpp:747
}
    1f9a:	eb cf       	rjmp	.-42     	; 0x1f72 <.L239>

00001f9c <.L241>:
/home/bezdred/Arduino/libraries/Adafruit_SSD1306/Adafruit_SSD1306.cpp:738
    y = HEIGHT - y - 1;
    1f9c:	46 81       	ldd	r20, Z+6	; 0x06
    1f9e:	57 81       	ldd	r21, Z+7	; 0x07
    1fa0:	46 1b       	sub	r20, r22
    1fa2:	57 0b       	sbc	r21, r23

00001fa4 <.Loc.1270>:
/home/bezdred/Arduino/libraries/Adafruit_SSD1306/Adafruit_SSD1306.cpp:739
    y -= (w - 1);
    1fa4:	ba 01       	movw	r22, r20

00001fa6 <.Loc.1271>:
    1fa6:	62 1b       	sub	r22, r18
    1fa8:	73 0b       	sbc	r23, r19

00001faa <.Loc.1272>:
/home/bezdred/Arduino/libraries/Adafruit_SSD1306/Adafruit_SSD1306.cpp:743
  if (bSwap)
    1faa:	dc cf       	rjmp	.-72     	; 0x1f64 <.L243>

00001fac <nothing>:
nothing():
/home/bezdred/.arduino15/packages/MiniCore/hardware/avr/3.1.3/cores/MCUdude_corefiles/WInterrupts.c:36

#include "wiring_private.h"

static void nothing(void)
{
}
    1fac:	08 95       	ret

00001fae <micros>:
micros():
/home/bezdred/.arduino15/packages/MiniCore/hardware/avr/3.1.3/cores/MCUdude_corefiles/wiring.c:237
  unsigned char f; // temporary storage for millis fraction counter
  unsigned char q = 0; // record whether an overflow is flagged
#endif
  // t will be the number where the timer0 counter stopped
  uint8_t t;
  uint8_t oldSREG = SREG;
    1fae:	3f b7       	in	r19, 0x3f	; 63

00001fb0 <.LVL494>:
/home/bezdred/.arduino15/packages/MiniCore/hardware/avr/3.1.3/cores/MCUdude_corefiles/wiring.c:240

  // Stop all interrupts
  cli();
    1fb0:	f8 94       	cli

00001fb2 <.Loc.1282>:
/home/bezdred/.arduino15/packages/MiniCore/hardware/avr/3.1.3/cores/MCUdude_corefiles/wiring.c:247
#ifdef CORRECT_EXACT_MICROS
  // combine exact millisec and 8usec counters
  m = timer0_millis;
  f = timer0_fract;
#else
  m = timer0_overflow_count;
    1fb2:	80 91 b5 01 	lds	r24, 0x01B5	; 0x8001b5 <timer0_overflow_count>
    1fb6:	90 91 b6 01 	lds	r25, 0x01B6	; 0x8001b6 <timer0_overflow_count+0x1>
    1fba:	a0 91 b7 01 	lds	r26, 0x01B7	; 0x8001b7 <timer0_overflow_count+0x2>
    1fbe:	b0 91 b8 01 	lds	r27, 0x01B8	; 0x8001b8 <timer0_overflow_count+0x3>

00001fc2 <.LVL495>:
/home/bezdred/.arduino15/packages/MiniCore/hardware/avr/3.1.3/cores/MCUdude_corefiles/wiring.c:252
#endif

  // TCNT0 : The Timer Counter Register
#if defined(TCNT0)
  t = TCNT0;
    1fc2:	26 b5       	in	r18, 0x26	; 38

00001fc4 <.LVL496>:
/home/bezdred/.arduino15/packages/MiniCore/hardware/avr/3.1.3/cores/MCUdude_corefiles/wiring.c:261
  #error TIMER 0 not defined
#endif

  // Timer0 Interrupt Flag Register
#ifdef TIFR0
  if ((TIFR0 & _BV(TOV0)) && (t < 255))
    1fc4:	a8 9b       	sbis	0x15, 0	; 21
    1fc6:	05 c0       	rjmp	.+10     	; 0x1fd2 <.L247>

00001fc8 <.Loc.1288>:
/home/bezdred/.arduino15/packages/MiniCore/hardware/avr/3.1.3/cores/MCUdude_corefiles/wiring.c:261 (discriminator 1)
    1fc8:	2f 3f       	cpi	r18, 0xFF	; 255
    1fca:	19 f0       	breq	.+6      	; 0x1fd2 <.L247>

00001fcc <.Loc.1289>:
/home/bezdred/.arduino15/packages/MiniCore/hardware/avr/3.1.3/cores/MCUdude_corefiles/wiring.c:263
#ifndef CORRECT_EXACT_MICROS
    m++;
    1fcc:	01 96       	adiw	r24, 0x01	; 1
    1fce:	a1 1d       	adc	r26, r1
    1fd0:	b1 1d       	adc	r27, r1

00001fd2 <.L247>:
/home/bezdred/.arduino15/packages/MiniCore/hardware/avr/3.1.3/cores/MCUdude_corefiles/wiring.c:276
#else
    q = 1;
#endif
#endif
  // Restore SREG
  SREG = oldSREG;
    1fd2:	3f bf       	out	0x3f, r19	; 63

00001fd4 <.Loc.1293>:
/home/bezdred/.arduino15/packages/MiniCore/hardware/avr/3.1.3/cores/MCUdude_corefiles/wiring.c:292
      ((t * MICROSECONDS_PER_TIMER0_OVERFLOW) >> 8);
  return q ? m + MICROSECONDS_PER_TIMER0_OVERFLOW : m;
#elif 1
  /* All power-of-two Megahertz frequencies enter here, as well as 12.8 MHz.
     We only end up here if right shift before multiplication is exact. */
  return ((m << 8) + t) * (MICROSECONDS_PER_TIMER0_OVERFLOW >> 8);
    1fd4:	ba 2f       	mov	r27, r26
    1fd6:	a9 2f       	mov	r26, r25
    1fd8:	98 2f       	mov	r25, r24
    1fda:	88 27       	eor	r24, r24

00001fdc <.Loc.1295>:
    1fdc:	bc 01       	movw	r22, r24
    1fde:	cd 01       	movw	r24, r26
    1fe0:	62 0f       	add	r22, r18
    1fe2:	71 1d       	adc	r23, r1
    1fe4:	81 1d       	adc	r24, r1
    1fe6:	91 1d       	adc	r25, r1

00001fe8 <.Loc.1296>:
    1fe8:	42 e0       	ldi	r20, 0x02	; 2

00001fea <.L1^B10>:
    1fea:	66 0f       	add	r22, r22
    1fec:	77 1f       	adc	r23, r23
    1fee:	88 1f       	adc	r24, r24
    1ff0:	99 1f       	adc	r25, r25
    1ff2:	4a 95       	dec	r20
    1ff4:	d1 f7       	brne	.-12     	; 0x1fea <.L1^B10>

00001ff6 <.Loc.1297>:
/home/bezdred/.arduino15/packages/MiniCore/hardware/avr/3.1.3/cores/MCUdude_corefiles/wiring.c:393
  // m & t are multiplied by 4 (since it was already multiplied by 256)
  // t is multiplied by 4
  return ((m << 8) + t) * (64 / clockCyclesPerMicrosecond());
#endif
#endif // 0
}
    1ff6:	08 95       	ret

00001ff8 <delay>:
delay():
/home/bezdred/.arduino15/packages/MiniCore/hardware/avr/3.1.3/cores/MCUdude_corefiles/wiring.c:396

void delay(unsigned long ms)
{
    1ff8:	4f 92       	push	r4
    1ffa:	5f 92       	push	r5
    1ffc:	6f 92       	push	r6
    1ffe:	7f 92       	push	r7
    2000:	8f 92       	push	r8
    2002:	9f 92       	push	r9
    2004:	af 92       	push	r10
    2006:	bf 92       	push	r11
    2008:	cf 92       	push	r12
    200a:	df 92       	push	r13
    200c:	ef 92       	push	r14
    200e:	ff 92       	push	r15
    2010:	0f 93       	push	r16
    2012:	1f 93       	push	r17
    2014:	cf 93       	push	r28
    2016:	df 93       	push	r29
    2018:	8b 01       	movw	r16, r22
    201a:	d8 2f       	mov	r29, r24
    201c:	c9 2f       	mov	r28, r25

0000201e <.Loc.1300>:
/home/bezdred/.arduino15/packages/MiniCore/hardware/avr/3.1.3/cores/MCUdude_corefiles/wiring.c:397
  unsigned long start = micros();
    201e:	0e 94 d7 0f 	call	0x1fae	; 0x1fae <micros>

00002022 <.LVL500>:
    2022:	26 2f       	mov	r18, r22

00002024 <.L255>:
/home/bezdred/.arduino15/packages/MiniCore/hardware/avr/3.1.3/cores/MCUdude_corefiles/wiring.c:396
{
    2024:	82 2e       	mov	r8, r18
    2026:	97 2e       	mov	r9, r23
    2028:	5c 01       	movw	r10, r24
    202a:	68 01       	movw	r12, r16
    202c:	ed 2e       	mov	r14, r29
    202e:	fc 2e       	mov	r15, r28
    2030:	05 c0       	rjmp	.+10     	; 0x203c <.L258>

00002032 <.L257>:
/home/bezdred/.arduino15/packages/MiniCore/hardware/avr/3.1.3/cores/MCUdude_corefiles/wiring.c:401

  while (ms > 0UL) {
    yield();
    while (ms > 0UL && (micros() - start) >= 1000UL) {
    2032:	c1 14       	cp	r12, r1
    2034:	d1 04       	cpc	r13, r1
    2036:	e1 04       	cpc	r14, r1
    2038:	f1 04       	cpc	r15, r1
    203a:	09 f1       	breq	.+66     	; 0x207e <.L254>

0000203c <.L258>:
/home/bezdred/.arduino15/packages/MiniCore/hardware/avr/3.1.3/cores/MCUdude_corefiles/wiring.c:401 (discriminator 1)
    203c:	0e 94 d7 0f 	call	0x1fae	; 0x1fae <micros>

00002040 <.LVL504>:
    2040:	2b 01       	movw	r4, r22
    2042:	3c 01       	movw	r6, r24
    2044:	48 18       	sub	r4, r8
    2046:	59 08       	sbc	r5, r9
    2048:	6a 08       	sbc	r6, r10
    204a:	7b 08       	sbc	r7, r11
    204c:	86 01       	movw	r16, r12
    204e:	de 2d       	mov	r29, r14
    2050:	cf 2d       	mov	r28, r15

00002052 <.Loc.1312>:
/home/bezdred/.arduino15/packages/MiniCore/hardware/avr/3.1.3/cores/MCUdude_corefiles/wiring.c:402
      ms--;
    2052:	31 e0       	ldi	r19, 0x01	; 1
    2054:	c3 1a       	sub	r12, r19
    2056:	d1 08       	sbc	r13, r1
    2058:	e1 08       	sbc	r14, r1
    205a:	f1 08       	sbc	r15, r1

0000205c <.Loc.1313>:
    205c:	28 2d       	mov	r18, r8
    205e:	79 2d       	mov	r23, r9
    2060:	c5 01       	movw	r24, r10

00002062 <.Loc.1314>:
/home/bezdred/.arduino15/packages/MiniCore/hardware/avr/3.1.3/cores/MCUdude_corefiles/wiring.c:403
      start += 1000UL;
    2062:	38 ee       	ldi	r19, 0xE8	; 232
    2064:	83 0e       	add	r8, r19
    2066:	33 e0       	ldi	r19, 0x03	; 3
    2068:	93 1e       	adc	r9, r19
    206a:	a1 1c       	adc	r10, r1
    206c:	b1 1c       	adc	r11, r1

0000206e <.Loc.1315>:
/home/bezdred/.arduino15/packages/MiniCore/hardware/avr/3.1.3/cores/MCUdude_corefiles/wiring.c:401 (discriminator 1)
    while (ms > 0UL && (micros() - start) >= 1000UL) {
    206e:	38 ee       	ldi	r19, 0xE8	; 232
    2070:	43 16       	cp	r4, r19
    2072:	33 e0       	ldi	r19, 0x03	; 3
    2074:	53 06       	cpc	r5, r19
    2076:	61 04       	cpc	r6, r1
    2078:	71 04       	cpc	r7, r1
    207a:	d8 f6       	brcc	.-74     	; 0x2032 <.L257>
    207c:	d3 cf       	rjmp	.-90     	; 0x2024 <.L255>

0000207e <.L254>:
/home/bezdred/.arduino15/packages/MiniCore/hardware/avr/3.1.3/cores/MCUdude_corefiles/wiring.c:406
    }
  }
}
    207e:	df 91       	pop	r29
    2080:	cf 91       	pop	r28
    2082:	1f 91       	pop	r17
    2084:	0f 91       	pop	r16
    2086:	ff 90       	pop	r15
    2088:	ef 90       	pop	r14
    208a:	df 90       	pop	r13
    208c:	cf 90       	pop	r12

0000208e <.Loc.1317>:
    208e:	bf 90       	pop	r11
    2090:	af 90       	pop	r10
    2092:	9f 90       	pop	r9
    2094:	8f 90       	pop	r8

00002096 <.Loc.1318>:
    2096:	7f 90       	pop	r7
    2098:	6f 90       	pop	r6
    209a:	5f 90       	pop	r5
    209c:	4f 90       	pop	r4
    209e:	08 95       	ret

000020a0 <pinMode>:
pinMode():
/home/bezdred/.arduino15/packages/MiniCore/hardware/avr/3.1.3/cores/MCUdude_corefiles/wiring_digital.c:30
#define ARDUINO_MAIN
#include "wiring_private.h"
#include "pins_arduino.h"

void pinMode(uint8_t pin, uint8_t mode)
{
    20a0:	cf 93       	push	r28
    20a2:	df 93       	push	r29

000020a4 <.LBB312>:
/home/bezdred/.arduino15/packages/MiniCore/hardware/avr/3.1.3/cores/MCUdude_corefiles/wiring_digital.c:31
  uint8_t bit = digitalPinToBitMask(pin);
    20a4:	90 e0       	ldi	r25, 0x00	; 0

000020a6 <.LVL511>:
    20a6:	fc 01       	movw	r30, r24
    20a8:	e8 54       	subi	r30, 0x48	; 72
    20aa:	f9 4f       	sbci	r31, 0xF9	; 249

000020ac <.Loc.1325>:
    20ac:	24 91       	lpm	r18, Z

000020ae <.LBB313>:
/home/bezdred/.arduino15/packages/MiniCore/hardware/avr/3.1.3/cores/MCUdude_corefiles/wiring_digital.c:32
  uint8_t port = digitalPinToPort(pin);
    20ae:	83 56       	subi	r24, 0x63	; 99
    20b0:	99 4f       	sbci	r25, 0xF9	; 249

000020b2 <.Loc.1332>:
    20b2:	fc 01       	movw	r30, r24

000020b4 <.Loc.1333>:
    20b4:	84 91       	lpm	r24, Z

000020b6 <.LBE313>:
/home/bezdred/.arduino15/packages/MiniCore/hardware/avr/3.1.3/cores/MCUdude_corefiles/wiring_digital.c:35
  volatile uint8_t *reg, *out;

  if (port == NOT_A_PIN) return;
    20b6:	81 15       	cp	r24, r1
    20b8:	d1 f0       	breq	.+52     	; 0x20ee <.L259>

000020ba <.LBB314>:
/home/bezdred/.arduino15/packages/MiniCore/hardware/avr/3.1.3/cores/MCUdude_corefiles/wiring_digital.c:38

  // JWS: can I let the optimizer do this?
  reg = portModeRegister(port);
    20ba:	90 e0       	ldi	r25, 0x00	; 0
    20bc:	88 0f       	add	r24, r24
    20be:	99 1f       	adc	r25, r25

000020c0 <.Loc.1341>:
    20c0:	fc 01       	movw	r30, r24

000020c2 <.Loc.1342>:
    20c2:	ef 56       	subi	r30, 0x6F	; 111
    20c4:	f9 4f       	sbci	r31, 0xF9	; 249

000020c6 <.LVL519>:
    20c6:	a5 91       	lpm	r26, Z+
    20c8:	b5 91       	lpm	r27, Z+

000020ca <.LBB315>:
/home/bezdred/.arduino15/packages/MiniCore/hardware/avr/3.1.3/cores/MCUdude_corefiles/wiring_digital.c:39
  out = portOutputRegister(port);
    20ca:	fc 01       	movw	r30, r24
    20cc:	eb 57       	subi	r30, 0x7B	; 123
    20ce:	f9 4f       	sbci	r31, 0xF9	; 249

000020d0 <.LVL521>:
    20d0:	c5 91       	lpm	r28, Z+
    20d2:	d5 91       	lpm	r29, Z+

000020d4 <.LBB316>:
/home/bezdred/.arduino15/packages/MiniCore/hardware/avr/3.1.3/cores/MCUdude_corefiles/wiring_digital.c:48
    cli();
    *reg &= ~bit;
    *out &= ~bit;
    SREG = oldSREG;
  } else if (mode == INPUT_PULLUP) {
    uint8_t oldSREG = SREG;
    20d4:	9f b7       	in	r25, 0x3f	; 63

000020d6 <.Loc.1356>:
/home/bezdred/.arduino15/packages/MiniCore/hardware/avr/3.1.3/cores/MCUdude_corefiles/wiring_digital.c:47
  } else if (mode == INPUT_PULLUP) {
    20d6:	62 30       	cpi	r22, 0x02	; 2
    20d8:	69 f4       	brne	.+26     	; 0x20f4 <.L261>

000020da <.LVL523>:
/home/bezdred/.arduino15/packages/MiniCore/hardware/avr/3.1.3/cores/MCUdude_corefiles/wiring_digital.c:49
    cli();
    20da:	f8 94       	cli

000020dc <.Loc.1359>:
/home/bezdred/.arduino15/packages/MiniCore/hardware/avr/3.1.3/cores/MCUdude_corefiles/wiring_digital.c:50
    *reg &= ~bit;
    20dc:	3c 91       	ld	r19, X

000020de <.Loc.1360>:
    20de:	82 2f       	mov	r24, r18
    20e0:	80 95       	com	r24
    20e2:	83 23       	and	r24, r19
    20e4:	8c 93       	st	X, r24

000020e6 <.Loc.1361>:
/home/bezdred/.arduino15/packages/MiniCore/hardware/avr/3.1.3/cores/MCUdude_corefiles/wiring_digital.c:51
    *out |= bit;
    20e6:	88 81       	ld	r24, Y

000020e8 <.Loc.1362>:
    20e8:	82 2b       	or	r24, r18
    20ea:	88 83       	st	Y, r24

000020ec <.L265>:
/home/bezdred/.arduino15/packages/MiniCore/hardware/avr/3.1.3/cores/MCUdude_corefiles/wiring_digital.c:57
    SREG = oldSREG;
  } else {
    uint8_t oldSREG = SREG;
    cli();
    *reg |= bit;
    SREG = oldSREG;
    20ec:	9f bf       	out	0x3f, r25	; 63

000020ee <.L259>:
/home/bezdred/.arduino15/packages/MiniCore/hardware/avr/3.1.3/cores/MCUdude_corefiles/wiring_digital.c:59
  }
}
    20ee:	df 91       	pop	r29
    20f0:	cf 91       	pop	r28
    20f2:	08 95       	ret

000020f4 <.L261>:
/home/bezdred/.arduino15/packages/MiniCore/hardware/avr/3.1.3/cores/MCUdude_corefiles/wiring_digital.c:55
    cli();
    20f4:	f8 94       	cli

000020f6 <.Loc.1371>:
/home/bezdred/.arduino15/packages/MiniCore/hardware/avr/3.1.3/cores/MCUdude_corefiles/wiring_digital.c:56
    *reg |= bit;
    20f6:	8c 91       	ld	r24, X

000020f8 <.Loc.1372>:
    20f8:	82 2b       	or	r24, r18
    20fa:	8c 93       	st	X, r24
    20fc:	f7 cf       	rjmp	.-18     	; 0x20ec <.L265>

000020fe <digitalWrite>:
digitalWrite():
/home/bezdred/.arduino15/packages/MiniCore/hardware/avr/3.1.3/cores/MCUdude_corefiles/wiring_digital.c:189
  }
}

void digitalWrite(uint8_t pin, uint8_t val)
{
  uint8_t timer = digitalPinToTimer(pin);
    20fe:	28 2f       	mov	r18, r24
    2100:	30 e0       	ldi	r19, 0x00	; 0

00002102 <.LVL528>:
    2102:	f9 01       	movw	r30, r18
    2104:	e6 59       	subi	r30, 0x96	; 150
    2106:	f9 4f       	sbci	r31, 0xF9	; 249

00002108 <.Loc.1378>:
    2108:	94 91       	lpm	r25, Z

0000210a <.LBB327>:
/home/bezdred/.arduino15/packages/MiniCore/hardware/avr/3.1.3/cores/MCUdude_corefiles/wiring_digital.c:190
  uint8_t bit = digitalPinToBitMask(pin);
    210a:	f9 01       	movw	r30, r18

0000210c <.Loc.1385>:
    210c:	e8 54       	subi	r30, 0x48	; 72
    210e:	f9 4f       	sbci	r31, 0xF9	; 249

00002110 <.Loc.1386>:
    2110:	84 91       	lpm	r24, Z

00002112 <.LBB328>:
/home/bezdred/.arduino15/packages/MiniCore/hardware/avr/3.1.3/cores/MCUdude_corefiles/wiring_digital.c:191
  uint8_t port = digitalPinToPort(pin);
    2112:	23 56       	subi	r18, 0x63	; 99
    2114:	39 4f       	sbci	r19, 0xF9	; 249

00002116 <.Loc.1393>:
    2116:	f9 01       	movw	r30, r18

00002118 <.Loc.1394>:
    2118:	24 91       	lpm	r18, Z

0000211a <.LBE328>:
/home/bezdred/.arduino15/packages/MiniCore/hardware/avr/3.1.3/cores/MCUdude_corefiles/wiring_digital.c:194
  volatile uint8_t *out;

  if (port == NOT_A_PIN) return;
    211a:	21 15       	cp	r18, r1
    211c:	09 f1       	breq	.+66     	; 0x2160 <.L266>

0000211e <.Loc.1400>:
/home/bezdred/.arduino15/packages/MiniCore/hardware/avr/3.1.3/cores/MCUdude_corefiles/wiring_digital.c:198

  // If the pin that support PWM output, we need to turn it off
  // before doing a digital write.
  if (timer != NOT_ON_TIMER) turnOffPWM(timer);
    211e:	91 15       	cp	r25, r1
    2120:	71 f0       	breq	.+28     	; 0x213e <.L268>

00002122 <.LBB329>:
turnOffPWM():
/home/bezdred/.arduino15/packages/MiniCore/hardware/avr/3.1.3/cores/MCUdude_corefiles/wiring_digital.c:77
  switch (timer)
    2122:	92 50       	subi	r25, 0x02	; 2

00002124 <.Loc.1405>:
    2124:	9d 30       	cpi	r25, 0x0D	; 13
    2126:	58 f4       	brcc	.+22     	; 0x213e <.L268>
    2128:	e9 2f       	mov	r30, r25

0000212a <.Loc.1406>:
    212a:	f0 e0       	ldi	r31, 0x00	; 0
    212c:	e4 56       	subi	r30, 0x64	; 100
    212e:	f0 4e       	sbci	r31, 0xE0	; 224
    2130:	0c 94 2b 1e 	jmp	0x3c56	; 0x3c56 <__tablejump2__>

00002134 <.L277>:
/home/bezdred/.arduino15/packages/MiniCore/hardware/avr/3.1.3/cores/MCUdude_corefiles/wiring_digital.c:82
        TCCR1A &= ~_BV(COM1A1);
    2134:	90 91 80 00 	lds	r25, 0x0080	; 0x800080 <main.cpp.0b68acdf+0x7e990d>

00002138 <.Loc.1409>:
    2138:	9f 77       	andi	r25, 0x7F	; 127

0000213a <.L290>:
/home/bezdred/.arduino15/packages/MiniCore/hardware/avr/3.1.3/cores/MCUdude_corefiles/wiring_digital.c:87
        TCCR1A &= ~_BV(COM1B1);
    213a:	90 93 80 00 	sts	0x0080, r25	; 0x800080 <main.cpp.0b68acdf+0x7e990d>

0000213e <.L268>:
digitalWrite():
/home/bezdred/.arduino15/packages/MiniCore/hardware/avr/3.1.3/cores/MCUdude_corefiles/wiring_digital.c:200

  out = portOutputRegister(port);
    213e:	e2 2f       	mov	r30, r18
    2140:	f0 e0       	ldi	r31, 0x00	; 0
    2142:	ee 0f       	add	r30, r30
    2144:	ff 1f       	adc	r31, r31
    2146:	eb 57       	subi	r30, 0x7B	; 123
    2148:	f9 4f       	sbci	r31, 0xF9	; 249

0000214a <.LVL542>:
    214a:	a5 91       	lpm	r26, Z+
    214c:	b5 91       	lpm	r27, Z+

0000214e <.LBE332>:
/home/bezdred/.arduino15/packages/MiniCore/hardware/avr/3.1.3/cores/MCUdude_corefiles/wiring_digital.c:202

  uint8_t oldSREG = SREG;
    214e:	2f b7       	in	r18, 0x3f	; 63

00002150 <.LVL544>:
/home/bezdred/.arduino15/packages/MiniCore/hardware/avr/3.1.3/cores/MCUdude_corefiles/wiring_digital.c:203
  cli();
    2150:	f8 94       	cli

00002152 <.Loc.1422>:
/home/bezdred/.arduino15/packages/MiniCore/hardware/avr/3.1.3/cores/MCUdude_corefiles/wiring_digital.c:206

  if (val == LOW) {
    *out &= ~bit;
    2152:	9c 91       	ld	r25, X

00002154 <.Loc.1424>:
/home/bezdred/.arduino15/packages/MiniCore/hardware/avr/3.1.3/cores/MCUdude_corefiles/wiring_digital.c:205
  if (val == LOW) {
    2154:	61 11       	cpse	r22, r1
    2156:	2e c0       	rjmp	.+92     	; 0x21b4 <.L280>

00002158 <.Loc.1425>:
/home/bezdred/.arduino15/packages/MiniCore/hardware/avr/3.1.3/cores/MCUdude_corefiles/wiring_digital.c:206
    *out &= ~bit;
    2158:	80 95       	com	r24

0000215a <.Loc.1427>:
    215a:	89 23       	and	r24, r25

0000215c <.L293>:
/home/bezdred/.arduino15/packages/MiniCore/hardware/avr/3.1.3/cores/MCUdude_corefiles/wiring_digital.c:208
  } else {
    *out |= bit;
    215c:	8c 93       	st	X, r24

0000215e <.Loc.1429>:
/home/bezdred/.arduino15/packages/MiniCore/hardware/avr/3.1.3/cores/MCUdude_corefiles/wiring_digital.c:211
  }

  SREG = oldSREG;
    215e:	2f bf       	out	0x3f, r18	; 63

00002160 <.L266>:
/home/bezdred/.arduino15/packages/MiniCore/hardware/avr/3.1.3/cores/MCUdude_corefiles/wiring_digital.c:212
}
    2160:	08 95       	ret

00002162 <.L276>:
turnOffPWM():
/home/bezdred/.arduino15/packages/MiniCore/hardware/avr/3.1.3/cores/MCUdude_corefiles/wiring_digital.c:87
        TCCR1A &= ~_BV(COM1B1);
    2162:	90 91 80 00 	lds	r25, 0x0080	; 0x800080 <main.cpp.0b68acdf+0x7e990d>

00002166 <.Loc.1434>:
    2166:	9f 7d       	andi	r25, 0xDF	; 223
    2168:	e8 cf       	rjmp	.-48     	; 0x213a <.L290>

0000216a <.L275>:
/home/bezdred/.arduino15/packages/MiniCore/hardware/avr/3.1.3/cores/MCUdude_corefiles/wiring_digital.c:104
        TCCR2A &= ~_BV(COM2A1);
    216a:	90 91 b0 00 	lds	r25, 0x00B0	; 0x8000b0 <main.cpp.0b68acdf+0x7e993d>

0000216e <.Loc.1437>:
    216e:	9f 77       	andi	r25, 0x7F	; 127

00002170 <.L292>:
/home/bezdred/.arduino15/packages/MiniCore/hardware/avr/3.1.3/cores/MCUdude_corefiles/wiring_digital.c:109
        TCCR2A &= ~_BV(COM2B1);
    2170:	90 93 b0 00 	sts	0x00B0, r25	; 0x8000b0 <main.cpp.0b68acdf+0x7e993d>

00002174 <.Loc.1439>:
/home/bezdred/.arduino15/packages/MiniCore/hardware/avr/3.1.3/cores/MCUdude_corefiles/wiring_digital.c:110
        break;
    2174:	e4 cf       	rjmp	.-56     	; 0x213e <.L268>

00002176 <.L274>:
/home/bezdred/.arduino15/packages/MiniCore/hardware/avr/3.1.3/cores/MCUdude_corefiles/wiring_digital.c:109
        TCCR2A &= ~_BV(COM2B1);
    2176:	90 91 b0 00 	lds	r25, 0x00B0	; 0x8000b0 <main.cpp.0b68acdf+0x7e993d>

0000217a <.Loc.1442>:
    217a:	9f 7d       	andi	r25, 0xDF	; 223
    217c:	f9 cf       	rjmp	.-14     	; 0x2170 <.L292>

0000217e <.L273>:
/home/bezdred/.arduino15/packages/MiniCore/hardware/avr/3.1.3/cores/MCUdude_corefiles/wiring_digital.c:116
        TCCR3A &= ~_BV(COM3A1);
    217e:	90 91 90 00 	lds	r25, 0x0090	; 0x800090 <main.cpp.0b68acdf+0x7e991d>

00002182 <.Loc.1445>:
    2182:	9f 77       	andi	r25, 0x7F	; 127

00002184 <.L291>:
/home/bezdred/.arduino15/packages/MiniCore/hardware/avr/3.1.3/cores/MCUdude_corefiles/wiring_digital.c:121
        TCCR3A &= ~_BV(COM3B1);
    2184:	90 93 90 00 	sts	0x0090, r25	; 0x800090 <main.cpp.0b68acdf+0x7e991d>

00002188 <.Loc.1447>:
/home/bezdred/.arduino15/packages/MiniCore/hardware/avr/3.1.3/cores/MCUdude_corefiles/wiring_digital.c:122
        break;
    2188:	da cf       	rjmp	.-76     	; 0x213e <.L268>

0000218a <.L272>:
/home/bezdred/.arduino15/packages/MiniCore/hardware/avr/3.1.3/cores/MCUdude_corefiles/wiring_digital.c:121
        TCCR3A &= ~_BV(COM3B1);
    218a:	90 91 90 00 	lds	r25, 0x0090	; 0x800090 <main.cpp.0b68acdf+0x7e991d>

0000218e <.Loc.1450>:
    218e:	9f 7d       	andi	r25, 0xDF	; 223
    2190:	f9 cf       	rjmp	.-14     	; 0x2184 <.L291>

00002192 <.L271>:
/home/bezdred/.arduino15/packages/MiniCore/hardware/avr/3.1.3/cores/MCUdude_corefiles/wiring_digital.c:133
        TCCR4A &= ~_BV(COM4A1);
    2192:	90 91 a0 00 	lds	r25, 0x00A0	; 0x8000a0 <main.cpp.0b68acdf+0x7e992d>

00002196 <.Loc.1453>:
    2196:	9f 77       	andi	r25, 0x7F	; 127

00002198 <.L288>:
/home/bezdred/.arduino15/packages/MiniCore/hardware/avr/3.1.3/cores/MCUdude_corefiles/wiring_digital.c:138
        TCCR4A &= ~_BV(COM4B1);
    2198:	90 93 a0 00 	sts	0x00A0, r25	; 0x8000a0 <main.cpp.0b68acdf+0x7e992d>

0000219c <.Loc.1455>:
/home/bezdred/.arduino15/packages/MiniCore/hardware/avr/3.1.3/cores/MCUdude_corefiles/wiring_digital.c:139
        break;
    219c:	d0 cf       	rjmp	.-96     	; 0x213e <.L268>

0000219e <.L269>:
/home/bezdred/.arduino15/packages/MiniCore/hardware/avr/3.1.3/cores/MCUdude_corefiles/wiring_digital.c:138
        TCCR4A &= ~_BV(COM4B1);
    219e:	90 91 a0 00 	lds	r25, 0x00A0	; 0x8000a0 <main.cpp.0b68acdf+0x7e992d>

000021a2 <.Loc.1458>:
    21a2:	9f 7d       	andi	r25, 0xDF	; 223
    21a4:	f9 cf       	rjmp	.-14     	; 0x2198 <.L288>

000021a6 <.L279>:
/home/bezdred/.arduino15/packages/MiniCore/hardware/avr/3.1.3/cores/MCUdude_corefiles/wiring_digital.c:176
        TCCR0A &= ~_BV(COM0A1);
    21a6:	94 b5       	in	r25, 0x24	; 36

000021a8 <.Loc.1461>:
    21a8:	9f 77       	andi	r25, 0x7F	; 127

000021aa <.L289>:
/home/bezdred/.arduino15/packages/MiniCore/hardware/avr/3.1.3/cores/MCUdude_corefiles/wiring_digital.c:181
        TCCR0A &= ~_BV(COM0B1);
    21aa:	94 bd       	out	0x24, r25	; 36

000021ac <.Loc.1463>:
/home/bezdred/.arduino15/packages/MiniCore/hardware/avr/3.1.3/cores/MCUdude_corefiles/wiring_digital.c:182
        break;
    21ac:	c8 cf       	rjmp	.-112    	; 0x213e <.L268>

000021ae <.L278>:
/home/bezdred/.arduino15/packages/MiniCore/hardware/avr/3.1.3/cores/MCUdude_corefiles/wiring_digital.c:181
        TCCR0A &= ~_BV(COM0B1);
    21ae:	94 b5       	in	r25, 0x24	; 36

000021b0 <.Loc.1466>:
    21b0:	9f 7d       	andi	r25, 0xDF	; 223
    21b2:	fb cf       	rjmp	.-10     	; 0x21aa <.L289>

000021b4 <.L280>:
digitalWrite():
/home/bezdred/.arduino15/packages/MiniCore/hardware/avr/3.1.3/cores/MCUdude_corefiles/wiring_digital.c:208
    *out |= bit;
    21b4:	89 2b       	or	r24, r25

000021b6 <.Loc.1470>:
    21b6:	d2 cf       	rjmp	.-92     	; 0x215c <.L293>

000021b8 <twi_init>:
twi_init():
/home/bezdred/.arduino15/packages/MiniCore/hardware/avr/3.1.3/libraries/Wire/src/utility/twi.c:84
  twi_state = TWI_READY;
    21b8:	10 92 09 02 	sts	0x0209, r1	; 0x800209 <twi_state>

000021bc <.Loc.1474>:
/home/bezdred/.arduino15/packages/MiniCore/hardware/avr/3.1.3/libraries/Wire/src/utility/twi.c:85
  twi_sendStop = true; // default value
    21bc:	81 e0       	ldi	r24, 0x01	; 1
    21be:	80 93 08 02 	sts	0x0208, r24	; 0x800208 <twi_sendStop>

000021c2 <.Loc.1476>:
/home/bezdred/.arduino15/packages/MiniCore/hardware/avr/3.1.3/libraries/Wire/src/utility/twi.c:86
  twi_inRepStart = false;
    21c2:	10 92 07 02 	sts	0x0207, r1	; 0x800207 <twi_inRepStart>

000021c6 <.Loc.1478>:
/home/bezdred/.arduino15/packages/MiniCore/hardware/avr/3.1.3/libraries/Wire/src/utility/twi.c:89
  digitalWrite(SDA, 1);
    21c6:	61 e0       	ldi	r22, 0x01	; 1
    21c8:	82 e1       	ldi	r24, 0x12	; 18
    21ca:	0e 94 7f 10 	call	0x20fe	; 0x20fe <digitalWrite>

000021ce <.LVL568>:
/home/bezdred/.arduino15/packages/MiniCore/hardware/avr/3.1.3/libraries/Wire/src/utility/twi.c:90
  digitalWrite(SCL, 1);
    21ce:	61 e0       	ldi	r22, 0x01	; 1
    21d0:	83 e1       	ldi	r24, 0x13	; 19
    21d2:	0e 94 7f 10 	call	0x20fe	; 0x20fe <digitalWrite>

000021d6 <.LVL569>:
/home/bezdred/.arduino15/packages/MiniCore/hardware/avr/3.1.3/libraries/Wire/src/utility/twi.c:93
  cbi(TWSR, TWPS0);
    21d6:	e9 eb       	ldi	r30, 0xB9	; 185
    21d8:	f0 e0       	ldi	r31, 0x00	; 0
    21da:	80 81       	ld	r24, Z
    21dc:	8e 7f       	andi	r24, 0xFE	; 254
    21de:	80 83       	st	Z, r24

000021e0 <.Loc.1481>:
/home/bezdred/.arduino15/packages/MiniCore/hardware/avr/3.1.3/libraries/Wire/src/utility/twi.c:94
  cbi(TWSR, TWPS1);
    21e0:	80 81       	ld	r24, Z
    21e2:	8d 7f       	andi	r24, 0xFD	; 253
    21e4:	80 83       	st	Z, r24

000021e6 <.Loc.1482>:
/home/bezdred/.arduino15/packages/MiniCore/hardware/avr/3.1.3/libraries/Wire/src/utility/twi.c:95
  TWBR = ((F_CPU / TWI_FREQ) - 16) / 2;
    21e6:	88 e4       	ldi	r24, 0x48	; 72
    21e8:	80 93 b8 00 	sts	0x00B8, r24	; 0x8000b8 <main.cpp.0b68acdf+0x7e9945>

000021ec <.Loc.1484>:
/home/bezdred/.arduino15/packages/MiniCore/hardware/avr/3.1.3/libraries/Wire/src/utility/twi.c:103
  TWCR = _BV(TWEN) | _BV(TWIE) | _BV(TWEA);
    21ec:	85 e4       	ldi	r24, 0x45	; 69
    21ee:	80 93 bc 00 	sts	0x00BC, r24	; 0x8000bc <main.cpp.0b68acdf+0x7e9949>

000021f2 <.Loc.1486>:
/home/bezdred/.arduino15/packages/MiniCore/hardware/avr/3.1.3/libraries/Wire/src/utility/twi.c:104
}
    21f2:	08 95       	ret

000021f4 <twi_disable>:
twi_disable():
/home/bezdred/.arduino15/packages/MiniCore/hardware/avr/3.1.3/libraries/Wire/src/utility/twi.c:115
  TWCR &= ~(_BV(TWEN) | _BV(TWIE) | _BV(TWEA));
    21f4:	ec eb       	ldi	r30, 0xBC	; 188
    21f6:	f0 e0       	ldi	r31, 0x00	; 0
    21f8:	80 81       	ld	r24, Z
    21fa:	8a 7b       	andi	r24, 0xBA	; 186
    21fc:	80 83       	st	Z, r24

000021fe <.Loc.1490>:
/home/bezdred/.arduino15/packages/MiniCore/hardware/avr/3.1.3/libraries/Wire/src/utility/twi.c:118
  digitalWrite(SDA, 0);
    21fe:	60 e0       	ldi	r22, 0x00	; 0
    2200:	82 e1       	ldi	r24, 0x12	; 18
    2202:	0e 94 7f 10 	call	0x20fe	; 0x20fe <digitalWrite>

00002206 <.LVL570>:
/home/bezdred/.arduino15/packages/MiniCore/hardware/avr/3.1.3/libraries/Wire/src/utility/twi.c:119
  digitalWrite(SCL, 0);
    2206:	60 e0       	ldi	r22, 0x00	; 0
    2208:	83 e1       	ldi	r24, 0x13	; 19
    220a:	0c 94 7f 10 	jmp	0x20fe	; 0x20fe <digitalWrite>

0000220e <Print::write(unsigned char const*, unsigned int)>:
Print::write(unsigned char const*, unsigned int):
/home/bezdred/.arduino15/packages/MiniCore/hardware/avr/3.1.3/cores/MCUdude_corefiles/Print.cpp:35

// Public Methods //////////////////////////////////////////////////////////////

/* default implementation: may be overridden */
size_t Print::write(const uint8_t *buffer, size_t size)
{
    220e:	cf 92       	push	r12
    2210:	df 92       	push	r13
    2212:	ef 92       	push	r14
    2214:	ff 92       	push	r15
    2216:	0f 93       	push	r16
    2218:	1f 93       	push	r17
    221a:	cf 93       	push	r28
    221c:	df 93       	push	r29
    221e:	7c 01       	movw	r14, r24
    2220:	6a 01       	movw	r12, r20

00002222 <.LVL573>:
/home/bezdred/.arduino15/packages/MiniCore/hardware/avr/3.1.3/cores/MCUdude_corefiles/Print.cpp:36
  size_t n = 0;
    2222:	00 e0       	ldi	r16, 0x00	; 0
    2224:	10 e0       	ldi	r17, 0x00	; 0

00002226 <.L297>:
/home/bezdred/.arduino15/packages/MiniCore/hardware/avr/3.1.3/cores/MCUdude_corefiles/Print.cpp:37
  while (size--) {
    2226:	0c 15       	cp	r16, r12
    2228:	1d 05       	cpc	r17, r13
    222a:	51 f4       	brne	.+20     	; 0x2240 <.L299>

0000222c <.L296>:
/home/bezdred/.arduino15/packages/MiniCore/hardware/avr/3.1.3/cores/MCUdude_corefiles/Print.cpp:42
    if (write(*buffer++)) n++;
    else break;
  }
  return n;
}
    222c:	c8 01       	movw	r24, r16
    222e:	df 91       	pop	r29
    2230:	cf 91       	pop	r28
    2232:	1f 91       	pop	r17
    2234:	0f 91       	pop	r16

00002236 <.Loc.1500>:
    2236:	ff 90       	pop	r15
    2238:	ef 90       	pop	r14

0000223a <.Loc.1501>:
    223a:	df 90       	pop	r13
    223c:	cf 90       	pop	r12

0000223e <.Loc.1502>:
    223e:	08 95       	ret

00002240 <.L299>:
/home/bezdred/.arduino15/packages/MiniCore/hardware/avr/3.1.3/cores/MCUdude_corefiles/Print.cpp:38
    if (write(*buffer++)) n++;
    2240:	eb 01       	movw	r28, r22

00002242 <.Loc.1505>:
    2242:	d7 01       	movw	r26, r14
    2244:	ed 91       	ld	r30, X+
    2246:	fc 91       	ld	r31, X
    2248:	01 90       	ld	r0, Z+
    224a:	f0 81       	ld	r31, Z
    224c:	e0 2d       	mov	r30, r0
    224e:	69 91       	ld	r22, Y+

00002250 <.Loc.1506>:
    2250:	c7 01       	movw	r24, r14
    2252:	09 95       	icall

00002254 <.LVL582>:
/home/bezdred/.arduino15/packages/MiniCore/hardware/avr/3.1.3/cores/MCUdude_corefiles/Print.cpp:38 (discriminator 1)
    2254:	89 2b       	or	r24, r25
    2256:	51 f3       	breq	.-44     	; 0x222c <.L296>

00002258 <.Loc.1508>:
    2258:	0f 5f       	subi	r16, 0xFF	; 255
    225a:	1f 4f       	sbci	r17, 0xFF	; 255

0000225c <.Loc.1510>:
/home/bezdred/.arduino15/packages/MiniCore/hardware/avr/3.1.3/cores/MCUdude_corefiles/Print.cpp:38
    225c:	be 01       	movw	r22, r28
    225e:	e3 cf       	rjmp	.-58     	; 0x2226 <.L297>

00002260 <Adafruit_GFX::drawBitmap(int, int, unsigned char const*, int, int, unsigned int) [clone .constprop.0]>:
Adafruit_GFX::drawBitmap(int, int, unsigned char const*, int, int, unsigned int):
/home/bezdred/Arduino/libraries/Adafruit_GFX_Library/Adafruit_GFX.cpp:974
void Adafruit_GFX::drawBitmap(int16_t x, int16_t y, const uint8_t bitmap[],
    2260:	3f 92       	push	r3
    2262:	4f 92       	push	r4
    2264:	5f 92       	push	r5
    2266:	6f 92       	push	r6
    2268:	7f 92       	push	r7
    226a:	8f 92       	push	r8
    226c:	9f 92       	push	r9
    226e:	af 92       	push	r10
    2270:	bf 92       	push	r11
    2272:	cf 92       	push	r12
    2274:	df 92       	push	r13
    2276:	ef 92       	push	r14
    2278:	ff 92       	push	r15
    227a:	0f 93       	push	r16
    227c:	1f 93       	push	r17
    227e:	cf 93       	push	r28
    2280:	df 93       	push	r29
    2282:	6c 01       	movw	r12, r24
    2284:	eb 01       	movw	r28, r22
    2286:	5a 01       	movw	r10, r20
    2288:	79 01       	movw	r14, r18

0000228a <.LVL585>:
/home/bezdred/Arduino/libraries/Adafruit_GFX_Library/Adafruit_GFX.cpp:977
  int16_t byteWidth = (w + 7) / 8; // Bitmap scanline pad = whole byte
    228a:	29 01       	movw	r4, r18
    228c:	87 e0       	ldi	r24, 0x07	; 7
    228e:	48 0e       	add	r4, r24
    2290:	51 1c       	adc	r5, r1

00002292 <.Loc.1514>:
    2292:	93 e0       	ldi	r25, 0x03	; 3

00002294 <.L1^B11>:
    2294:	55 94       	asr	r5
    2296:	47 94       	ror	r4
    2298:	9a 95       	dec	r25
    229a:	e1 f7       	brne	.-8      	; 0x2294 <.L1^B11>

0000229c <.Loc.1515>:
    229c:	38 01       	movw	r6, r16
    229e:	66 0e       	add	r6, r22
    22a0:	77 1e       	adc	r7, r23
    22a2:	81 2c       	mov	r8, r1
    22a4:	91 2c       	mov	r9, r1

000022a6 <.Loc.1516>:
/home/bezdred/Arduino/libraries/Adafruit_GFX_Library/Adafruit_GFX.cpp:978
  uint8_t b = 0;
    22a6:	31 2c       	mov	r3, r1

000022a8 <.L302>:
/home/bezdred/Arduino/libraries/Adafruit_GFX_Library/Adafruit_GFX.cpp:982
    for (int16_t i = 0; i < w; i++) {
    22a8:	00 e0       	ldi	r16, 0x00	; 0
    22aa:	10 e0       	ldi	r17, 0x00	; 0

000022ac <.L306>:
/home/bezdred/Arduino/libraries/Adafruit_GFX_Library/Adafruit_GFX.cpp:983
      if (i & 7)
    22ac:	c8 01       	movw	r24, r16
    22ae:	87 70       	andi	r24, 0x07	; 7
    22b0:	99 27       	eor	r25, r25

000022b2 <.Loc.1519>:
/home/bezdred/Arduino/libraries/Adafruit_GFX_Library/Adafruit_GFX.cpp:984
        b <<= 1;
    22b2:	33 0c       	add	r3, r3

000022b4 <.Loc.1520>:
/home/bezdred/Arduino/libraries/Adafruit_GFX_Library/Adafruit_GFX.cpp:983
      if (i & 7)
    22b4:	89 2b       	or	r24, r25
    22b6:	59 f4       	brne	.+22     	; 0x22ce <.L304>

000022b8 <.LBB352>:
/home/bezdred/Arduino/libraries/Adafruit_GFX_Library/Adafruit_GFX.cpp:986
        b = pgm_read_byte(&bitmap[j * byteWidth + i / 8]);
    22b8:	f8 01       	movw	r30, r16
    22ba:	83 e0       	ldi	r24, 0x03	; 3

000022bc <.L1^B12>:
    22bc:	f5 95       	asr	r31
    22be:	e7 95       	ror	r30
    22c0:	8a 95       	dec	r24
    22c2:	e1 f7       	brne	.-8      	; 0x22bc <.L1^B12>
    22c4:	e8 0d       	add	r30, r8
    22c6:	f9 1d       	adc	r31, r9
    22c8:	ea 0d       	add	r30, r10
    22ca:	fb 1d       	adc	r31, r11
    22cc:	34 90       	lpm	r3, Z

000022ce <.L304>:
/home/bezdred/Arduino/libraries/Adafruit_GFX_Library/Adafruit_GFX.cpp:987
      if (b & 0x80)
    22ce:	37 fe       	sbrs	r3, 7
    22d0:	0a c0       	rjmp	.+20     	; 0x22e6 <.L305>

000022d2 <.Loc.1524>:
/home/bezdred/Arduino/libraries/Adafruit_GFX_Library/Adafruit_GFX.cpp:988
        writePixel(x + i, y, color);
    22d2:	21 e0       	ldi	r18, 0x01	; 1
    22d4:	30 e0       	ldi	r19, 0x00	; 0
    22d6:	ae 01       	movw	r20, r28
    22d8:	b8 01       	movw	r22, r16
    22da:	6c 0d       	add	r22, r12
    22dc:	7d 1d       	adc	r23, r13
    22de:	8b e5       	ldi	r24, 0x5B	; 91
    22e0:	91 e0       	ldi	r25, 0x01	; 1
    22e2:	0e 94 b4 08 	call	0x1168	; 0x1168 <Adafruit_GFX::writePixel(int, int, unsigned int)>

000022e6 <.L305>:
/home/bezdred/Arduino/libraries/Adafruit_GFX_Library/Adafruit_GFX.cpp:982 (discriminator 2)
    for (int16_t i = 0; i < w; i++) {
    22e6:	0f 5f       	subi	r16, 0xFF	; 255
    22e8:	1f 4f       	sbci	r17, 0xFF	; 255

000022ea <.Loc.1527>:
/home/bezdred/Arduino/libraries/Adafruit_GFX_Library/Adafruit_GFX.cpp:982 (discriminator 1)
    22ea:	e0 16       	cp	r14, r16
    22ec:	f1 06       	cpc	r15, r17
    22ee:	f1 f6       	brne	.-68     	; 0x22ac <.L306>

000022f0 <.LBE349>:
/home/bezdred/Arduino/libraries/Adafruit_GFX_Library/Adafruit_GFX.cpp:981 (discriminator 2)
  for (int16_t j = 0; j < h; j++, y++) {
    22f0:	21 96       	adiw	r28, 0x01	; 1

000022f2 <.Loc.1530>:
/home/bezdred/Arduino/libraries/Adafruit_GFX_Library/Adafruit_GFX.cpp:981 (discriminator 1)
    22f2:	84 0c       	add	r8, r4
    22f4:	95 1c       	adc	r9, r5
    22f6:	c6 15       	cp	r28, r6
    22f8:	d7 05       	cpc	r29, r7
    22fa:	b1 f6       	brne	.-84     	; 0x22a8 <.L302>

000022fc <.LBE348>:
/home/bezdred/Arduino/libraries/Adafruit_GFX_Library/Adafruit_GFX.cpp:992
}
    22fc:	df 91       	pop	r29
    22fe:	cf 91       	pop	r28

00002300 <.Loc.1532>:
    2300:	1f 91       	pop	r17
    2302:	0f 91       	pop	r16

00002304 <.Loc.1533>:
    2304:	ff 90       	pop	r15
    2306:	ef 90       	pop	r14

00002308 <.Loc.1534>:
    2308:	df 90       	pop	r13
    230a:	cf 90       	pop	r12

0000230c <.Loc.1535>:
    230c:	bf 90       	pop	r11
    230e:	af 90       	pop	r10

00002310 <.Loc.1536>:
    2310:	9f 90       	pop	r9
    2312:	8f 90       	pop	r8
    2314:	7f 90       	pop	r7
    2316:	6f 90       	pop	r6
    2318:	5f 90       	pop	r5
    231a:	4f 90       	pop	r4

0000231c <.Loc.1537>:
    231c:	3f 90       	pop	r3
    231e:	08 95       	ret

00002320 <SPIClass::transfer(unsigned char) [clone .isra.0]>:
SPIClass::transfer(unsigned char):
/home/bezdred/.arduino15/packages/MiniCore/hardware/avr/3.1.3/libraries/SPI/src/SPI.h:212
    SPDR = data;
    2320:	8e bd       	out	0x2e, r24	; 46

00002322 <.Loc.1540>:
	...

00002324 <.L310>:
/home/bezdred/.arduino15/packages/MiniCore/hardware/avr/3.1.3/libraries/SPI/src/SPI.h:220 (discriminator 1)
    while (!(SPSR & _BV(SPIF))) ; // wait
    2324:	0d b4       	in	r0, 0x2d	; 45
    2326:	07 fe       	sbrs	r0, 7
    2328:	fd cf       	rjmp	.-6      	; 0x2324 <.L310>

0000232a <.Loc.1542>:
/home/bezdred/.arduino15/packages/MiniCore/hardware/avr/3.1.3/libraries/SPI/src/SPI.h:221
    return SPDR;
    232a:	8e b5       	in	r24, 0x2e	; 46

0000232c <.Loc.1543>:
/home/bezdred/.arduino15/packages/MiniCore/hardware/avr/3.1.3/libraries/SPI/src/SPI.h:222
  }
    232c:	08 95       	ret

0000232e <TwoWire::endTransmission() [clone .isra.0]>:
TwoWire::endTransmission():
/home/bezdred/.arduino15/packages/MiniCore/hardware/avr/3.1.3/libraries/Wire/src/Wire.cpp:623
uint8_t TwoWire::endTransmission(void)
    232e:	0f 93       	push	r16
    2330:	cf 93       	push	r28
    2332:	df 93       	push	r29
    2334:	ec 01       	movw	r28, r24

00002336 <.LBB355>:
TwoWire::endTransmission(unsigned char):
/home/bezdred/.arduino15/packages/MiniCore/hardware/avr/3.1.3/libraries/Wire/src/Wire.cpp:611
  uint8_t ret = tw_writeTo(txAddress, txBuffer, txBufferLength, 1, sendStop);
    2336:	6b 89       	ldd	r22, Y+19	; 0x13
    2338:	7c 89       	ldd	r23, Y+20	; 0x14
    233a:	ee a1       	ldd	r30, Y+38	; 0x26
    233c:	ff a1       	ldd	r31, Y+39	; 0x27
    233e:	01 e0       	ldi	r16, 0x01	; 1
    2340:	21 e0       	ldi	r18, 0x01	; 1
    2342:	4e 89       	ldd	r20, Y+22	; 0x16
    2344:	8a 89       	ldd	r24, Y+18	; 0x12

00002346 <.Loc.1547>:
    2346:	09 95       	icall

00002348 <.LVL607>:
/home/bezdred/.arduino15/packages/MiniCore/hardware/avr/3.1.3/libraries/Wire/src/Wire.cpp:613
  txBufferIndex = 0;
    2348:	1d 8a       	std	Y+21, r1	; 0x15

0000234a <.Loc.1549>:
/home/bezdred/.arduino15/packages/MiniCore/hardware/avr/3.1.3/libraries/Wire/src/Wire.cpp:614
  txBufferLength = 0;
    234a:	1e 8a       	std	Y+22, r1	; 0x16

0000234c <.Loc.1550>:
/home/bezdred/.arduino15/packages/MiniCore/hardware/avr/3.1.3/libraries/Wire/src/Wire.cpp:616
  transmitting = 0;
    234c:	1f 8a       	std	Y+23, r1	; 0x17

0000234e <.LBE355>:
TwoWire::endTransmission():
/home/bezdred/.arduino15/packages/MiniCore/hardware/avr/3.1.3/libraries/Wire/src/Wire.cpp:626
}
    234e:	df 91       	pop	r29
    2350:	cf 91       	pop	r28

00002352 <.Loc.1553>:
    2352:	0f 91       	pop	r16
    2354:	08 95       	ret

00002356 <Adafruit_SSD1306::ssd1306_command1(unsigned char)>:
Adafruit_SSD1306::ssd1306_command1(unsigned char):
/home/bezdred/Arduino/libraries/Adafruit_SSD1306/Adafruit_SSD1306.cpp:396
void Adafruit_SSD1306::ssd1306_command1(uint8_t c) {
    2356:	1f 93       	push	r17
    2358:	cf 93       	push	r28
    235a:	df 93       	push	r29
    235c:	ec 01       	movw	r28, r24
    235e:	16 2f       	mov	r17, r22

00002360 <.Loc.1556>:
/home/bezdred/Arduino/libraries/Adafruit_SSD1306/Adafruit_SSD1306.cpp:397
  if (wire) { // I2C
    2360:	ad 8d       	ldd	r26, Y+29	; 0x1d
    2362:	be 8d       	ldd	r27, Y+30	; 0x1e

00002364 <.Loc.1558>:
    2364:	10 97       	sbiw	r26, 0x00	; 0
    2366:	41 f1       	breq	.+80     	; 0x23b8 <.L314>

00002368 <.LBB364>:
TwoWire::beginTransmission(int):
/home/bezdred/.arduino15/packages/MiniCore/hardware/avr/3.1.3/libraries/Wire/src/Wire.cpp:592
  beginTransmission((uint8_t)address);
    2368:	89 a1       	ldd	r24, Y+33	; 0x21

0000236a <.LBB366>:
TwoWire::beginTransmission(unsigned char):
/home/bezdred/.arduino15/packages/MiniCore/hardware/avr/3.1.3/libraries/Wire/src/Wire.cpp:582
  transmitting = 1;
    236a:	91 e0       	ldi	r25, 0x01	; 1
    236c:	57 96       	adiw	r26, 0x17	; 23
    236e:	9c 93       	st	X, r25
    2370:	57 97       	sbiw	r26, 0x17	; 23

00002372 <.Loc.1566>:
/home/bezdred/.arduino15/packages/MiniCore/hardware/avr/3.1.3/libraries/Wire/src/Wire.cpp:584
  txAddress = address;
    2372:	52 96       	adiw	r26, 0x12	; 18
    2374:	8c 93       	st	X, r24
    2376:	52 97       	sbiw	r26, 0x12	; 18

00002378 <.Loc.1568>:
/home/bezdred/.arduino15/packages/MiniCore/hardware/avr/3.1.3/libraries/Wire/src/Wire.cpp:586
  txBufferIndex = 0;
    2378:	55 96       	adiw	r26, 0x15	; 21
    237a:	1c 92       	st	X, r1
    237c:	55 97       	sbiw	r26, 0x15	; 21

0000237e <.Loc.1570>:
/home/bezdred/.arduino15/packages/MiniCore/hardware/avr/3.1.3/libraries/Wire/src/Wire.cpp:587
  txBufferLength = 0;
    237e:	56 96       	adiw	r26, 0x16	; 22
    2380:	1c 92       	st	X, r1
    2382:	56 97       	sbiw	r26, 0x16	; 22

00002384 <.LBE364>:
Adafruit_SSD1306::ssd1306_command1(unsigned char):
/home/bezdred/Arduino/libraries/Adafruit_SSD1306/Adafruit_SSD1306.cpp:399
    WIRE_WRITE((uint8_t)0x00); // Co = 0, D/C = 0
    2384:	ed 91       	ld	r30, X+
    2386:	fc 91       	ld	r31, X
    2388:	11 97       	sbiw	r26, 0x01	; 1
    238a:	01 90       	ld	r0, Z+
    238c:	f0 81       	ld	r31, Z
    238e:	e0 2d       	mov	r30, r0
    2390:	60 e0       	ldi	r22, 0x00	; 0

00002392 <.Loc.1575>:
    2392:	cd 01       	movw	r24, r26
    2394:	09 95       	icall

00002396 <.LVL615>:
/home/bezdred/Arduino/libraries/Adafruit_SSD1306/Adafruit_SSD1306.cpp:400
    WIRE_WRITE(c);
    2396:	8d 8d       	ldd	r24, Y+29	; 0x1d
    2398:	9e 8d       	ldd	r25, Y+30	; 0x1e

0000239a <.Loc.1577>:
    239a:	dc 01       	movw	r26, r24
    239c:	ed 91       	ld	r30, X+
    239e:	fc 91       	ld	r31, X
    23a0:	01 90       	ld	r0, Z+
    23a2:	f0 81       	ld	r31, Z
    23a4:	e0 2d       	mov	r30, r0
    23a6:	61 2f       	mov	r22, r17
    23a8:	09 95       	icall

000023aa <.LVL616>:
/home/bezdred/Arduino/libraries/Adafruit_SSD1306/Adafruit_SSD1306.cpp:401
    wire->endTransmission();
    23aa:	8d 8d       	ldd	r24, Y+29	; 0x1d
    23ac:	9e 8d       	ldd	r25, Y+30	; 0x1e

000023ae <.Loc.1580>:
/home/bezdred/Arduino/libraries/Adafruit_SSD1306/Adafruit_SSD1306.cpp:406
}
    23ae:	df 91       	pop	r29
    23b0:	cf 91       	pop	r28

000023b2 <.Loc.1581>:
    23b2:	1f 91       	pop	r17

000023b4 <.Loc.1582>:
/home/bezdred/Arduino/libraries/Adafruit_SSD1306/Adafruit_SSD1306.cpp:401
    wire->endTransmission();
    23b4:	0c 94 97 11 	jmp	0x232e	; 0x232e <TwoWire::endTransmission() [clone .isra.0]>

000023b8 <.L314>:
/home/bezdred/Arduino/libraries/Adafruit_SSD1306/Adafruit_SSD1306.cpp:403
    SSD1306_MODE_COMMAND
    23b8:	ed a5       	ldd	r30, Y+45	; 0x2d
    23ba:	fe a5       	ldd	r31, Y+46	; 0x2e
    23bc:	90 81       	ld	r25, Z
    23be:	8b a9       	ldd	r24, Y+51	; 0x33

000023c0 <.Loc.1584>:
    23c0:	80 95       	com	r24
    23c2:	89 23       	and	r24, r25
    23c4:	80 83       	st	Z, r24

000023c6 <.LBB368>:
Adafruit_SSD1306::SPIwrite(unsigned char):
/home/bezdred/Arduino/libraries/Adafruit_SSD1306/Adafruit_SSD1306.cpp:364
  if (spi) {
    23c6:	8b 8d       	ldd	r24, Y+27	; 0x1b
    23c8:	9c 8d       	ldd	r25, Y+28	; 0x1c
    23ca:	89 2b       	or	r24, r25
    23cc:	31 f0       	breq	.+12     	; 0x23da <.L318>

000023ce <.Loc.1588>:
/home/bezdred/Arduino/libraries/Adafruit_SSD1306/Adafruit_SSD1306.cpp:365
    (void)spi->transfer(d);
    23ce:	86 2f       	mov	r24, r22

000023d0 <.Loc.1590>:
Adafruit_SSD1306::ssd1306_command1(unsigned char):
/home/bezdred/Arduino/libraries/Adafruit_SSD1306/Adafruit_SSD1306.cpp:406
}
    23d0:	df 91       	pop	r29
    23d2:	cf 91       	pop	r28

000023d4 <.Loc.1591>:
    23d4:	1f 91       	pop	r17

000023d6 <.Loc.1592>:
Adafruit_SSD1306::SPIwrite(unsigned char):
/home/bezdred/Arduino/libraries/Adafruit_SSD1306/Adafruit_SSD1306.cpp:365
    (void)spi->transfer(d);
    23d6:	0c 94 90 11 	jmp	0x2320	; 0x2320 <SPIClass::transfer(unsigned char) [clone .isra.0]>

000023da <.L318>:
    23da:	28 e0       	ldi	r18, 0x08	; 8
    23dc:	30 e0       	ldi	r19, 0x00	; 0

000023de <.LBB370>:
/home/bezdred/Arduino/libraries/Adafruit_SSD1306/Adafruit_SSD1306.cpp:367
    for (uint8_t bit = 0x80; bit; bit >>= 1) {
    23de:	80 e8       	ldi	r24, 0x80	; 128

000023e0 <.L315>:
/home/bezdred/Arduino/libraries/Adafruit_SSD1306/Adafruit_SSD1306.cpp:370
        *mosiPort |= mosiPinMask;
    23e0:	e9 a5       	ldd	r30, Y+41	; 0x29
    23e2:	fa a5       	ldd	r31, Y+42	; 0x2a

000023e4 <.Loc.1597>:
    23e4:	99 a9       	ldd	r25, Y+49	; 0x31

000023e6 <.Loc.1598>:
/home/bezdred/Arduino/libraries/Adafruit_SSD1306/Adafruit_SSD1306.cpp:369
      if (d & bit)
    23e6:	41 2f       	mov	r20, r17
    23e8:	48 23       	and	r20, r24

000023ea <.Loc.1599>:
    23ea:	41 15       	cp	r20, r1
    23ec:	c1 f0       	breq	.+48     	; 0x241e <.L316>

000023ee <.Loc.1600>:
/home/bezdred/Arduino/libraries/Adafruit_SSD1306/Adafruit_SSD1306.cpp:370
        *mosiPort |= mosiPinMask;
    23ee:	40 81       	ld	r20, Z

000023f0 <.Loc.1601>:
    23f0:	94 2b       	or	r25, r20

000023f2 <.L320>:
/home/bezdred/Arduino/libraries/Adafruit_SSD1306/Adafruit_SSD1306.cpp:372
        *mosiPort &= ~mosiPinMask;
    23f2:	90 83       	st	Z, r25

000023f4 <.Loc.1603>:
/home/bezdred/Arduino/libraries/Adafruit_SSD1306/Adafruit_SSD1306.cpp:373
      *clkPort |= clkPinMask;  // Clock high
    23f4:	eb a5       	ldd	r30, Y+43	; 0x2b
    23f6:	fc a5       	ldd	r31, Y+44	; 0x2c

000023f8 <.Loc.1605>:
    23f8:	90 81       	ld	r25, Z

000023fa <.Loc.1606>:
    23fa:	4a a9       	ldd	r20, Y+50	; 0x32
    23fc:	94 2b       	or	r25, r20
    23fe:	90 83       	st	Z, r25

00002400 <.Loc.1607>:
/home/bezdred/Arduino/libraries/Adafruit_SSD1306/Adafruit_SSD1306.cpp:374
      *clkPort &= ~clkPinMask; // Clock low
    2400:	eb a5       	ldd	r30, Y+43	; 0x2b
    2402:	fc a5       	ldd	r31, Y+44	; 0x2c

00002404 <.Loc.1609>:
    2404:	40 81       	ld	r20, Z

00002406 <.Loc.1610>:
    2406:	9a a9       	ldd	r25, Y+50	; 0x32
    2408:	90 95       	com	r25
    240a:	94 23       	and	r25, r20
    240c:	90 83       	st	Z, r25

0000240e <.Loc.1611>:
/home/bezdred/Arduino/libraries/Adafruit_SSD1306/Adafruit_SSD1306.cpp:367 (discriminator 2)
    for (uint8_t bit = 0x80; bit; bit >>= 1) {
    240e:	86 95       	lsr	r24

00002410 <.Loc.1613>:
/home/bezdred/Arduino/libraries/Adafruit_SSD1306/Adafruit_SSD1306.cpp:367 (discriminator 1)
    2410:	21 50       	subi	r18, 0x01	; 1
    2412:	30 40       	sbci	r19, 0x00	; 0
    2414:	29 f7       	brne	.-54     	; 0x23e0 <.L315>

00002416 <.Loc.1614>:
Adafruit_SSD1306::ssd1306_command1(unsigned char):
/home/bezdred/Arduino/libraries/Adafruit_SSD1306/Adafruit_SSD1306.cpp:406
}
    2416:	df 91       	pop	r29
    2418:	cf 91       	pop	r28

0000241a <.Loc.1615>:
    241a:	1f 91       	pop	r17

0000241c <.Loc.1616>:
    241c:	08 95       	ret

0000241e <.L316>:
Adafruit_SSD1306::SPIwrite(unsigned char):
/home/bezdred/Arduino/libraries/Adafruit_SSD1306/Adafruit_SSD1306.cpp:372
        *mosiPort &= ~mosiPinMask;
    241e:	40 81       	ld	r20, Z

00002420 <.Loc.1618>:
    2420:	90 95       	com	r25
    2422:	94 23       	and	r25, r20
    2424:	e6 cf       	rjmp	.-52     	; 0x23f2 <.L320>

00002426 <Adafruit_SSD1306::invertDisplay(bool)>:
Adafruit_SSD1306::invertDisplay(bool):
/home/bezdred/Arduino/libraries/Adafruit_SSD1306/Adafruit_SSD1306.cpp:1189
            display() function -- buffer contents are not changed, rather a
            different pixel mode of the display hardware is used. When
            enabled, drawing SSD1306_BLACK (value 0) pixels will actually draw
   white, SSD1306_WHITE (value 1) will draw black.
*/
void Adafruit_SSD1306::invertDisplay(bool i) {
    2426:	1f 93       	push	r17
    2428:	cf 93       	push	r28
    242a:	df 93       	push	r29
    242c:	ec 01       	movw	r28, r24
    242e:	16 2f       	mov	r17, r22

00002430 <.Loc.1621>:
/home/bezdred/Arduino/libraries/Adafruit_SSD1306/Adafruit_SSD1306.cpp:1190
  TRANSACTION_START
    2430:	8d 8d       	ldd	r24, Y+29	; 0x1d
    2432:	9e 8d       	ldd	r25, Y+30	; 0x1e

00002434 <.Loc.1622>:
    2434:	00 97       	sbiw	r24, 0x00	; 0
    2436:	c1 f0       	breq	.+48     	; 0x2468 <.L322>

00002438 <.Loc.1623>:
/home/bezdred/Arduino/libraries/Adafruit_SSD1306/Adafruit_SSD1306.cpp:1190 (discriminator 1)
    2438:	4d a9       	ldd	r20, Y+53	; 0x35
    243a:	5e a9       	ldd	r21, Y+54	; 0x36
    243c:	6f a9       	ldd	r22, Y+55	; 0x37
    243e:	78 ad       	ldd	r23, Y+56	; 0x38
    2440:	0e 94 57 06 	call	0xcae	; 0xcae <TwoWire::setClock(unsigned long)>

00002444 <.L323>:
/home/bezdred/Arduino/libraries/Adafruit_SSD1306/Adafruit_SSD1306.cpp:1191
  ssd1306_command1(i ? SSD1306_INVERTDISPLAY : SSD1306_NORMALDISPLAY);
    2444:	66 ea       	ldi	r22, 0xA6	; 166
    2446:	61 0f       	add	r22, r17

00002448 <.Loc.1627>:
/home/bezdred/Arduino/libraries/Adafruit_SSD1306/Adafruit_SSD1306.cpp:1191 (discriminator 4)
    2448:	ce 01       	movw	r24, r28
    244a:	0e 94 ab 11 	call	0x2356	; 0x2356 <Adafruit_SSD1306::ssd1306_command1(unsigned char)>

0000244e <.LVL633>:
/home/bezdred/Arduino/libraries/Adafruit_SSD1306/Adafruit_SSD1306.cpp:1192
  TRANSACTION_END
    244e:	8d 8d       	ldd	r24, Y+29	; 0x1d
    2450:	9e 8d       	ldd	r25, Y+30	; 0x1e
    2452:	00 97       	sbiw	r24, 0x00	; 0
    2454:	c9 f0       	breq	.+50     	; 0x2488 <.L325>

00002456 <.Loc.1629>:
/home/bezdred/Arduino/libraries/Adafruit_SSD1306/Adafruit_SSD1306.cpp:1192 (discriminator 1)
    2456:	49 ad       	ldd	r20, Y+57	; 0x39
    2458:	5a ad       	ldd	r21, Y+58	; 0x3a
    245a:	6b ad       	ldd	r22, Y+59	; 0x3b
    245c:	7c ad       	ldd	r23, Y+60	; 0x3c

0000245e <.Loc.1630>:
/home/bezdred/Arduino/libraries/Adafruit_SSD1306/Adafruit_SSD1306.cpp:1193
}
    245e:	df 91       	pop	r29
    2460:	cf 91       	pop	r28

00002462 <.Loc.1631>:
    2462:	1f 91       	pop	r17

00002464 <.Loc.1632>:
/home/bezdred/Arduino/libraries/Adafruit_SSD1306/Adafruit_SSD1306.cpp:1192 (discriminator 1)
  TRANSACTION_END
    2464:	0c 94 57 06 	jmp	0xcae	; 0xcae <TwoWire::setClock(unsigned long)>

00002468 <.L322>:
/home/bezdred/Arduino/libraries/Adafruit_SSD1306/Adafruit_SSD1306.cpp:1190 (discriminator 2)
  TRANSACTION_START
    2468:	8b 8d       	ldd	r24, Y+27	; 0x1b
    246a:	9c 8d       	ldd	r25, Y+28	; 0x1c
    246c:	89 2b       	or	r24, r25
    246e:	21 f0       	breq	.+8      	; 0x2478 <.L324>

00002470 <.Loc.1634>:
/home/bezdred/Arduino/libraries/Adafruit_SSD1306/Adafruit_SSD1306.cpp:1190 (discriminator 4)
    2470:	8e ad       	ldd	r24, Y+62	; 0x3e
    2472:	9f ad       	ldd	r25, Y+63	; 0x3f
    2474:	0e 94 96 0d 	call	0x1b2c	; 0x1b2c <SPIClass::beginTransaction(SPISettings)>

00002478 <.L324>:
/home/bezdred/Arduino/libraries/Adafruit_SSD1306/Adafruit_SSD1306.cpp:1190 (discriminator 6)
    2478:	ef a5       	ldd	r30, Y+47	; 0x2f
    247a:	f8 a9       	ldd	r31, Y+48	; 0x30
    247c:	90 81       	ld	r25, Z
    247e:	8c a9       	ldd	r24, Y+52	; 0x34
    2480:	80 95       	com	r24
    2482:	89 23       	and	r24, r25
    2484:	80 83       	st	Z, r24
    2486:	de cf       	rjmp	.-68     	; 0x2444 <.L323>

00002488 <.L325>:
/home/bezdred/Arduino/libraries/Adafruit_SSD1306/Adafruit_SSD1306.cpp:1192 (discriminator 2)
  TRANSACTION_END
    2488:	ef a5       	ldd	r30, Y+47	; 0x2f
    248a:	f8 a9       	ldd	r31, Y+48	; 0x30
    248c:	80 81       	ld	r24, Z
    248e:	9c a9       	ldd	r25, Y+52	; 0x34
    2490:	89 2b       	or	r24, r25
    2492:	80 83       	st	Z, r24

00002494 <.Loc.1637>:
/home/bezdred/Arduino/libraries/Adafruit_SSD1306/Adafruit_SSD1306.cpp:1193
}
    2494:	df 91       	pop	r29
    2496:	cf 91       	pop	r28

00002498 <.Loc.1641>:
    2498:	1f 91       	pop	r17

0000249a <.Loc.1642>:
    249a:	08 95       	ret

0000249c <Adafruit_SSD1306::ssd1306_commandList(unsigned char const*, unsigned char) [clone .constprop.0]>:
Adafruit_SSD1306::ssd1306_commandList(unsigned char const*, unsigned char):
/home/bezdred/Arduino/libraries/Adafruit_SSD1306/Adafruit_SSD1306.cpp:420
void Adafruit_SSD1306::ssd1306_commandList(const uint8_t *c, uint8_t n) {
    249c:	ef 92       	push	r14
    249e:	ff 92       	push	r15
    24a0:	0f 93       	push	r16
    24a2:	1f 93       	push	r17
    24a4:	cf 93       	push	r28
    24a6:	df 93       	push	r29
    24a8:	f8 2e       	mov	r15, r24
    24aa:	d9 2f       	mov	r29, r25
    24ac:	c6 2f       	mov	r28, r22

000024ae <.Loc.1645>:
/home/bezdred/Arduino/libraries/Adafruit_SSD1306/Adafruit_SSD1306.cpp:421
  if (wire) { // I2C
    24ae:	a0 91 78 01 	lds	r26, 0x0178	; 0x800178 <display+0x1d>
    24b2:	b0 91 79 01 	lds	r27, 0x0179	; 0x800179 <display+0x1e>

000024b6 <.Loc.1646>:
    24b6:	10 97       	sbiw	r26, 0x00	; 0
    24b8:	09 f4       	brne	.+2      	; 0x24bc <.LBB403>

000024ba <L0^A>:
    24ba:	64 c0       	rjmp	.+200    	; 0x2584 <.L330>

000024bc <.LBB403>:
TwoWire::beginTransmission(int):
/home/bezdred/.arduino15/packages/MiniCore/hardware/avr/3.1.3/libraries/Wire/src/Wire.cpp:592
  beginTransmission((uint8_t)address);
    24bc:	80 91 7c 01 	lds	r24, 0x017C	; 0x80017c <display+0x21>

000024c0 <.LBB406>:
TwoWire::beginTransmission(unsigned char):
/home/bezdred/.arduino15/packages/MiniCore/hardware/avr/3.1.3/libraries/Wire/src/Wire.cpp:582
  transmitting = 1;
    24c0:	91 e0       	ldi	r25, 0x01	; 1
    24c2:	57 96       	adiw	r26, 0x17	; 23
    24c4:	9c 93       	st	X, r25
    24c6:	57 97       	sbiw	r26, 0x17	; 23

000024c8 <.Loc.1649>:
/home/bezdred/.arduino15/packages/MiniCore/hardware/avr/3.1.3/libraries/Wire/src/Wire.cpp:584
  txAddress = address;
    24c8:	52 96       	adiw	r26, 0x12	; 18
    24ca:	8c 93       	st	X, r24
    24cc:	52 97       	sbiw	r26, 0x12	; 18

000024ce <.Loc.1650>:
/home/bezdred/.arduino15/packages/MiniCore/hardware/avr/3.1.3/libraries/Wire/src/Wire.cpp:586
  txBufferIndex = 0;
    24ce:	55 96       	adiw	r26, 0x15	; 21
    24d0:	1c 92       	st	X, r1
    24d2:	55 97       	sbiw	r26, 0x15	; 21

000024d4 <.Loc.1651>:
/home/bezdred/.arduino15/packages/MiniCore/hardware/avr/3.1.3/libraries/Wire/src/Wire.cpp:587
  txBufferLength = 0;
    24d4:	56 96       	adiw	r26, 0x16	; 22
    24d6:	1c 92       	st	X, r1
    24d8:	56 97       	sbiw	r26, 0x16	; 22

000024da <.LBE404>:
Adafruit_SSD1306::ssd1306_commandList(unsigned char const*, unsigned char):
/home/bezdred/Arduino/libraries/Adafruit_SSD1306/Adafruit_SSD1306.cpp:423
    WIRE_WRITE((uint8_t)0x00); // Co = 0, D/C = 0
    24da:	ed 91       	ld	r30, X+
    24dc:	fc 91       	ld	r31, X
    24de:	11 97       	sbiw	r26, 0x01	; 1
    24e0:	01 90       	ld	r0, Z+
    24e2:	f0 81       	ld	r31, Z
    24e4:	e0 2d       	mov	r30, r0
    24e6:	60 e0       	ldi	r22, 0x00	; 0

000024e8 <.Loc.1654>:
    24e8:	cd 01       	movw	r24, r26
    24ea:	09 95       	icall

000024ec <.LVL647>:
    24ec:	0f 2d       	mov	r16, r15
    24ee:	1d 2f       	mov	r17, r29

000024f0 <.Loc.1656>:
/home/bezdred/Arduino/libraries/Adafruit_SSD1306/Adafruit_SSD1306.cpp:424
    uint16_t bytesOut = 1;
    24f0:	ee 24       	eor	r14, r14
    24f2:	e3 94       	inc	r14
    24f4:	f1 2c       	mov	r15, r1

000024f6 <.LBB409>:
TwoWire::beginTransmission(unsigned char):
/home/bezdred/.arduino15/packages/MiniCore/hardware/avr/3.1.3/libraries/Wire/src/Wire.cpp:582
  transmitting = 1;
    24f6:	d1 e0       	ldi	r29, 0x01	; 1

000024f8 <.L331>:
Adafruit_SSD1306::ssd1306_commandList(unsigned char const*, unsigned char):
/home/bezdred/Arduino/libraries/Adafruit_SSD1306/Adafruit_SSD1306.cpp:425
    while (n--) {
    24f8:	c1 50       	subi	r28, 0x01	; 1

000024fa <.Loc.1660>:
/home/bezdred/Arduino/libraries/Adafruit_SSD1306/Adafruit_SSD1306.cpp:427
        wire->endTransmission();
    24fa:	80 91 78 01 	lds	r24, 0x0178	; 0x800178 <display+0x1d>
    24fe:	90 91 79 01 	lds	r25, 0x0179	; 0x800179 <display+0x1e>

00002502 <.Loc.1661>:
/home/bezdred/Arduino/libraries/Adafruit_SSD1306/Adafruit_SSD1306.cpp:425
    while (n--) {
    2502:	cf 3f       	cpi	r28, 0xFF	; 255
    2504:	41 f4       	brne	.+16     	; 0x2516 <.L333>

00002506 <.Loc.1662>:
/home/bezdred/Arduino/libraries/Adafruit_SSD1306/Adafruit_SSD1306.cpp:441
}
    2506:	df 91       	pop	r29
    2508:	cf 91       	pop	r28

0000250a <.Loc.1663>:
    250a:	1f 91       	pop	r17
    250c:	0f 91       	pop	r16

0000250e <.Loc.1664>:
    250e:	ff 90       	pop	r15
    2510:	ef 90       	pop	r14

00002512 <.Loc.1665>:
/home/bezdred/Arduino/libraries/Adafruit_SSD1306/Adafruit_SSD1306.cpp:435
    wire->endTransmission();
    2512:	0c 94 97 11 	jmp	0x232e	; 0x232e <TwoWire::endTransmission() [clone .isra.0]>

00002516 <.L333>:
/home/bezdred/Arduino/libraries/Adafruit_SSD1306/Adafruit_SSD1306.cpp:426
      if (bytesOut >= WIRE_MAX) {
    2516:	20 e2       	ldi	r18, 0x20	; 32
    2518:	e2 16       	cp	r14, r18
    251a:	f1 04       	cpc	r15, r1
    251c:	01 f5       	brne	.+64     	; 0x255e <.L332>

0000251e <.Loc.1667>:
/home/bezdred/Arduino/libraries/Adafruit_SSD1306/Adafruit_SSD1306.cpp:427
        wire->endTransmission();
    251e:	0e 94 97 11 	call	0x232e	; 0x232e <TwoWire::endTransmission() [clone .isra.0]>

00002522 <.LVL654>:
/home/bezdred/Arduino/libraries/Adafruit_SSD1306/Adafruit_SSD1306.cpp:428
        wire->beginTransmission(i2caddr);
    2522:	a0 91 78 01 	lds	r26, 0x0178	; 0x800178 <display+0x1d>
    2526:	b0 91 79 01 	lds	r27, 0x0179	; 0x800179 <display+0x1e>

0000252a <.LVL655>:
TwoWire::beginTransmission(int):
/home/bezdred/.arduino15/packages/MiniCore/hardware/avr/3.1.3/libraries/Wire/src/Wire.cpp:592
  beginTransmission((uint8_t)address);
    252a:	80 91 7c 01 	lds	r24, 0x017C	; 0x80017c <display+0x21>

0000252e <.LVL656>:
TwoWire::beginTransmission(unsigned char):
/home/bezdred/.arduino15/packages/MiniCore/hardware/avr/3.1.3/libraries/Wire/src/Wire.cpp:582
  transmitting = 1;
    252e:	57 96       	adiw	r26, 0x17	; 23
    2530:	dc 93       	st	X, r29
    2532:	57 97       	sbiw	r26, 0x17	; 23

00002534 <.Loc.1671>:
/home/bezdred/.arduino15/packages/MiniCore/hardware/avr/3.1.3/libraries/Wire/src/Wire.cpp:584
  txAddress = address;
    2534:	52 96       	adiw	r26, 0x12	; 18
    2536:	8c 93       	st	X, r24
    2538:	52 97       	sbiw	r26, 0x12	; 18

0000253a <.Loc.1672>:
/home/bezdred/.arduino15/packages/MiniCore/hardware/avr/3.1.3/libraries/Wire/src/Wire.cpp:586
  txBufferIndex = 0;
    253a:	55 96       	adiw	r26, 0x15	; 21
    253c:	1c 92       	st	X, r1
    253e:	55 97       	sbiw	r26, 0x15	; 21

00002540 <.Loc.1673>:
/home/bezdred/.arduino15/packages/MiniCore/hardware/avr/3.1.3/libraries/Wire/src/Wire.cpp:587
  txBufferLength = 0;
    2540:	56 96       	adiw	r26, 0x16	; 22
    2542:	1c 92       	st	X, r1
    2544:	56 97       	sbiw	r26, 0x16	; 22

00002546 <.Loc.1674>:
Adafruit_SSD1306::ssd1306_commandList(unsigned char const*, unsigned char):
/home/bezdred/Arduino/libraries/Adafruit_SSD1306/Adafruit_SSD1306.cpp:429
        WIRE_WRITE((uint8_t)0x00); // Co = 0, D/C = 0
    2546:	ed 91       	ld	r30, X+
    2548:	fc 91       	ld	r31, X
    254a:	11 97       	sbiw	r26, 0x01	; 1
    254c:	01 90       	ld	r0, Z+
    254e:	f0 81       	ld	r31, Z
    2550:	e0 2d       	mov	r30, r0
    2552:	60 e0       	ldi	r22, 0x00	; 0
    2554:	cd 01       	movw	r24, r26
    2556:	09 95       	icall

00002558 <.LVL659>:
/home/bezdred/Arduino/libraries/Adafruit_SSD1306/Adafruit_SSD1306.cpp:430
        bytesOut = 1;
    2558:	ee 24       	eor	r14, r14
    255a:	e3 94       	inc	r14
    255c:	f1 2c       	mov	r15, r1

0000255e <.L332>:
/home/bezdred/Arduino/libraries/Adafruit_SSD1306/Adafruit_SSD1306.cpp:432
      WIRE_WRITE(pgm_read_byte(c++));
    255e:	80 91 78 01 	lds	r24, 0x0178	; 0x800178 <display+0x1d>
    2562:	90 91 79 01 	lds	r25, 0x0179	; 0x800179 <display+0x1e>

00002566 <.LBB417>:
    2566:	f8 01       	movw	r30, r16
    2568:	64 91       	lpm	r22, Z

0000256a <.LBE417>:
    256a:	dc 01       	movw	r26, r24
    256c:	ed 91       	ld	r30, X+
    256e:	fc 91       	ld	r31, X
    2570:	01 90       	ld	r0, Z+
    2572:	f0 81       	ld	r31, Z
    2574:	e0 2d       	mov	r30, r0
    2576:	09 95       	icall

00002578 <.Loc.1681>:
/home/bezdred/Arduino/libraries/Adafruit_SSD1306/Adafruit_SSD1306.cpp:433
      bytesOut++;
    2578:	bf ef       	ldi	r27, 0xFF	; 255
    257a:	eb 1a       	sub	r14, r27
    257c:	fb 0a       	sbc	r15, r27

0000257e <.Loc.1682>:
    257e:	0f 5f       	subi	r16, 0xFF	; 255
    2580:	1f 4f       	sbci	r17, 0xFF	; 255

00002582 <.Loc.1683>:
    2582:	ba cf       	rjmp	.-140    	; 0x24f8 <.L331>

00002584 <.L330>:
/home/bezdred/Arduino/libraries/Adafruit_SSD1306/Adafruit_SSD1306.cpp:437
    SSD1306_MODE_COMMAND
    2584:	e0 91 88 01 	lds	r30, 0x0188	; 0x800188 <display+0x2d>
    2588:	f0 91 89 01 	lds	r31, 0x0189	; 0x800189 <display+0x2e>
    258c:	80 81       	ld	r24, Z

0000258e <.Loc.1686>:
    258e:	20 91 8e 01 	lds	r18, 0x018E	; 0x80018e <display+0x33>
    2592:	20 95       	com	r18
    2594:	28 23       	and	r18, r24
    2596:	20 83       	st	Z, r18
    2598:	0f 2d       	mov	r16, r15
    259a:	19 2f       	mov	r17, r25

0000259c <.L334>:
/home/bezdred/Arduino/libraries/Adafruit_SSD1306/Adafruit_SSD1306.cpp:438
    while (n--)
    259c:	c1 50       	subi	r28, 0x01	; 1
    259e:	38 f4       	brcc	.+14     	; 0x25ae <.L339>

000025a0 <.Loc.1688>:
/home/bezdred/Arduino/libraries/Adafruit_SSD1306/Adafruit_SSD1306.cpp:441
}
    25a0:	df 91       	pop	r29
    25a2:	cf 91       	pop	r28

000025a4 <.Loc.1690>:
    25a4:	1f 91       	pop	r17
    25a6:	0f 91       	pop	r16

000025a8 <.Loc.1691>:
    25a8:	ff 90       	pop	r15
    25aa:	ef 90       	pop	r14
    25ac:	08 95       	ret

000025ae <.L339>:
/home/bezdred/Arduino/libraries/Adafruit_SSD1306/Adafruit_SSD1306.cpp:439
      SPIwrite(pgm_read_byte(c++));
    25ae:	f8 01       	movw	r30, r16
    25b0:	84 91       	lpm	r24, Z

000025b2 <.LBB423>:
Adafruit_SSD1306::SPIwrite(unsigned char):
/home/bezdred/Arduino/libraries/Adafruit_SSD1306/Adafruit_SSD1306.cpp:364
  if (spi) {
    25b2:	20 91 76 01 	lds	r18, 0x0176	; 0x800176 <display+0x1b>
    25b6:	30 91 77 01 	lds	r19, 0x0177	; 0x800177 <display+0x1c>
    25ba:	23 2b       	or	r18, r19
    25bc:	29 f0       	breq	.+10     	; 0x25c8 <.L340>

000025be <.Loc.1695>:
/home/bezdred/Arduino/libraries/Adafruit_SSD1306/Adafruit_SSD1306.cpp:365
    (void)spi->transfer(d);
    25be:	0e 94 90 11 	call	0x2320	; 0x2320 <SPIClass::transfer(unsigned char) [clone .isra.0]>

000025c2 <.L336>:
    25c2:	0f 5f       	subi	r16, 0xFF	; 255
    25c4:	1f 4f       	sbci	r17, 0xFF	; 255

000025c6 <.Loc.1697>:
    25c6:	ea cf       	rjmp	.-44     	; 0x259c <.L334>

000025c8 <.L340>:
    25c8:	28 e0       	ldi	r18, 0x08	; 8
    25ca:	30 e0       	ldi	r19, 0x00	; 0

000025cc <.LBB425>:
/home/bezdred/Arduino/libraries/Adafruit_SSD1306/Adafruit_SSD1306.cpp:367
    for (uint8_t bit = 0x80; bit; bit >>= 1) {
    25cc:	40 e8       	ldi	r20, 0x80	; 128

000025ce <.L335>:
/home/bezdred/Arduino/libraries/Adafruit_SSD1306/Adafruit_SSD1306.cpp:370
        *mosiPort |= mosiPinMask;
    25ce:	e0 91 84 01 	lds	r30, 0x0184	; 0x800184 <display+0x29>
    25d2:	f0 91 85 01 	lds	r31, 0x0185	; 0x800185 <display+0x2a>

000025d6 <.Loc.1701>:
    25d6:	90 91 8c 01 	lds	r25, 0x018C	; 0x80018c <display+0x31>

000025da <.Loc.1702>:
/home/bezdred/Arduino/libraries/Adafruit_SSD1306/Adafruit_SSD1306.cpp:369
      if (d & bit)
    25da:	58 2f       	mov	r21, r24
    25dc:	54 23       	and	r21, r20

000025de <.Loc.1703>:
    25de:	51 15       	cp	r21, r1
    25e0:	d9 f0       	breq	.+54     	; 0x2618 <.L337>

000025e2 <.Loc.1704>:
/home/bezdred/Arduino/libraries/Adafruit_SSD1306/Adafruit_SSD1306.cpp:370
        *mosiPort |= mosiPinMask;
    25e2:	50 81       	ld	r21, Z

000025e4 <.Loc.1705>:
    25e4:	95 2b       	or	r25, r21

000025e6 <.L342>:
/home/bezdred/Arduino/libraries/Adafruit_SSD1306/Adafruit_SSD1306.cpp:372
        *mosiPort &= ~mosiPinMask;
    25e6:	90 83       	st	Z, r25

000025e8 <.Loc.1707>:
/home/bezdred/Arduino/libraries/Adafruit_SSD1306/Adafruit_SSD1306.cpp:373
      *clkPort |= clkPinMask;  // Clock high
    25e8:	e0 91 86 01 	lds	r30, 0x0186	; 0x800186 <display+0x2b>
    25ec:	f0 91 87 01 	lds	r31, 0x0187	; 0x800187 <display+0x2c>

000025f0 <.Loc.1708>:
    25f0:	90 81       	ld	r25, Z

000025f2 <.Loc.1709>:
    25f2:	50 91 8d 01 	lds	r21, 0x018D	; 0x80018d <display+0x32>
    25f6:	95 2b       	or	r25, r21
    25f8:	90 83       	st	Z, r25

000025fa <.Loc.1710>:
/home/bezdred/Arduino/libraries/Adafruit_SSD1306/Adafruit_SSD1306.cpp:374
      *clkPort &= ~clkPinMask; // Clock low
    25fa:	e0 91 86 01 	lds	r30, 0x0186	; 0x800186 <display+0x2b>
    25fe:	f0 91 87 01 	lds	r31, 0x0187	; 0x800187 <display+0x2c>

00002602 <.Loc.1711>:
    2602:	50 81       	ld	r21, Z

00002604 <.Loc.1712>:
    2604:	90 91 8d 01 	lds	r25, 0x018D	; 0x80018d <display+0x32>
    2608:	90 95       	com	r25
    260a:	95 23       	and	r25, r21
    260c:	90 83       	st	Z, r25

0000260e <.Loc.1713>:
/home/bezdred/Arduino/libraries/Adafruit_SSD1306/Adafruit_SSD1306.cpp:367 (discriminator 2)
    for (uint8_t bit = 0x80; bit; bit >>= 1) {
    260e:	46 95       	lsr	r20

00002610 <.Loc.1714>:
/home/bezdred/Arduino/libraries/Adafruit_SSD1306/Adafruit_SSD1306.cpp:367 (discriminator 1)
    2610:	21 50       	subi	r18, 0x01	; 1
    2612:	30 40       	sbci	r19, 0x00	; 0
    2614:	e1 f6       	brne	.-72     	; 0x25ce <.L335>
    2616:	d5 cf       	rjmp	.-86     	; 0x25c2 <.L336>

00002618 <.L337>:
/home/bezdred/Arduino/libraries/Adafruit_SSD1306/Adafruit_SSD1306.cpp:372
        *mosiPort &= ~mosiPinMask;
    2618:	50 81       	ld	r21, Z

0000261a <.Loc.1716>:
    261a:	90 95       	com	r25
    261c:	95 23       	and	r25, r21
    261e:	e3 cf       	rjmp	.-58     	; 0x25e6 <.L342>

00002620 <Adafruit_SSD1306::clearDisplay() [clone .constprop.0]>:
Adafruit_SSD1306::clearDisplay():
/home/bezdred/Arduino/libraries/Adafruit_SSD1306/Adafruit_SSD1306.cpp:698
  memset(buffer, 0, WIDTH * ((HEIGHT + 7) / 8));
    2620:	20 91 61 01 	lds	r18, 0x0161	; 0x800161 <display+0x6>
    2624:	30 91 62 01 	lds	r19, 0x0162	; 0x800162 <display+0x7>

00002628 <.Loc.1719>:
    2628:	c9 01       	movw	r24, r18
    262a:	07 96       	adiw	r24, 0x07	; 7
    262c:	97 fd       	sbrc	r25, 7
    262e:	07 96       	adiw	r24, 0x07	; 7
    2630:	23 e0       	ldi	r18, 0x03	; 3

00002632 <.L1^B13>:
    2632:	95 95       	asr	r25
    2634:	87 95       	ror	r24
    2636:	2a 95       	dec	r18
    2638:	e1 f7       	brne	.-8      	; 0x2632 <.L1^B13>

0000263a <.Loc.1720>:
    263a:	20 91 5f 01 	lds	r18, 0x015F	; 0x80015f <display+0x4>
    263e:	30 91 60 01 	lds	r19, 0x0160	; 0x800160 <display+0x5>
    2642:	82 9f       	mul	r24, r18
    2644:	a0 01       	movw	r20, r0
    2646:	83 9f       	mul	r24, r19
    2648:	50 0d       	add	r21, r0
    264a:	92 9f       	mul	r25, r18
    264c:	50 0d       	add	r21, r0
    264e:	11 24       	eor	r1, r1

00002650 <.Loc.1721>:
    2650:	60 e0       	ldi	r22, 0x00	; 0
    2652:	70 e0       	ldi	r23, 0x00	; 0
    2654:	80 91 7a 01 	lds	r24, 0x017A	; 0x80017a <display+0x1f>
    2658:	90 91 7b 01 	lds	r25, 0x017B	; 0x80017b <display+0x20>
    265c:	0c 94 72 1f 	jmp	0x3ee4	; 0x3ee4 <memset>

00002660 <Print::write(char const*) [clone .constprop.0] [clone .isra.0]>:
Print::write(char const*):
/home/bezdred/.arduino15/packages/MiniCore/hardware/avr/3.1.3/cores/MCUdude_corefiles/Print.h:52
    size_t write(const char *str) {
    2660:	bc 01       	movw	r22, r24

00002662 <.Loc.1724>:
/home/bezdred/.arduino15/packages/MiniCore/hardware/avr/3.1.3/cores/MCUdude_corefiles/Print.h:53
      if (str == NULL) return 0;
    2662:	00 97       	sbiw	r24, 0x00	; 0
    2664:	61 f0       	breq	.+24     	; 0x267e <.L345>

00002666 <.Loc.1725>:
/home/bezdred/.arduino15/packages/MiniCore/hardware/avr/3.1.3/cores/MCUdude_corefiles/Print.h:54
      return write((const uint8_t *)str, strlen(str));
    2666:	fc 01       	movw	r30, r24

00002668 <.L0^B1>:
    2668:	01 90       	ld	r0, Z+
    266a:	00 20       	and	r0, r0
    266c:	e9 f7       	brne	.-6      	; 0x2668 <.L0^B1>
    266e:	31 97       	sbiw	r30, 0x01	; 1
    2670:	af 01       	movw	r20, r30
    2672:	48 1b       	sub	r20, r24
    2674:	59 0b       	sbc	r21, r25

00002676 <.Loc.1726>:
/home/bezdred/.arduino15/packages/MiniCore/hardware/avr/3.1.3/cores/MCUdude_corefiles/Print.h:54 (discriminator 1)
    2676:	8b e5       	ldi	r24, 0x5B	; 91
    2678:	91 e0       	ldi	r25, 0x01	; 1

0000267a <.Loc.1727>:
    267a:	0c 94 07 11 	jmp	0x220e	; 0x220e <Print::write(unsigned char const*, unsigned int)>

0000267e <.L345>:
/home/bezdred/.arduino15/packages/MiniCore/hardware/avr/3.1.3/cores/MCUdude_corefiles/Print.h:55
    }
    267e:	08 95       	ret

00002680 <Print::printNumber(unsigned long, unsigned char) [clone .constprop.0] [clone .isra.0]>:
Print::printNumber(unsigned long, unsigned char):
/home/bezdred/.arduino15/packages/MiniCore/hardware/avr/3.1.3/cores/MCUdude_corefiles/Print.cpp:232
  return vfprintf_P(&f, (const char *)format, ap);
}

// Private Methods /////////////////////////////////////////////////////////////

size_t Print::printNumber(unsigned long n, uint8_t base)
    2680:	4f 92       	push	r4
    2682:	5f 92       	push	r5
    2684:	6f 92       	push	r6
    2686:	7f 92       	push	r7
    2688:	8f 92       	push	r8
    268a:	9f 92       	push	r9
    268c:	af 92       	push	r10
    268e:	bf 92       	push	r11
    2690:	cf 92       	push	r12
    2692:	df 92       	push	r13
    2694:	ef 92       	push	r14
    2696:	ff 92       	push	r15
    2698:	0f 93       	push	r16
    269a:	1f 93       	push	r17
    269c:	cf 93       	push	r28
    269e:	df 93       	push	r29
    26a0:	cd b7       	in	r28, 0x3d	; 61
    26a2:	de b7       	in	r29, 0x3e	; 62
    26a4:	a1 97       	sbiw	r28, 0x21	; 33
    26a6:	0f b6       	in	r0, 0x3f	; 63
    26a8:	f8 94       	cli
    26aa:	de bf       	out	0x3e, r29	; 62
    26ac:	0f be       	out	0x3f, r0	; 63
    26ae:	cd bf       	out	0x3d, r28	; 61
    26b0:	76 2e       	mov	r7, r22
    26b2:	67 2e       	mov	r6, r23
    26b4:	58 2e       	mov	r5, r24
    26b6:	49 2e       	mov	r4, r25

000026b8 <.Loc.1731>:
/home/bezdred/.arduino15/packages/MiniCore/hardware/avr/3.1.3/cores/MCUdude_corefiles/Print.cpp:237
{
  char buf[8 * sizeof(long) + 1]; // Assumes 8-bit chars plus zero byte.
  char *str = &buf[sizeof(buf) - 1];

  *str = '\0';
    26b8:	19 a2       	std	Y+33, r1	; 0x21

000026ba <.Loc.1732>:
/home/bezdred/.arduino15/packages/MiniCore/hardware/avr/3.1.3/cores/MCUdude_corefiles/Print.cpp:240

  // prevent crash if called with base == 1
  if (base < 2) base = 10;
    26ba:	42 30       	cpi	r20, 0x02	; 2
    26bc:	08 f4       	brcc	.+2      	; 0x26c0 <.L348>

000026be <.Loc.1733>:
/home/bezdred/.arduino15/packages/MiniCore/hardware/avr/3.1.3/cores/MCUdude_corefiles/Print.cpp:240 (discriminator 1)
    26be:	4a e0       	ldi	r20, 0x0A	; 10

000026c0 <.L348>:
    26c0:	8e 01       	movw	r16, r28
    26c2:	0f 5d       	subi	r16, 0xDF	; 223
    26c4:	1f 4f       	sbci	r17, 0xFF	; 255

000026c6 <.LBB431>:
/home/bezdred/.arduino15/packages/MiniCore/hardware/avr/3.1.3/cores/MCUdude_corefiles/Print.cpp:243

  do {
    char c = n % base;
    26c6:	c4 2e       	mov	r12, r20
    26c8:	d1 2c       	mov	r13, r1
    26ca:	e1 2c       	mov	r14, r1
    26cc:	f1 2c       	mov	r15, r1

000026ce <.L351>:
    26ce:	67 2d       	mov	r22, r7
    26d0:	76 2d       	mov	r23, r6
    26d2:	85 2d       	mov	r24, r5
    26d4:	94 2d       	mov	r25, r4
    26d6:	a7 01       	movw	r20, r14
    26d8:	96 01       	movw	r18, r12
    26da:	0e 94 09 1e 	call	0x3c12	; 0x3c12 <__udivmodsi4>

000026de <.LVL690>:
    26de:	87 2c       	mov	r8, r7
    26e0:	96 2c       	mov	r9, r6
    26e2:	a5 2c       	mov	r10, r5
    26e4:	b4 2c       	mov	r11, r4

000026e6 <.Loc.1738>:
/home/bezdred/.arduino15/packages/MiniCore/hardware/avr/3.1.3/cores/MCUdude_corefiles/Print.cpp:244
    n /= base;
    26e6:	72 2e       	mov	r7, r18

000026e8 <.Loc.1739>:
    26e8:	63 2e       	mov	r6, r19

000026ea <.Loc.1740>:
    26ea:	54 2e       	mov	r5, r20

000026ec <.Loc.1741>:
    26ec:	45 2e       	mov	r4, r21

000026ee <.Loc.1742>:
/home/bezdred/.arduino15/packages/MiniCore/hardware/avr/3.1.3/cores/MCUdude_corefiles/Print.cpp:246

    *--str = c < 10 ? c + '0' : c + 'A' - 10;
    26ee:	6a 30       	cpi	r22, 0x0A	; 10
    26f0:	1c f5       	brge	.+70     	; 0x2738 <.L349>

000026f2 <.Loc.1743>:
/home/bezdred/.arduino15/packages/MiniCore/hardware/avr/3.1.3/cores/MCUdude_corefiles/Print.cpp:246 (discriminator 1)
    26f2:	60 5d       	subi	r22, 0xD0	; 208

000026f4 <.L350>:
/home/bezdred/.arduino15/packages/MiniCore/hardware/avr/3.1.3/cores/MCUdude_corefiles/Print.cpp:246 (discriminator 4)
    26f4:	f8 01       	movw	r30, r16
    26f6:	62 93       	st	-Z, r22

000026f8 <.Loc.1745>:
    26f8:	8f 01       	movw	r16, r30

000026fa <.Loc.1746>:
/home/bezdred/.arduino15/packages/MiniCore/hardware/avr/3.1.3/cores/MCUdude_corefiles/Print.cpp:247
  } while(n);
    26fa:	8c 14       	cp	r8, r12
    26fc:	9d 04       	cpc	r9, r13
    26fe:	ae 04       	cpc	r10, r14
    2700:	bf 04       	cpc	r11, r15
    2702:	28 f7       	brcc	.-54     	; 0x26ce <.L351>

00002704 <.Loc.1747>:
/home/bezdred/.arduino15/packages/MiniCore/hardware/avr/3.1.3/cores/MCUdude_corefiles/Print.cpp:249

  return write(str);
    2704:	cf 01       	movw	r24, r30
    2706:	0e 94 30 13 	call	0x2660	; 0x2660 <Print::write(char const*) [clone .constprop.0] [clone .isra.0]>

0000270a <.LVL697>:
/home/bezdred/.arduino15/packages/MiniCore/hardware/avr/3.1.3/cores/MCUdude_corefiles/Print.cpp:250
}
    270a:	a1 96       	adiw	r28, 0x21	; 33
    270c:	0f b6       	in	r0, 0x3f	; 63
    270e:	f8 94       	cli
    2710:	de bf       	out	0x3e, r29	; 62
    2712:	0f be       	out	0x3f, r0	; 63
    2714:	cd bf       	out	0x3d, r28	; 61
    2716:	df 91       	pop	r29
    2718:	cf 91       	pop	r28
    271a:	1f 91       	pop	r17
    271c:	0f 91       	pop	r16

0000271e <.Loc.1749>:
    271e:	ff 90       	pop	r15
    2720:	ef 90       	pop	r14
    2722:	df 90       	pop	r13
    2724:	cf 90       	pop	r12
    2726:	bf 90       	pop	r11
    2728:	af 90       	pop	r10
    272a:	9f 90       	pop	r9
    272c:	8f 90       	pop	r8
    272e:	7f 90       	pop	r7
    2730:	6f 90       	pop	r6
    2732:	5f 90       	pop	r5
    2734:	4f 90       	pop	r4
    2736:	08 95       	ret

00002738 <.L349>:
/home/bezdred/.arduino15/packages/MiniCore/hardware/avr/3.1.3/cores/MCUdude_corefiles/Print.cpp:246 (discriminator 2)
    *--str = c < 10 ? c + '0' : c + 'A' - 10;
    2738:	69 5c       	subi	r22, 0xC9	; 201

0000273a <.Loc.1751>:
    273a:	dc cf       	rjmp	.-72     	; 0x26f4 <.L350>

0000273c <unsigned long& EEPROMClass::get<unsigned long>(int, unsigned long&) [clone .constprop.0] [clone .isra.0]>:
unsigned long& EEPROMClass::get<unsigned long>(int, unsigned long&):
/home/bezdred/.arduino15/packages/MiniCore/hardware/avr/3.1.3/libraries/EEPROM/src/EEPROM.h:130
    EEPtr begin()                        { return 0x00; }
    EEPtr end()                          { return length(); } //Standards requires this to be the item after the last valid entry. The returned pointer is invalid.
    uint16_t length()                    { return E2END + 1; }
    
    //Functionality to 'get' and 'put' objects to and from EEPROM.
    template< typename T > T &get( int idx, T &t ){
    273c:	ef 92       	push	r14
    273e:	ff 92       	push	r15
    2740:	0f 93       	push	r16
    2742:	1f 93       	push	r17
    2744:	cf 93       	push	r28
    2746:	df 93       	push	r29
    2748:	7c 01       	movw	r14, r24
    274a:	eb 01       	movw	r28, r22

0000274c <.LVL702>:
    274c:	00 e0       	ldi	r16, 0x00	; 0
    274e:	10 e0       	ldi	r17, 0x00	; 0

00002750 <.L355>:
EERef::operator*() const:
/home/bezdred/.arduino15/packages/MiniCore/hardware/avr/3.1.3/libraries/EEPROM/src/EEPROM.h:42
    uint8_t operator*() const            { return eeprom_read_byte( (uint8_t*) index ); }
    2750:	c7 01       	movw	r24, r14
    2752:	80 0f       	add	r24, r16
    2754:	91 1f       	adc	r25, r17

00002756 <.Loc.1756>:
    2756:	0e 94 79 1f 	call	0x3ef2	; 0x3ef2 <eeprom_read_byte>

0000275a <.LBE463>:
unsigned long& EEPROMClass::get<unsigned long>(int, unsigned long&):
/home/bezdred/.arduino15/packages/MiniCore/hardware/avr/3.1.3/libraries/EEPROM/src/EEPROM.h:133 (discriminator 3)
        EEPtr e = idx;
        uint8_t *ptr = (uint8_t*) &t;
        for( int count = sizeof(T) ; count ; --count, ++e )  *ptr++ = *e;
    275a:	88 83       	st	Y, r24
    275c:	21 96       	adiw	r28, 0x01	; 1

0000275e <.Loc.1759>:
/home/bezdred/.arduino15/packages/MiniCore/hardware/avr/3.1.3/libraries/EEPROM/src/EEPROM.h:133 (discriminator 2)
    275e:	0f 5f       	subi	r16, 0xFF	; 255
    2760:	1f 4f       	sbci	r17, 0xFF	; 255

00002762 <.Loc.1760>:
    2762:	04 30       	cpi	r16, 0x04	; 4
    2764:	11 05       	cpc	r17, r1
    2766:	a1 f7       	brne	.-24     	; 0x2750 <.L355>

00002768 <.LBE462>:
/home/bezdred/.arduino15/packages/MiniCore/hardware/avr/3.1.3/libraries/EEPROM/src/EEPROM.h:135
        return t;
    }
    2768:	df 91       	pop	r29
    276a:	cf 91       	pop	r28

0000276c <.Loc.1762>:
    276c:	1f 91       	pop	r17
    276e:	0f 91       	pop	r16

00002770 <.Loc.1763>:
    2770:	ff 90       	pop	r15
    2772:	ef 90       	pop	r14

00002774 <.Loc.1764>:
    2774:	08 95       	ret

00002776 <unsigned long const& EEPROMClass::put<unsigned long>(int, unsigned long const&) [clone .constprop.0] [clone .isra.0]>:
unsigned long const& EEPROMClass::put<unsigned long>(int, unsigned long const&):
/home/bezdred/.arduino15/packages/MiniCore/hardware/avr/3.1.3/libraries/EEPROM/src/EEPROM.h:137
    
    template< typename T > const T &put( int idx, const T &t ){
    2776:	bf 92       	push	r11
    2778:	cf 92       	push	r12
    277a:	df 92       	push	r13
    277c:	ef 92       	push	r14
    277e:	ff 92       	push	r15
    2780:	0f 93       	push	r16
    2782:	1f 93       	push	r17
    2784:	cf 93       	push	r28
    2786:	df 93       	push	r29
    2788:	7c 01       	movw	r14, r24
    278a:	eb 01       	movw	r28, r22

0000278c <.LVL712>:
    278c:	00 e0       	ldi	r16, 0x00	; 0
    278e:	10 e0       	ldi	r17, 0x00	; 0

00002790 <.L359>:
/home/bezdred/.arduino15/packages/MiniCore/hardware/avr/3.1.3/libraries/EEPROM/src/EEPROM.h:140 (discriminator 3)
        EEPtr e = idx;
        const uint8_t *ptr = (const uint8_t*) &t;
        for( int count = sizeof(T) ; count ; --count, ++e )  (*e).update( *ptr++ );
    2790:	b8 80       	ld	r11, Y
    2792:	21 96       	adiw	r28, 0x01	; 1

00002794 <.LBB500>:
EERef::operator*() const:
/home/bezdred/.arduino15/packages/MiniCore/hardware/avr/3.1.3/libraries/EEPROM/src/EEPROM.h:42
    uint8_t operator*() const            { return eeprom_read_byte( (uint8_t*) index ); }
    2794:	67 01       	movw	r12, r14
    2796:	c0 0e       	add	r12, r16
    2798:	d1 1e       	adc	r13, r17

0000279a <.Loc.1770>:
    279a:	c6 01       	movw	r24, r12
    279c:	0e 94 79 1f 	call	0x3ef2	; 0x3ef2 <eeprom_read_byte>

000027a0 <.LBE502>:
EERef::update(unsigned char):
/home/bezdred/.arduino15/packages/MiniCore/hardware/avr/3.1.3/libraries/EEPROM/src/EEPROM.h:59 (discriminator 1)
    EERef &update( uint8_t in )          { return  in != *this ? *this = in : *this; }
    27a0:	b8 16       	cp	r11, r24
    27a2:	21 f0       	breq	.+8      	; 0x27ac <.L358>

000027a4 <.LBB505>:
EERef::operator=(unsigned char):
/home/bezdred/.arduino15/packages/MiniCore/hardware/avr/3.1.3/libraries/EEPROM/src/EEPROM.h:47
    EERef &operator=( uint8_t in )       { return eeprom_write_byte( (uint8_t*) index, in ), *this;  }
    27a4:	6b 2d       	mov	r22, r11
    27a6:	c6 01       	movw	r24, r12
    27a8:	0e 94 81 1f 	call	0x3f02	; 0x3f02 <eeprom_write_byte>

000027ac <.L358>:
unsigned long const& EEPROMClass::put<unsigned long>(int, unsigned long const&):
/home/bezdred/.arduino15/packages/MiniCore/hardware/avr/3.1.3/libraries/EEPROM/src/EEPROM.h:140 (discriminator 2)
        for( int count = sizeof(T) ; count ; --count, ++e )  (*e).update( *ptr++ );
    27ac:	0f 5f       	subi	r16, 0xFF	; 255
    27ae:	1f 4f       	sbci	r17, 0xFF	; 255

000027b0 <.Loc.1776>:
    27b0:	04 30       	cpi	r16, 0x04	; 4
    27b2:	11 05       	cpc	r17, r1
    27b4:	69 f7       	brne	.-38     	; 0x2790 <.L359>

000027b6 <.LBE499>:
/home/bezdred/.arduino15/packages/MiniCore/hardware/avr/3.1.3/libraries/EEPROM/src/EEPROM.h:142
        return t;
    }
    27b6:	df 91       	pop	r29
    27b8:	cf 91       	pop	r28

000027ba <.Loc.1778>:
    27ba:	1f 91       	pop	r17
    27bc:	0f 91       	pop	r16

000027be <.Loc.1779>:
    27be:	ff 90       	pop	r15
    27c0:	ef 90       	pop	r14

000027c2 <.Loc.1780>:
    27c2:	df 90       	pop	r13
    27c4:	cf 90       	pop	r12
    27c6:	bf 90       	pop	r11
    27c8:	08 95       	ret

000027ca <__vector_24>:
__vector_24():
/home/bezdred/.arduino15/packages/MiniCore/hardware/avr/3.1.3/libraries/Wire/src/utility/twi.c:534
  }
  return(flag);
}

ISR(TWI_vect)
{
    27ca:	1f 92       	push	r1
    27cc:	0f 92       	push	r0
    27ce:	0f b6       	in	r0, 0x3f	; 63
    27d0:	0f 92       	push	r0
    27d2:	11 24       	eor	r1, r1
    27d4:	2f 93       	push	r18
    27d6:	3f 93       	push	r19
    27d8:	4f 93       	push	r20
    27da:	5f 93       	push	r21
    27dc:	6f 93       	push	r22
    27de:	7f 93       	push	r23
    27e0:	8f 93       	push	r24
    27e2:	9f 93       	push	r25
    27e4:	af 93       	push	r26
    27e6:	bf 93       	push	r27
    27e8:	ef 93       	push	r30
    27ea:	ff 93       	push	r31

000027ec <.Loc.1782>:
/home/bezdred/.arduino15/packages/MiniCore/hardware/avr/3.1.3/libraries/Wire/src/utility/twi.c:535
  switch(TW_STATUS){
    27ec:	90 91 b9 00 	lds	r25, 0x00B9	; 0x8000b9 <main.cpp.0b68acdf+0x7e9946>
    27f0:	89 2f       	mov	r24, r25
    27f2:	88 7f       	andi	r24, 0xF8	; 248

000027f4 <.Loc.1784>:
    27f4:	80 35       	cpi	r24, 0x50	; 80
    27f6:	09 f4       	brne	.+2      	; 0x27fa <L0^A+0x2>

000027f8 <L0^A>:
    27f8:	c9 c0       	rjmp	.+402    	; 0x298c <.L362>
    27fa:	08 f0       	brcs	.+2      	; 0x27fe <L0^A+0x2>

000027fc <L0^A>:
    27fc:	47 c0       	rjmp	.+142    	; 0x288c <.L363>
    27fe:	80 33       	cpi	r24, 0x30	; 48
    2800:	09 f4       	brne	.+2      	; 0x2804 <L0^A+0x2>

00002802 <L0^A>:
    2802:	bf c0       	rjmp	.+382    	; 0x2982 <.L364>
    2804:	b0 f5       	brcc	.+108    	; 0x2872 <.L365>
    2806:	88 31       	cpi	r24, 0x18	; 24
    2808:	01 f1       	breq	.+64     	; 0x284a <.L366>
    280a:	d0 f4       	brcc	.+52     	; 0x2840 <.L367>
    280c:	88 30       	cpi	r24, 0x08	; 8
    280e:	09 f4       	brne	.+2      	; 0x2812 <L0^A+0x2>

00002810 <L0^A>:
    2810:	b0 c0       	rjmp	.+352    	; 0x2972 <.L368>
    2812:	80 31       	cpi	r24, 0x10	; 16
    2814:	09 f4       	brne	.+2      	; 0x2818 <L0^A+0x2>

00002816 <L0^A>:
    2816:	ad c0       	rjmp	.+346    	; 0x2972 <.L368>
    2818:	81 15       	cp	r24, r1
    281a:	09 f4       	brne	.+2      	; 0x281e <.L361>

0000281c <L0^A>:
    281c:	f9 c0       	rjmp	.+498    	; 0x2a10 <.L369>

0000281e <.L361>:
/home/bezdred/.arduino15/packages/MiniCore/hardware/avr/3.1.3/libraries/Wire/src/utility/twi.c:696
    case TW_BUS_ERROR: // bus error, illegal stop/start
      twi_error = TW_BUS_ERROR;
      twi_stop();
      break;
  }
}
    281e:	ff 91       	pop	r31
    2820:	ef 91       	pop	r30
    2822:	bf 91       	pop	r27
    2824:	af 91       	pop	r26
    2826:	9f 91       	pop	r25
    2828:	8f 91       	pop	r24
    282a:	7f 91       	pop	r23
    282c:	6f 91       	pop	r22
    282e:	5f 91       	pop	r21
    2830:	4f 91       	pop	r20
    2832:	3f 91       	pop	r19
    2834:	2f 91       	pop	r18
    2836:	0f 90       	pop	r0
    2838:	0f be       	out	0x3f, r0	; 63
    283a:	0f 90       	pop	r0
    283c:	1f 90       	pop	r1
    283e:	18 95       	reti

00002840 <.L367>:
/home/bezdred/.arduino15/packages/MiniCore/hardware/avr/3.1.3/libraries/Wire/src/utility/twi.c:535
  switch(TW_STATUS){
    2840:	80 32       	cpi	r24, 0x20	; 32
    2842:	09 f4       	brne	.+2      	; 0x2846 <L0^A+0x2>

00002844 <L0^A>:
    2844:	9e c0       	rjmp	.+316    	; 0x2982 <.L364>
    2846:	88 32       	cpi	r24, 0x28	; 40
    2848:	51 f7       	brne	.-44     	; 0x281e <.L361>

0000284a <.L366>:
/home/bezdred/.arduino15/packages/MiniCore/hardware/avr/3.1.3/libraries/Wire/src/utility/twi.c:548
      if(twi_masterBufferIndex < twi_masterBufferLength){
    284a:	90 91 03 02 	lds	r25, 0x0203	; 0x800203 <twi_masterBufferIndex>
    284e:	80 91 02 02 	lds	r24, 0x0202	; 0x800202 <twi_masterBufferLength>

00002852 <.Loc.1789>:
    2852:	98 17       	cp	r25, r24
    2854:	c0 f5       	brcc	.+112    	; 0x28c6 <.L441>

00002856 <.Loc.1790>:
/home/bezdred/.arduino15/packages/MiniCore/hardware/avr/3.1.3/libraries/Wire/src/utility/twi.c:550
        TWDR = twi_masterBuffer[twi_masterBufferIndex++];
    2856:	e0 91 04 02 	lds	r30, 0x0204	; 0x800204 <twi_masterBuffer>
    285a:	f0 91 05 02 	lds	r31, 0x0205	; 0x800205 <twi_masterBuffer+0x1>

0000285e <.Loc.1792>:
    285e:	80 91 03 02 	lds	r24, 0x0203	; 0x800203 <twi_masterBufferIndex>
    2862:	91 e0       	ldi	r25, 0x01	; 1
    2864:	98 0f       	add	r25, r24
    2866:	90 93 03 02 	sts	0x0203, r25	; 0x800203 <twi_masterBufferIndex>

0000286a <.Loc.1793>:
    286a:	e8 0f       	add	r30, r24
    286c:	f1 1d       	adc	r31, r1
    286e:	80 81       	ld	r24, Z
    2870:	82 c0       	rjmp	.+260    	; 0x2976 <.L436>

00002872 <.L365>:
/home/bezdred/.arduino15/packages/MiniCore/hardware/avr/3.1.3/libraries/Wire/src/utility/twi.c:535
  switch(TW_STATUS){
    2872:	80 34       	cpi	r24, 0x40	; 64
    2874:	09 f4       	brne	.+2      	; 0x2878 <L0^A+0x2>

00002876 <L0^A>:
    2876:	99 c0       	rjmp	.+306    	; 0x29aa <.L372>
    2878:	88 34       	cpi	r24, 0x48	; 72
    287a:	09 f4       	brne	.+2      	; 0x287e <L0^A+0x2>

0000287c <L0^A>:
    287c:	84 c0       	rjmp	.+264    	; 0x2986 <.L434>
    287e:	88 33       	cpi	r24, 0x38	; 56
    2880:	71 f6       	brne	.-100    	; 0x281e <.L361>

00002882 <.Loc.1795>:
/home/bezdred/.arduino15/packages/MiniCore/hardware/avr/3.1.3/libraries/Wire/src/utility/twi.c:574
      twi_error = TW_MT_ARB_LOST;
    2882:	80 93 06 02 	sts	0x0206, r24	; 0x800206 <twi_error>

00002886 <.Loc.1797>:
/home/bezdred/.arduino15/packages/MiniCore/hardware/avr/3.1.3/libraries/Wire/src/utility/twi.c:575
      twi_releaseBus();
    2886:	0e 94 fb 07 	call	0xff6	; 0xff6 <twi_releaseBus>

0000288a <.LVL723>:
/home/bezdred/.arduino15/packages/MiniCore/hardware/avr/3.1.3/libraries/Wire/src/utility/twi.c:576
      break;
    288a:	c9 cf       	rjmp	.-110    	; 0x281e <.L361>

0000288c <.L363>:
/home/bezdred/.arduino15/packages/MiniCore/hardware/avr/3.1.3/libraries/Wire/src/utility/twi.c:535
  switch(TW_STATUS){
    288c:	80 3a       	cpi	r24, 0xA0	; 160
    288e:	09 f4       	brne	.+2      	; 0x2892 <L0^A+0x2>

00002890 <L0^A>:
    2890:	a6 c0       	rjmp	.+332    	; 0x29de <.L375>
    2892:	d8 f5       	brcc	.+118    	; 0x290a <.L376>
    2894:	80 38       	cpi	r24, 0x80	; 128
    2896:	09 f4       	brne	.+2      	; 0x289a <L0^A+0x2>

00002898 <L0^A>:
    2898:	90 c0       	rjmp	.+288    	; 0x29ba <.L377>
    289a:	70 f5       	brcc	.+92     	; 0x28f8 <.L378>
    289c:	80 36       	cpi	r24, 0x60	; 96
    289e:	31 f1       	breq	.+76     	; 0x28ec <.L379>
    28a0:	f8 f4       	brcc	.+62     	; 0x28e0 <.L380>
    28a2:	88 35       	cpi	r24, 0x58	; 88
    28a4:	09 f0       	breq	.+2      	; 0x28a8 <.Loc.1800>

000028a6 <L0^A>:
    28a6:	bb cf       	rjmp	.-138    	; 0x281e <.L361>

000028a8 <.Loc.1800>:
/home/bezdred/.arduino15/packages/MiniCore/hardware/avr/3.1.3/libraries/Wire/src/utility/twi.c:593
      twi_masterBuffer[twi_masterBufferIndex++] = TWDR;
    28a8:	e0 91 04 02 	lds	r30, 0x0204	; 0x800204 <twi_masterBuffer>
    28ac:	f0 91 05 02 	lds	r31, 0x0205	; 0x800205 <twi_masterBuffer+0x1>

000028b0 <.Loc.1802>:
    28b0:	80 91 03 02 	lds	r24, 0x0203	; 0x800203 <twi_masterBufferIndex>
    28b4:	91 e0       	ldi	r25, 0x01	; 1
    28b6:	98 0f       	add	r25, r24
    28b8:	90 93 03 02 	sts	0x0203, r25	; 0x800203 <twi_masterBufferIndex>

000028bc <.Loc.1803>:
    28bc:	90 91 bb 00 	lds	r25, 0x00BB	; 0x8000bb <main.cpp.0b68acdf+0x7e9948>

000028c0 <.Loc.1804>:
    28c0:	e8 0f       	add	r30, r24
    28c2:	f1 1d       	adc	r31, r1
    28c4:	90 83       	st	Z, r25

000028c6 <.L441>:
/home/bezdred/.arduino15/packages/MiniCore/hardware/avr/3.1.3/libraries/Wire/src/utility/twi.c:594
  if (twi_sendStop)
    28c6:	80 91 08 02 	lds	r24, 0x0208	; 0x800208 <twi_sendStop>

000028ca <.Loc.1807>:
    28ca:	81 11       	cpse	r24, r1
    28cc:	5c c0       	rjmp	.+184    	; 0x2986 <.L434>

000028ce <.Loc.1808>:
/home/bezdred/.arduino15/packages/MiniCore/hardware/avr/3.1.3/libraries/Wire/src/utility/twi.c:597
    twi_inRepStart = true;  // we're going to send the START
    28ce:	81 e0       	ldi	r24, 0x01	; 1
    28d0:	80 93 07 02 	sts	0x0207, r24	; 0x800207 <twi_inRepStart>

000028d4 <.Loc.1810>:
/home/bezdred/.arduino15/packages/MiniCore/hardware/avr/3.1.3/libraries/Wire/src/utility/twi.c:601
    TWCR = _BV(TWINT) | _BV(TWSTA)| _BV(TWEN) ;
    28d4:	84 ea       	ldi	r24, 0xA4	; 164

000028d6 <.L435>:
twi_reply():
/home/bezdred/.arduino15/packages/MiniCore/hardware/avr/3.1.3/libraries/Wire/src/utility/twi.c:421
    TWCR = _BV(TWEN) | _BV(TWIE) | _BV(TWINT) | _BV(TWEA);
    28d6:	80 93 bc 00 	sts	0x00BC, r24	; 0x8000bc <main.cpp.0b68acdf+0x7e9949>

000028da <.Loc.1813>:
__vector_24():
/home/bezdred/.arduino15/packages/MiniCore/hardware/avr/3.1.3/libraries/Wire/src/utility/twi.c:685
      twi_state = TWI_READY;
    28da:	10 92 09 02 	sts	0x0209, r1	; 0x800209 <twi_state>

000028de <.Loc.1815>:
/home/bezdred/.arduino15/packages/MiniCore/hardware/avr/3.1.3/libraries/Wire/src/utility/twi.c:686
      break;
    28de:	9f cf       	rjmp	.-194    	; 0x281e <.L361>

000028e0 <.L380>:
/home/bezdred/.arduino15/packages/MiniCore/hardware/avr/3.1.3/libraries/Wire/src/utility/twi.c:535
  switch(TW_STATUS){
    28e0:	80 37       	cpi	r24, 0x70	; 112
    28e2:	21 f0       	breq	.+8      	; 0x28ec <.L379>
    28e4:	98 7e       	andi	r25, 0xE8	; 232
    28e6:	98 36       	cpi	r25, 0x68	; 104
    28e8:	09 f0       	breq	.+2      	; 0x28ec <.L379>

000028ea <L0^A>:
    28ea:	99 cf       	rjmp	.-206    	; 0x281e <.L361>

000028ec <.L379>:
/home/bezdred/.arduino15/packages/MiniCore/hardware/avr/3.1.3/libraries/Wire/src/utility/twi.c:616
      twi_state = TWI_SRX;
    28ec:	83 e0       	ldi	r24, 0x03	; 3
    28ee:	80 93 09 02 	sts	0x0209, r24	; 0x800209 <twi_state>

000028f2 <.Loc.1819>:
/home/bezdred/.arduino15/packages/MiniCore/hardware/avr/3.1.3/libraries/Wire/src/utility/twi.c:618
      twi_rxBufferIndex = 0;
    28f2:	10 92 df 01 	sts	0x01DF, r1	; 0x8001df <twi_rxBufferIndex>

000028f6 <.LBB510>:
twi_reply():
/home/bezdred/.arduino15/packages/MiniCore/hardware/avr/3.1.3/libraries/Wire/src/utility/twi.c:421
    TWCR = _BV(TWEN) | _BV(TWIE) | _BV(TWINT) | _BV(TWEA);
    28f6:	41 c0       	rjmp	.+130    	; 0x297a <.L437>

000028f8 <.L378>:
__vector_24():
/home/bezdred/.arduino15/packages/MiniCore/hardware/avr/3.1.3/libraries/Wire/src/utility/twi.c:535
  switch(TW_STATUS){
    28f8:	80 39       	cpi	r24, 0x90	; 144
    28fa:	09 f4       	brne	.+2      	; 0x28fe <L0^A+0x2>

000028fc <L0^A>:
    28fc:	5e c0       	rjmp	.+188    	; 0x29ba <.L377>
    28fe:	98 7e       	andi	r25, 0xE8	; 232
    2900:	98 38       	cpi	r25, 0x88	; 136
    2902:	09 f0       	breq	.+2      	; 0x2906 <.L393>

00002904 <L0^A>:
    2904:	8c cf       	rjmp	.-232    	; 0x281e <.L361>

00002906 <.L393>:
twi_reply():
/home/bezdred/.arduino15/packages/MiniCore/hardware/avr/3.1.3/libraries/Wire/src/utility/twi.c:423
    TWCR = _BV(TWEN) | _BV(TWIE) | _BV(TWINT);
    2906:	85 e8       	ldi	r24, 0x85	; 133
    2908:	39 c0       	rjmp	.+114    	; 0x297c <.L433>

0000290a <.L376>:
__vector_24():
/home/bezdred/.arduino15/packages/MiniCore/hardware/avr/3.1.3/libraries/Wire/src/utility/twi.c:535
  switch(TW_STATUS){
    290a:	88 3b       	cpi	r24, 0xB8	; 184
    290c:	d9 f0       	breq	.+54     	; 0x2944 <.L383>
    290e:	58 f5       	brcc	.+86     	; 0x2966 <.L384>
    2910:	88 3a       	cpi	r24, 0xA8	; 168
    2912:	19 f0       	breq	.+6      	; 0x291a <.L385>
    2914:	80 3b       	cpi	r24, 0xB0	; 176
    2916:	09 f0       	breq	.+2      	; 0x291a <.L385>

00002918 <L0^A>:
    2918:	82 cf       	rjmp	.-252    	; 0x281e <.L361>

0000291a <.L385>:
/home/bezdred/.arduino15/packages/MiniCore/hardware/avr/3.1.3/libraries/Wire/src/utility/twi.c:655
      twi_state = TWI_STX;
    291a:	84 e0       	ldi	r24, 0x04	; 4
    291c:	80 93 09 02 	sts	0x0209, r24	; 0x800209 <twi_state>

00002920 <.Loc.1836>:
/home/bezdred/.arduino15/packages/MiniCore/hardware/avr/3.1.3/libraries/Wire/src/utility/twi.c:657
      twi_txBufferIndex = 0;
    2920:	10 92 bc 01 	sts	0x01BC, r1	; 0x8001bc <twi_txBufferIndex>

00002924 <.Loc.1838>:
/home/bezdred/.arduino15/packages/MiniCore/hardware/avr/3.1.3/libraries/Wire/src/utility/twi.c:659
      twi_txBufferLength = 0;
    2924:	10 92 00 02 	sts	0x0200, r1	; 0x800200 <twi_txBufferLength>

00002928 <.Loc.1840>:
/home/bezdred/.arduino15/packages/MiniCore/hardware/avr/3.1.3/libraries/Wire/src/utility/twi.c:662
      twi_onSlaveTransmit();
    2928:	e0 91 ba 01 	lds	r30, 0x01BA	; 0x8001ba <twi_onSlaveTransmit>
    292c:	f0 91 bb 01 	lds	r31, 0x01BB	; 0x8001bb <twi_onSlaveTransmit+0x1>
    2930:	09 95       	icall

00002932 <.Loc.1841>:
/home/bezdred/.arduino15/packages/MiniCore/hardware/avr/3.1.3/libraries/Wire/src/utility/twi.c:664
      if(0 == twi_txBufferLength){
    2932:	80 91 00 02 	lds	r24, 0x0200	; 0x800200 <twi_txBufferLength>

00002936 <.Loc.1843>:
    2936:	81 11       	cpse	r24, r1
    2938:	05 c0       	rjmp	.+10     	; 0x2944 <.L383>

0000293a <.Loc.1844>:
/home/bezdred/.arduino15/packages/MiniCore/hardware/avr/3.1.3/libraries/Wire/src/utility/twi.c:665
        twi_txBufferLength = 1;
    293a:	81 e0       	ldi	r24, 0x01	; 1
    293c:	80 93 00 02 	sts	0x0200, r24	; 0x800200 <twi_txBufferLength>

00002940 <.Loc.1846>:
/home/bezdred/.arduino15/packages/MiniCore/hardware/avr/3.1.3/libraries/Wire/src/utility/twi.c:666
        twi_txBuffer[0] = 0x00;
    2940:	10 92 e0 01 	sts	0x01E0, r1	; 0x8001e0 <twi_txBuffer>

00002944 <.L383>:
/home/bezdred/.arduino15/packages/MiniCore/hardware/avr/3.1.3/libraries/Wire/src/utility/twi.c:672
      TWDR = twi_txBuffer[twi_txBufferIndex++];
    2944:	e0 91 bc 01 	lds	r30, 0x01BC	; 0x8001bc <twi_txBufferIndex>
    2948:	81 e0       	ldi	r24, 0x01	; 1
    294a:	8e 0f       	add	r24, r30
    294c:	80 93 bc 01 	sts	0x01BC, r24	; 0x8001bc <twi_txBufferIndex>
    2950:	f0 e0       	ldi	r31, 0x00	; 0

00002952 <.Loc.1850>:
    2952:	e0 52       	subi	r30, 0x20	; 32
    2954:	fe 4f       	sbci	r31, 0xFE	; 254
    2956:	80 81       	ld	r24, Z

00002958 <.Loc.1851>:
    2958:	80 93 bb 00 	sts	0x00BB, r24	; 0x8000bb <main.cpp.0b68acdf+0x7e9948>

0000295c <.Loc.1852>:
/home/bezdred/.arduino15/packages/MiniCore/hardware/avr/3.1.3/libraries/Wire/src/utility/twi.c:674
      if(twi_txBufferIndex < twi_txBufferLength){
    295c:	90 91 bc 01 	lds	r25, 0x01BC	; 0x8001bc <twi_txBufferIndex>
    2960:	80 91 00 02 	lds	r24, 0x0200	; 0x800200 <twi_txBufferLength>
    2964:	26 c0       	rjmp	.+76     	; 0x29b2 <.L440>

00002966 <.L384>:
/home/bezdred/.arduino15/packages/MiniCore/hardware/avr/3.1.3/libraries/Wire/src/utility/twi.c:535
  switch(TW_STATUS){
    2966:	90 7f       	andi	r25, 0xF0	; 240
    2968:	90 3c       	cpi	r25, 0xC0	; 192
    296a:	09 f0       	breq	.+2      	; 0x296e <.LBI507>

0000296c <L0^A>:
    296c:	58 cf       	rjmp	.-336    	; 0x281e <.L361>

0000296e <.LBI507>:
twi_reply():
/home/bezdred/.arduino15/packages/MiniCore/hardware/avr/3.1.3/libraries/Wire/src/utility/twi.c:421
    TWCR = _BV(TWEN) | _BV(TWIE) | _BV(TWINT) | _BV(TWEA);
    296e:	85 ec       	ldi	r24, 0xC5	; 197
    2970:	b2 cf       	rjmp	.-156    	; 0x28d6 <.L435>

00002972 <.L368>:
__vector_24():
/home/bezdred/.arduino15/packages/MiniCore/hardware/avr/3.1.3/libraries/Wire/src/utility/twi.c:540
      TWDR = twi_slarw;
    2972:	80 91 01 02 	lds	r24, 0x0201	; 0x800201 <twi_slarw>

00002976 <.L436>:
/home/bezdred/.arduino15/packages/MiniCore/hardware/avr/3.1.3/libraries/Wire/src/utility/twi.c:550
        TWDR = twi_masterBuffer[twi_masterBufferIndex++];
    2976:	80 93 bb 00 	sts	0x00BB, r24	; 0x8000bb <main.cpp.0b68acdf+0x7e9948>

0000297a <.L437>:
twi_reply():
/home/bezdred/.arduino15/packages/MiniCore/hardware/avr/3.1.3/libraries/Wire/src/utility/twi.c:421
    TWCR = _BV(TWEN) | _BV(TWIE) | _BV(TWINT) | _BV(TWEA);
    297a:	85 ec       	ldi	r24, 0xC5	; 197

0000297c <.L433>:
/home/bezdred/.arduino15/packages/MiniCore/hardware/avr/3.1.3/libraries/Wire/src/utility/twi.c:423
    TWCR = _BV(TWEN) | _BV(TWIE) | _BV(TWINT);
    297c:	80 93 bc 00 	sts	0x00BC, r24	; 0x8000bc <main.cpp.0b68acdf+0x7e9949>

00002980 <.Loc.1871>:
/home/bezdred/.arduino15/packages/MiniCore/hardware/avr/3.1.3/libraries/Wire/src/utility/twi.c:425
}
    2980:	4e cf       	rjmp	.-356    	; 0x281e <.L361>

00002982 <.L364>:
__vector_24():
/home/bezdred/.arduino15/packages/MiniCore/hardware/avr/3.1.3/libraries/Wire/src/utility/twi.c:570
      twi_error = TW_MT_DATA_NACK;
    2982:	80 93 06 02 	sts	0x0206, r24	; 0x800206 <twi_error>

00002986 <.L434>:
/home/bezdred/.arduino15/packages/MiniCore/hardware/avr/3.1.3/libraries/Wire/src/utility/twi.c:693
      twi_stop();
    2986:	0e 94 f1 07 	call	0xfe2	; 0xfe2 <twi_stop>

0000298a <.LVL733>:
/home/bezdred/.arduino15/packages/MiniCore/hardware/avr/3.1.3/libraries/Wire/src/utility/twi.c:696
}
    298a:	49 cf       	rjmp	.-366    	; 0x281e <.L361>

0000298c <.L362>:
/home/bezdred/.arduino15/packages/MiniCore/hardware/avr/3.1.3/libraries/Wire/src/utility/twi.c:581
      twi_masterBuffer[twi_masterBufferIndex++] = TWDR;
    298c:	e0 91 04 02 	lds	r30, 0x0204	; 0x800204 <twi_masterBuffer>
    2990:	f0 91 05 02 	lds	r31, 0x0205	; 0x800205 <twi_masterBuffer+0x1>

00002994 <.Loc.1880>:
    2994:	80 91 03 02 	lds	r24, 0x0203	; 0x800203 <twi_masterBufferIndex>
    2998:	91 e0       	ldi	r25, 0x01	; 1
    299a:	98 0f       	add	r25, r24
    299c:	90 93 03 02 	sts	0x0203, r25	; 0x800203 <twi_masterBufferIndex>

000029a0 <.Loc.1881>:
    29a0:	90 91 bb 00 	lds	r25, 0x00BB	; 0x8000bb <main.cpp.0b68acdf+0x7e9948>

000029a4 <.Loc.1882>:
    29a4:	e8 0f       	add	r30, r24
    29a6:	f1 1d       	adc	r31, r1
    29a8:	90 83       	st	Z, r25

000029aa <.L372>:
/home/bezdred/.arduino15/packages/MiniCore/hardware/avr/3.1.3/libraries/Wire/src/utility/twi.c:585
      if(twi_masterBufferIndex < twi_masterBufferLength){
    29aa:	90 91 03 02 	lds	r25, 0x0203	; 0x800203 <twi_masterBufferIndex>
    29ae:	80 91 02 02 	lds	r24, 0x0202	; 0x800202 <twi_masterBufferLength>

000029b2 <.L440>:
/home/bezdred/.arduino15/packages/MiniCore/hardware/avr/3.1.3/libraries/Wire/src/utility/twi.c:674
      if(twi_txBufferIndex < twi_txBufferLength){
    29b2:	98 17       	cp	r25, r24
    29b4:	08 f0       	brcs	.+2      	; 0x29b8 <L0^A+0x2>

000029b6 <L0^A>:
    29b6:	a7 cf       	rjmp	.-178    	; 0x2906 <.L393>
    29b8:	e0 cf       	rjmp	.-64     	; 0x297a <.L437>

000029ba <.L377>:
/home/bezdred/.arduino15/packages/MiniCore/hardware/avr/3.1.3/libraries/Wire/src/utility/twi.c:624
      if(twi_rxBufferIndex < TWI_BUFFER_SIZE){
    29ba:	80 91 df 01 	lds	r24, 0x01DF	; 0x8001df <twi_rxBufferIndex>

000029be <.Loc.1888>:
    29be:	80 32       	cpi	r24, 0x20	; 32
    29c0:	08 f0       	brcs	.+2      	; 0x29c4 <.Loc.1889>

000029c2 <L0^A>:
    29c2:	a1 cf       	rjmp	.-190    	; 0x2906 <.L393>

000029c4 <.Loc.1889>:
/home/bezdred/.arduino15/packages/MiniCore/hardware/avr/3.1.3/libraries/Wire/src/utility/twi.c:626
        twi_rxBuffer[twi_rxBufferIndex++] = TWDR;
    29c4:	e0 91 df 01 	lds	r30, 0x01DF	; 0x8001df <twi_rxBufferIndex>
    29c8:	81 e0       	ldi	r24, 0x01	; 1
    29ca:	8e 0f       	add	r24, r30
    29cc:	80 93 df 01 	sts	0x01DF, r24	; 0x8001df <twi_rxBufferIndex>

000029d0 <.Loc.1891>:
    29d0:	80 91 bb 00 	lds	r24, 0x00BB	; 0x8000bb <main.cpp.0b68acdf+0x7e9948>

000029d4 <.Loc.1892>:
    29d4:	f0 e0       	ldi	r31, 0x00	; 0

000029d6 <.Loc.1893>:
    29d6:	e1 54       	subi	r30, 0x41	; 65
    29d8:	fe 4f       	sbci	r31, 0xFE	; 254
    29da:	80 83       	st	Z, r24

000029dc <.LBB519>:
twi_reply():
/home/bezdred/.arduino15/packages/MiniCore/hardware/avr/3.1.3/libraries/Wire/src/utility/twi.c:421
    TWCR = _BV(TWEN) | _BV(TWIE) | _BV(TWINT) | _BV(TWEA);
    29dc:	ce cf       	rjmp	.-100    	; 0x297a <.L437>

000029de <.L375>:
__vector_24():
/home/bezdred/.arduino15/packages/MiniCore/hardware/avr/3.1.3/libraries/Wire/src/utility/twi.c:635
      twi_releaseBus();
    29de:	0e 94 fb 07 	call	0xff6	; 0xff6 <twi_releaseBus>

000029e2 <.LVL736>:
/home/bezdred/.arduino15/packages/MiniCore/hardware/avr/3.1.3/libraries/Wire/src/utility/twi.c:637
      if(twi_rxBufferIndex < TWI_BUFFER_SIZE){
    29e2:	80 91 df 01 	lds	r24, 0x01DF	; 0x8001df <twi_rxBufferIndex>

000029e6 <.Loc.1902>:
    29e6:	80 32       	cpi	r24, 0x20	; 32
    29e8:	30 f4       	brcc	.+12     	; 0x29f6 <.L392>

000029ea <.Loc.1903>:
/home/bezdred/.arduino15/packages/MiniCore/hardware/avr/3.1.3/libraries/Wire/src/utility/twi.c:638
        twi_rxBuffer[twi_rxBufferIndex] = '\0';
    29ea:	e0 91 df 01 	lds	r30, 0x01DF	; 0x8001df <twi_rxBufferIndex>
    29ee:	f0 e0       	ldi	r31, 0x00	; 0

000029f0 <.Loc.1905>:
    29f0:	e1 54       	subi	r30, 0x41	; 65
    29f2:	fe 4f       	sbci	r31, 0xFE	; 254
    29f4:	10 82       	st	Z, r1

000029f6 <.L392>:
/home/bezdred/.arduino15/packages/MiniCore/hardware/avr/3.1.3/libraries/Wire/src/utility/twi.c:641
      twi_onSlaveReceive(twi_rxBuffer, twi_rxBufferIndex);
    29f6:	60 91 df 01 	lds	r22, 0x01DF	; 0x8001df <twi_rxBufferIndex>
    29fa:	70 e0       	ldi	r23, 0x00	; 0
    29fc:	e0 91 bd 01 	lds	r30, 0x01BD	; 0x8001bd <twi_onSlaveReceive>
    2a00:	f0 91 be 01 	lds	r31, 0x01BE	; 0x8001be <twi_onSlaveReceive+0x1>
    2a04:	8f eb       	ldi	r24, 0xBF	; 191
    2a06:	91 e0       	ldi	r25, 0x01	; 1
    2a08:	09 95       	icall

00002a0a <.LVL737>:
/home/bezdred/.arduino15/packages/MiniCore/hardware/avr/3.1.3/libraries/Wire/src/utility/twi.c:643
      twi_rxBufferIndex = 0;
    2a0a:	10 92 df 01 	sts	0x01DF, r1	; 0x8001df <twi_rxBufferIndex>

00002a0e <.Loc.1909>:
/home/bezdred/.arduino15/packages/MiniCore/hardware/avr/3.1.3/libraries/Wire/src/utility/twi.c:644
      break;
    2a0e:	07 cf       	rjmp	.-498    	; 0x281e <.L361>

00002a10 <.L369>:
/home/bezdred/.arduino15/packages/MiniCore/hardware/avr/3.1.3/libraries/Wire/src/utility/twi.c:692
      twi_error = TW_BUS_ERROR;
    2a10:	10 92 06 02 	sts	0x0206, r1	; 0x800206 <twi_error>
    2a14:	b8 cf       	rjmp	.-144    	; 0x2986 <.L434>

00002a16 <__vector_1>:
__vector_1():
/home/bezdred/.arduino15/packages/MiniCore/hardware/avr/3.1.3/cores/MCUdude_corefiles/WInterrupts.c:488
#elif defined(__AVR_ATmega8__)  || defined(__AVR_ATmega48__)  || defined(__AVR_ATmega48P__)  \
|| defined(__AVR_ATmega48PB__)  || defined(__AVR_ATmega88__)  || defined(__AVR_ATmega88P__)  \
|| defined(__AVR_ATmega88PB__)  || defined(__AVR_ATmega168__) || defined(__AVR_ATmega168P__) \
|| defined(__AVR_ATmega168PB__) || defined(__AVR_ATmega328__) || defined(__AVR_ATmega328P__) \
|| defined(__AVR_ATmega328PB__)
  IMPLEMENT_ISR(INT0_vect, EXTERNAL_INT_0)
    2a16:	1f 92       	push	r1
    2a18:	0f 92       	push	r0
    2a1a:	0f b6       	in	r0, 0x3f	; 63
    2a1c:	0f 92       	push	r0
    2a1e:	11 24       	eor	r1, r1
    2a20:	2f 93       	push	r18
    2a22:	3f 93       	push	r19
    2a24:	4f 93       	push	r20
    2a26:	5f 93       	push	r21
    2a28:	6f 93       	push	r22
    2a2a:	7f 93       	push	r23
    2a2c:	8f 93       	push	r24
    2a2e:	9f 93       	push	r25
    2a30:	af 93       	push	r26
    2a32:	bf 93       	push	r27
    2a34:	ef 93       	push	r30
    2a36:	ff 93       	push	r31

00002a38 <.Loc.1913>:
    2a38:	e0 91 00 01 	lds	r30, 0x0100	; 0x800100 <intFunc>
    2a3c:	f0 91 01 01 	lds	r31, 0x0101	; 0x800101 <intFunc+0x1>
    2a40:	09 95       	icall
    2a42:	ff 91       	pop	r31
    2a44:	ef 91       	pop	r30
    2a46:	bf 91       	pop	r27
    2a48:	af 91       	pop	r26
    2a4a:	9f 91       	pop	r25
    2a4c:	8f 91       	pop	r24
    2a4e:	7f 91       	pop	r23
    2a50:	6f 91       	pop	r22
    2a52:	5f 91       	pop	r21
    2a54:	4f 91       	pop	r20
    2a56:	3f 91       	pop	r19
    2a58:	2f 91       	pop	r18
    2a5a:	0f 90       	pop	r0
    2a5c:	0f be       	out	0x3f, r0	; 63
    2a5e:	0f 90       	pop	r0
    2a60:	1f 90       	pop	r1
    2a62:	18 95       	reti

00002a64 <__vector_2>:
__vector_2():
/home/bezdred/.arduino15/packages/MiniCore/hardware/avr/3.1.3/cores/MCUdude_corefiles/WInterrupts.c:489
  IMPLEMENT_ISR(INT1_vect, EXTERNAL_INT_1)
    2a64:	1f 92       	push	r1
    2a66:	0f 92       	push	r0
    2a68:	0f b6       	in	r0, 0x3f	; 63
    2a6a:	0f 92       	push	r0
    2a6c:	11 24       	eor	r1, r1
    2a6e:	2f 93       	push	r18
    2a70:	3f 93       	push	r19
    2a72:	4f 93       	push	r20
    2a74:	5f 93       	push	r21
    2a76:	6f 93       	push	r22
    2a78:	7f 93       	push	r23
    2a7a:	8f 93       	push	r24
    2a7c:	9f 93       	push	r25
    2a7e:	af 93       	push	r26
    2a80:	bf 93       	push	r27
    2a82:	ef 93       	push	r30
    2a84:	ff 93       	push	r31

00002a86 <.Loc.1915>:
    2a86:	e0 91 02 01 	lds	r30, 0x0102	; 0x800102 <intFunc+0x2>
    2a8a:	f0 91 03 01 	lds	r31, 0x0103	; 0x800103 <intFunc+0x3>
    2a8e:	09 95       	icall
    2a90:	ff 91       	pop	r31
    2a92:	ef 91       	pop	r30
    2a94:	bf 91       	pop	r27
    2a96:	af 91       	pop	r26
    2a98:	9f 91       	pop	r25
    2a9a:	8f 91       	pop	r24
    2a9c:	7f 91       	pop	r23
    2a9e:	6f 91       	pop	r22
    2aa0:	5f 91       	pop	r21
    2aa2:	4f 91       	pop	r20
    2aa4:	3f 91       	pop	r19
    2aa6:	2f 91       	pop	r18
    2aa8:	0f 90       	pop	r0
    2aaa:	0f be       	out	0x3f, r0	; 63
    2aac:	0f 90       	pop	r0
    2aae:	1f 90       	pop	r1
    2ab0:	18 95       	reti

00002ab2 <__vector_16>:
__vector_16():
/home/bezdred/.arduino15/packages/MiniCore/hardware/avr/3.1.3/cores/MCUdude_corefiles/wiring.c:159
{
    2ab2:	1f 92       	push	r1
    2ab4:	1f b6       	in	r1, 0x3f	; 63
    2ab6:	1f 92       	push	r1
    2ab8:	11 24       	eor	r1, r1
    2aba:	2f 93       	push	r18
    2abc:	3f 93       	push	r19
    2abe:	8f 93       	push	r24
    2ac0:	9f 93       	push	r25
    2ac2:	af 93       	push	r26
    2ac4:	bf 93       	push	r27

00002ac6 <.Loc.1917>:
/home/bezdred/.arduino15/packages/MiniCore/hardware/avr/3.1.3/cores/MCUdude_corefiles/wiring.c:167
  unsigned long m = timer0_millis;
    2ac6:	80 91 3a 02 	lds	r24, 0x023A	; 0x80023a <timer0_millis>
    2aca:	90 91 3b 02 	lds	r25, 0x023B	; 0x80023b <timer0_millis+0x1>
    2ace:	a0 91 3c 02 	lds	r26, 0x023C	; 0x80023c <timer0_millis+0x2>
    2ad2:	b0 91 3d 02 	lds	r27, 0x023D	; 0x80023d <timer0_millis+0x3>

00002ad6 <.LVL740>:
/home/bezdred/.arduino15/packages/MiniCore/hardware/avr/3.1.3/cores/MCUdude_corefiles/wiring.c:168
  unsigned char f = timer0_fract;
    2ad6:	30 91 b9 01 	lds	r19, 0x01B9	; 0x8001b9 <timer0_fract>

00002ada <.LVL741>:
/home/bezdred/.arduino15/packages/MiniCore/hardware/avr/3.1.3/cores/MCUdude_corefiles/wiring.c:170
  f += FRACT_INC FRACT_INC_PLUS;
    2ada:	23 e0       	ldi	r18, 0x03	; 3
    2adc:	23 0f       	add	r18, r19

00002ade <.Loc.1923>:
/home/bezdred/.arduino15/packages/MiniCore/hardware/avr/3.1.3/cores/MCUdude_corefiles/wiring.c:200
  if (f >= FRACT_MAX) {
    2ade:	2d 37       	cpi	r18, 0x7D	; 125
    2ae0:	60 f1       	brcs	.+88     	; 0x2b3a <.L445>

00002ae2 <.Loc.1925>:
/home/bezdred/.arduino15/packages/MiniCore/hardware/avr/3.1.3/cores/MCUdude_corefiles/wiring.c:201
    f -= FRACT_MAX;
    2ae2:	26 e8       	ldi	r18, 0x86	; 134

00002ae4 <.Loc.1927>:
    2ae4:	23 0f       	add	r18, r19

00002ae6 <.Loc.1928>:
/home/bezdred/.arduino15/packages/MiniCore/hardware/avr/3.1.3/cores/MCUdude_corefiles/wiring.c:202
    m += MILLIS_INC + 1;
    2ae6:	02 96       	adiw	r24, 0x02	; 2
    2ae8:	a1 1d       	adc	r26, r1
    2aea:	b1 1d       	adc	r27, r1

00002aec <.L446>:
/home/bezdred/.arduino15/packages/MiniCore/hardware/avr/3.1.3/cores/MCUdude_corefiles/wiring.c:208
  timer0_fract = f;
    2aec:	20 93 b9 01 	sts	0x01B9, r18	; 0x8001b9 <timer0_fract>

00002af0 <.Loc.1932>:
/home/bezdred/.arduino15/packages/MiniCore/hardware/avr/3.1.3/cores/MCUdude_corefiles/wiring.c:209
  timer0_millis = m;
    2af0:	80 93 3a 02 	sts	0x023A, r24	; 0x80023a <timer0_millis>
    2af4:	90 93 3b 02 	sts	0x023B, r25	; 0x80023b <timer0_millis+0x1>
    2af8:	a0 93 3c 02 	sts	0x023C, r26	; 0x80023c <timer0_millis+0x2>
    2afc:	b0 93 3d 02 	sts	0x023D, r27	; 0x80023d <timer0_millis+0x3>

00002b00 <.Loc.1934>:
/home/bezdred/.arduino15/packages/MiniCore/hardware/avr/3.1.3/cores/MCUdude_corefiles/wiring.c:211
  timer0_overflow_count++;
    2b00:	80 91 b5 01 	lds	r24, 0x01B5	; 0x8001b5 <timer0_overflow_count>
    2b04:	90 91 b6 01 	lds	r25, 0x01B6	; 0x8001b6 <timer0_overflow_count+0x1>
    2b08:	a0 91 b7 01 	lds	r26, 0x01B7	; 0x8001b7 <timer0_overflow_count+0x2>
    2b0c:	b0 91 b8 01 	lds	r27, 0x01B8	; 0x8001b8 <timer0_overflow_count+0x3>

00002b10 <.Loc.1936>:
    2b10:	01 96       	adiw	r24, 0x01	; 1
    2b12:	a1 1d       	adc	r26, r1
    2b14:	b1 1d       	adc	r27, r1
    2b16:	80 93 b5 01 	sts	0x01B5, r24	; 0x8001b5 <timer0_overflow_count>
    2b1a:	90 93 b6 01 	sts	0x01B6, r25	; 0x8001b6 <timer0_overflow_count+0x1>
    2b1e:	a0 93 b7 01 	sts	0x01B7, r26	; 0x8001b7 <timer0_overflow_count+0x2>
    2b22:	b0 93 b8 01 	sts	0x01B8, r27	; 0x8001b8 <timer0_overflow_count+0x3>

00002b26 <.Loc.1937>:
/home/bezdred/.arduino15/packages/MiniCore/hardware/avr/3.1.3/cores/MCUdude_corefiles/wiring.c:213
}
    2b26:	bf 91       	pop	r27
    2b28:	af 91       	pop	r26
    2b2a:	9f 91       	pop	r25
    2b2c:	8f 91       	pop	r24
    2b2e:	3f 91       	pop	r19
    2b30:	2f 91       	pop	r18
    2b32:	1f 90       	pop	r1
    2b34:	1f be       	out	0x3f, r1	; 63
    2b36:	1f 90       	pop	r1
    2b38:	18 95       	reti

00002b3a <.L445>:
/home/bezdred/.arduino15/packages/MiniCore/hardware/avr/3.1.3/cores/MCUdude_corefiles/wiring.c:205
    m += MILLIS_INC;
    2b3a:	01 96       	adiw	r24, 0x01	; 1
    2b3c:	a1 1d       	adc	r26, r1
    2b3e:	b1 1d       	adc	r27, r1

00002b40 <.Loc.1940>:
    2b40:	d5 cf       	rjmp	.-86     	; 0x2aec <.L446>

00002b42 <main>:
main():
/home/bezdred/.arduino15/packages/MiniCore/hardware/avr/3.1.3/cores/MCUdude_corefiles/main.cpp:34

//void setupUSB() __attribute__((weak));
//void setupUSB() { }

int main(void)
{
    2b42:	cd b7       	in	r28, 0x3d	; 61
    2b44:	de b7       	in	r29, 0x3e	; 62
    2b46:	28 97       	sbiw	r28, 0x08	; 8
    2b48:	0f b6       	in	r0, 0x3f	; 63
    2b4a:	f8 94       	cli
    2b4c:	de bf       	out	0x3e, r29	; 62
    2b4e:	0f be       	out	0x3f, r0	; 63
    2b50:	cd bf       	out	0x3d, r28	; 61

00002b52 <.LBB666>:
init():
/home/bezdred/.arduino15/packages/MiniCore/hardware/avr/3.1.3/cores/MCUdude_corefiles/wiring.c:945

void init()
{
  // this needs to be called before setup() or some functions won't
  // work there
  sei();
    2b52:	78 94       	sei

00002b54 <.Loc.1945>:
/home/bezdred/.arduino15/packages/MiniCore/hardware/avr/3.1.3/cores/MCUdude_corefiles/wiring.c:957

  // On the ATmega168, timer 0 is also used for fast hardware pwm
  // (using phase-correct PWM would mean that timer 0 overflowed half as often
  // resulting in different millis() behavior on the ATmega8 and ATmega168)
#if defined(TCCR0A) && defined(WGM01)
  TCCR0A |= _BV(WGM01) | _BV(WGM00);
    2b54:	84 b5       	in	r24, 0x24	; 36

00002b56 <.Loc.1946>:
    2b56:	83 60       	ori	r24, 0x03	; 3
    2b58:	84 bd       	out	0x24, r24	; 36

00002b5a <.Loc.1947>:
/home/bezdred/.arduino15/packages/MiniCore/hardware/avr/3.1.3/cores/MCUdude_corefiles/wiring.c:972
  #if defined(WGM00) && defined(WGM01) // The ATmega8 doesn't have WGM00 and WGM01
    TCCR0 |= _BV(WGM01) | _BV(WGM00);
  #endif
#elif defined(TCCR0B) && defined(CS01) && defined(CS00)
  // This combination is for the standard 168/328/640/1280/1281/2560/2561
  TCCR0B |= _BV(CS01) | _BV(CS00);
    2b5a:	85 b5       	in	r24, 0x25	; 37

00002b5c <.Loc.1948>:
    2b5c:	83 60       	ori	r24, 0x03	; 3
    2b5e:	85 bd       	out	0x25, r24	; 37

00002b60 <.Loc.1949>:
/home/bezdred/.arduino15/packages/MiniCore/hardware/avr/3.1.3/cores/MCUdude_corefiles/wiring.c:984

// Enable timer 0 overflow interrupt
#if defined(TIMSK) && defined(TOIE0)
  TIMSK |= _BV(TOIE0);
#elif defined(TIMSK0) && defined(TOIE0)
  TIMSK0 |= _BV(TOIE0);
    2b60:	80 91 6e 00 	lds	r24, 0x006E	; 0x80006e <main.cpp.0b68acdf+0x7e98fb>

00002b64 <.Loc.1950>:
    2b64:	81 60       	ori	r24, 0x01	; 1
    2b66:	80 93 6e 00 	sts	0x006E, r24	; 0x80006e <main.cpp.0b68acdf+0x7e98fb>

00002b6a <.Loc.1951>:
/home/bezdred/.arduino15/packages/MiniCore/hardware/avr/3.1.3/cores/MCUdude_corefiles/wiring.c:995
// this is better for motors as it ensures an even waveform
// note, however, that fast pwm mode can achieve a frequency of up
// 8 MHz (with a 16 MHz clock) at 50% duty cycle

#if defined(TCCR1B) && defined(CS11) && defined(CS10)
  TCCR1B = _BV(CS11); // Set timer 1 prescale factor to 64
    2b6a:	82 e0       	ldi	r24, 0x02	; 2
    2b6c:	80 93 81 00 	sts	0x0081, r24	; 0x800081 <main.cpp.0b68acdf+0x7e990e>

00002b70 <.Loc.1953>:
/home/bezdred/.arduino15/packages/MiniCore/hardware/avr/3.1.3/cores/MCUdude_corefiles/wiring.c:997
#if F_CPU >= 8000000L
  TCCR1B |= _BV(CS10);
    2b70:	80 91 81 00 	lds	r24, 0x0081	; 0x800081 <main.cpp.0b68acdf+0x7e990e>

00002b74 <.Loc.1954>:
    2b74:	81 60       	ori	r24, 0x01	; 1
    2b76:	80 93 81 00 	sts	0x0081, r24	; 0x800081 <main.cpp.0b68acdf+0x7e990e>

00002b7a <.Loc.1955>:
/home/bezdred/.arduino15/packages/MiniCore/hardware/avr/3.1.3/cores/MCUdude_corefiles/wiring.c:1006
#if F_CPU >= 8000000L
  TCCR1 |= _BV(CS10);
#endif
#endif
#if defined(TCCR1A) && defined(WGM10)
  TCCR1A |= _BV(WGM10); // Put timer 1 in 8-bit phase correct pwm mode
    2b7a:	80 91 80 00 	lds	r24, 0x0080	; 0x800080 <main.cpp.0b68acdf+0x7e990d>

00002b7e <.Loc.1956>:
    2b7e:	81 60       	ori	r24, 0x01	; 1
    2b80:	80 93 80 00 	sts	0x0080, r24	; 0x800080 <main.cpp.0b68acdf+0x7e990d>

00002b84 <.Loc.1957>:
/home/bezdred/.arduino15/packages/MiniCore/hardware/avr/3.1.3/cores/MCUdude_corefiles/wiring.c:1013

// Set timer 2 prescale factor to 64
#if defined(TCCR2) && defined(CS22)
  TCCR2 |= _BV(CS22);
#elif defined(TCCR2B) && defined(CS22)
  TCCR2B |= _BV(CS22);
    2b84:	80 91 b1 00 	lds	r24, 0x00B1	; 0x8000b1 <main.cpp.0b68acdf+0x7e993e>

00002b88 <.Loc.1958>:
    2b88:	84 60       	ori	r24, 0x04	; 4
    2b8a:	80 93 b1 00 	sts	0x00B1, r24	; 0x8000b1 <main.cpp.0b68acdf+0x7e993e>

00002b8e <.Loc.1959>:
/home/bezdred/.arduino15/packages/MiniCore/hardware/avr/3.1.3/cores/MCUdude_corefiles/wiring.c:1022

// Configure timer 2 for phase correct pwm (8-bit)
#if defined(TCCR2) && defined(WGM20)
  TCCR2 |= _BV(WGM20);
#elif defined(TCCR2A) && defined(WGM20)
  TCCR2A |= _BV(WGM20);
    2b8e:	80 91 b0 00 	lds	r24, 0x00B0	; 0x8000b0 <main.cpp.0b68acdf+0x7e993d>

00002b92 <.Loc.1960>:
    2b92:	81 60       	ori	r24, 0x01	; 1
    2b94:	80 93 b0 00 	sts	0x00B0, r24	; 0x8000b0 <main.cpp.0b68acdf+0x7e993d>

00002b98 <.Loc.1961>:
/home/bezdred/.arduino15/packages/MiniCore/hardware/avr/3.1.3/cores/MCUdude_corefiles/wiring.c:1028
//#else
  // Timer 2 not finished (may not be present on this CPU)
#endif

#if defined(TCCR3B) && defined(CS31) && defined(WGM30)
  TCCR3B |= _BV(CS31) | _BV(CS30); // Set timer 3 prescale factor to 64
    2b98:	80 91 91 00 	lds	r24, 0x0091	; 0x800091 <main.cpp.0b68acdf+0x7e991e>

00002b9c <.Loc.1962>:
    2b9c:	83 60       	ori	r24, 0x03	; 3
    2b9e:	80 93 91 00 	sts	0x0091, r24	; 0x800091 <main.cpp.0b68acdf+0x7e991e>

00002ba2 <.Loc.1963>:
/home/bezdred/.arduino15/packages/MiniCore/hardware/avr/3.1.3/cores/MCUdude_corefiles/wiring.c:1029
  TCCR3A |= _BV(WGM30);            // Put timer 3 in 8-bit phase correct pwm mode
    2ba2:	80 91 90 00 	lds	r24, 0x0090	; 0x800090 <main.cpp.0b68acdf+0x7e991d>

00002ba6 <.Loc.1964>:
    2ba6:	81 60       	ori	r24, 0x01	; 1
    2ba8:	80 93 90 00 	sts	0x0090, r24	; 0x800090 <main.cpp.0b68acdf+0x7e991d>

00002bac <.Loc.1965>:
/home/bezdred/.arduino15/packages/MiniCore/hardware/avr/3.1.3/cores/MCUdude_corefiles/wiring.c:1038
  TCCR4B |= _BV(CS42) | _BV(CS41) | _BV(CS40); // Set timer 4 prescale factor to 64
  TCCR4D |= _BV(WGM40);                        // Put timer 4 in phase- and frequency-correct PWM mode
  TCCR4A |= _BV(PWM4A);                        // Enable PWM mode for comparator OCR4A
  TCCR4C |= _BV(PWM4D);                        // Enable PWM mode for comparator OCR4D
#elif defined(TCCR4B) && defined(CS41) && defined(WGM40)
  TCCR4B |= _BV(CS41) | _BV(CS40); // Set timer 4 prescale factor to 64
    2bac:	80 91 a1 00 	lds	r24, 0x00A1	; 0x8000a1 <main.cpp.0b68acdf+0x7e992e>

00002bb0 <.Loc.1966>:
    2bb0:	83 60       	ori	r24, 0x03	; 3
    2bb2:	80 93 a1 00 	sts	0x00A1, r24	; 0x8000a1 <main.cpp.0b68acdf+0x7e992e>

00002bb6 <.Loc.1967>:
/home/bezdred/.arduino15/packages/MiniCore/hardware/avr/3.1.3/cores/MCUdude_corefiles/wiring.c:1039
  TCCR4A |= _BV(WGM40);            // Put timer 4 in 8-bit phase correct pwm mode
    2bb6:	80 91 a0 00 	lds	r24, 0x00A0	; 0x8000a0 <main.cpp.0b68acdf+0x7e992d>

00002bba <.Loc.1968>:
    2bba:	81 60       	ori	r24, 0x01	; 1
    2bbc:	80 93 a0 00 	sts	0x00A0, r24	; 0x8000a0 <main.cpp.0b68acdf+0x7e992d>

00002bc0 <.Loc.1969>:
/home/bezdred/.arduino15/packages/MiniCore/hardware/avr/3.1.3/cores/MCUdude_corefiles/wiring.c:1050
#endif

#if defined(ADCSRA)
  // set a2d prescaler so we are inside the desired 50-200 KHz range.
  #if F_CPU >= 16000000 // 16 MHz / 128 = 125 KHz
    ADCSRA = _BV(ADPS2) | _BV(ADPS1) | _BV(ADPS0) | _BV(ADEN);
    2bc0:	87 e8       	ldi	r24, 0x87	; 135
    2bc2:	80 93 7a 00 	sts	0x007A, r24	; 0x80007a <main.cpp.0b68acdf+0x7e9907>

00002bc6 <.Loc.1971>:
/home/bezdred/.arduino15/packages/MiniCore/hardware/avr/3.1.3/cores/MCUdude_corefiles/wiring.c:1070
  // here so they can be used as normal digital i/o; they will be
  // reconnected in Serial.begin()
#if defined(UCSRB)
  UCSRB = 0;
#elif defined(UCSR0B)
  UCSR0B = 0;
    2bc6:	10 92 c1 00 	sts	0x00C1, r1	; 0x8000c1 <main.cpp.0b68acdf+0x7e994e>

00002bca <.LBB668>:
main():
/home/bezdred/stadiSpeedo/Stadi_Speedo/Stadi_Speedo/Stadi_Speedo.ino:38
    pinMode(A4, INPUT_PULLUP);
    2bca:	62 e0       	ldi	r22, 0x02	; 2
setup():
/home/bezdred/stadiSpeedo/Stadi_Speedo/Stadi_Speedo/Stadi_Speedo.ino:38
    2bcc:	82 e1       	ldi	r24, 0x12	; 18
    2bce:	0e 94 50 10 	call	0x20a0	; 0x20a0 <pinMode>

00002bd2 <.LVL750>:
/home/bezdred/stadiSpeedo/Stadi_Speedo/Stadi_Speedo/Stadi_Speedo.ino:39
    pinMode(A5, INPUT_PULLUP);
    2bd2:	62 e0       	ldi	r22, 0x02	; 2
    2bd4:	83 e1       	ldi	r24, 0x13	; 19
    2bd6:	0e 94 50 10 	call	0x20a0	; 0x20a0 <pinMode>

00002bda <.LBB670>:
Adafruit_SSD1306::begin(unsigned char, unsigned char, bool, bool):
/home/bezdred/Arduino/libraries/Adafruit_SSD1306/Adafruit_SSD1306.cpp:499
  if ((!buffer) && !(buffer = (uint8_t *)malloc(WIDTH * ((HEIGHT + 7) / 8))))
    2bda:	80 91 7a 01 	lds	r24, 0x017A	; 0x80017a <display+0x1f>
    2bde:	90 91 7b 01 	lds	r25, 0x017B	; 0x80017b <display+0x20>
    2be2:	89 2b       	or	r24, r25
    2be4:	11 f1       	breq	.+68     	; 0x2c2a <.L448>

00002be6 <.L453>:
/home/bezdred/Arduino/libraries/Adafruit_SSD1306/Adafruit_SSD1306.cpp:502
  clearDisplay();
    2be6:	0e 94 10 13 	call	0x2620	; 0x2620 <Adafruit_SSD1306::clearDisplay() [clone .constprop.0]>

00002bea <.LVL752>:
/home/bezdred/Arduino/libraries/Adafruit_SSD1306/Adafruit_SSD1306.cpp:505
  if (HEIGHT > 32) {
    2bea:	20 91 61 01 	lds	r18, 0x0161	; 0x800161 <display+0x6>
    2bee:	30 91 62 01 	lds	r19, 0x0162	; 0x800162 <display+0x7>

00002bf2 <.Loc.1985>:
/home/bezdred/Arduino/libraries/Adafruit_SSD1306/Adafruit_SSD1306.cpp:506
    drawBitmap((WIDTH - splash1_width) / 2, (HEIGHT - splash1_height) / 2,
    2bf2:	80 91 5f 01 	lds	r24, 0x015F	; 0x80015f <display+0x4>
    2bf6:	90 91 60 01 	lds	r25, 0x0160	; 0x800160 <display+0x5>

00002bfa <.Loc.1986>:
/home/bezdred/Arduino/libraries/Adafruit_SSD1306/Adafruit_SSD1306.cpp:505
  if (HEIGHT > 32) {
    2bfa:	21 32       	cpi	r18, 0x21	; 33
    2bfc:	31 05       	cpc	r19, r1
    2bfe:	0c f0       	brlt	.+2      	; 0x2c02 <.Loc.1987>

00002c00 <L0^A>:
    2c00:	05 c3       	rjmp	.+1546   	; 0x320c <.L449>

00002c02 <.Loc.1987>:
/home/bezdred/Arduino/libraries/Adafruit_SSD1306/Adafruit_SSD1306.cpp:509
    drawBitmap((WIDTH - splash2_width) / 2, (HEIGHT - splash2_height) / 2,
    2c02:	b9 01       	movw	r22, r18
    2c04:	60 52       	subi	r22, 0x20	; 32
    2c06:	71 09       	sbc	r23, r1
    2c08:	77 ff       	sbrs	r23, 7
    2c0a:	02 c0       	rjmp	.+4      	; 0x2c10 <.L457>
    2c0c:	6f 5f       	subi	r22, 0xFF	; 255
    2c0e:	7f 4f       	sbci	r23, 0xFF	; 255

00002c10 <.L457>:
    2c10:	75 95       	asr	r23
    2c12:	67 95       	ror	r22
    2c14:	83 57       	subi	r24, 0x73	; 115
    2c16:	91 09       	sbc	r25, r1
    2c18:	97 fd       	sbrc	r25, 7
    2c1a:	01 96       	adiw	r24, 0x01	; 1
    2c1c:	00 e2       	ldi	r16, 0x20	; 32
    2c1e:	10 e0       	ldi	r17, 0x00	; 0
    2c20:	23 e7       	ldi	r18, 0x73	; 115
    2c22:	30 e0       	ldi	r19, 0x00	; 0
    2c24:	46 ec       	ldi	r20, 0xC6	; 198
    2c26:	50 e0       	ldi	r21, 0x00	; 0
    2c28:	04 c3       	rjmp	.+1544   	; 0x3232 <.L545>

00002c2a <.L448>:
/home/bezdred/Arduino/libraries/Adafruit_SSD1306/Adafruit_SSD1306.cpp:499 (discriminator 1)
  if ((!buffer) && !(buffer = (uint8_t *)malloc(WIDTH * ((HEIGHT + 7) / 8))))
    2c2a:	20 91 61 01 	lds	r18, 0x0161	; 0x800161 <display+0x6>
    2c2e:	30 91 62 01 	lds	r19, 0x0162	; 0x800162 <display+0x7>

00002c32 <.Loc.1989>:
    2c32:	c9 01       	movw	r24, r18
    2c34:	07 96       	adiw	r24, 0x07	; 7
    2c36:	97 fd       	sbrc	r25, 7
    2c38:	07 96       	adiw	r24, 0x07	; 7
    2c3a:	b3 e0       	ldi	r27, 0x03	; 3

00002c3c <.L1^B14>:
    2c3c:	95 95       	asr	r25
    2c3e:	87 95       	ror	r24
    2c40:	ba 95       	dec	r27
    2c42:	e1 f7       	brne	.-8      	; 0x2c3c <.L1^B14>

00002c44 <.Loc.1990>:
    2c44:	20 91 5f 01 	lds	r18, 0x015F	; 0x80015f <display+0x4>
    2c48:	30 91 60 01 	lds	r19, 0x0160	; 0x800160 <display+0x5>

00002c4c <.Loc.1991>:
    2c4c:	ac 01       	movw	r20, r24
    2c4e:	42 9f       	mul	r20, r18
    2c50:	c0 01       	movw	r24, r0
    2c52:	43 9f       	mul	r20, r19
    2c54:	90 0d       	add	r25, r0
    2c56:	52 9f       	mul	r21, r18
    2c58:	90 0d       	add	r25, r0
    2c5a:	11 24       	eor	r1, r1
    2c5c:	0e 94 4b 1e 	call	0x3c96	; 0x3c96 <malloc>

00002c60 <.LVL753>:
    2c60:	90 93 7b 01 	sts	0x017B, r25	; 0x80017b <display+0x20>
    2c64:	80 93 7a 01 	sts	0x017A, r24	; 0x80017a <display+0x1f>

00002c68 <.Loc.1993>:
    2c68:	89 2b       	or	r24, r25
    2c6a:	09 f0       	breq	.+2      	; 0x2c6e <.L452>

00002c6c <L0^A>:
    2c6c:	bc cf       	rjmp	.-136    	; 0x2be6 <.L453>

00002c6e <.L452>:
setup():
/home/bezdred/stadiSpeedo/Stadi_Speedo/Stadi_Speedo/Stadi_Speedo.ino:41
  display.clearDisplay();
    2c6e:	0e 94 10 13 	call	0x2620	; 0x2620 <Adafruit_SSD1306::clearDisplay() [clone .constprop.0]>

00002c72 <.LVL755>:
/home/bezdred/stadiSpeedo/Stadi_Speedo/Stadi_Speedo/Stadi_Speedo.ino:43
  pinMode(SENSOR_PIN, INPUT_PULLUP);
    2c72:	62 e0       	ldi	r22, 0x02	; 2
    2c74:	82 e0       	ldi	r24, 0x02	; 2
    2c76:	0e 94 50 10 	call	0x20a0	; 0x20a0 <pinMode>

00002c7a <.LVL756>:
/home/bezdred/stadiSpeedo/Stadi_Speedo/Stadi_Speedo/Stadi_Speedo.ino:45
  EEPROM.get(ADRESA_ODO, odoKilometry);
    2c7a:	67 ea       	ldi	r22, 0xA7	; 167
    2c7c:	71 e0       	ldi	r23, 0x01	; 1
    2c7e:	80 e0       	ldi	r24, 0x00	; 0
    2c80:	90 e0       	ldi	r25, 0x00	; 0
    2c82:	0e 94 9e 13 	call	0x273c	; 0x273c <unsigned long& EEPROMClass::get<unsigned long>(int, unsigned long&) [clone .constprop.0] [clone .isra.0]>

00002c86 <.LVL757>:
/home/bezdred/stadiSpeedo/Stadi_Speedo/Stadi_Speedo/Stadi_Speedo.ino:46
  EEPROM.get(ADRESA_TRIP, tripKilometry);
    2c86:	63 ea       	ldi	r22, 0xA3	; 163
    2c88:	71 e0       	ldi	r23, 0x01	; 1
    2c8a:	84 e0       	ldi	r24, 0x04	; 4
    2c8c:	90 e0       	ldi	r25, 0x00	; 0
    2c8e:	0e 94 9e 13 	call	0x273c	; 0x273c <unsigned long& EEPROMClass::get<unsigned long>(int, unsigned long&) [clone .constprop.0] [clone .isra.0]>

00002c92 <.LVL758>:
/home/bezdred/stadiSpeedo/Stadi_Speedo/Stadi_Speedo/Stadi_Speedo.ino:48
  if (odoKilometry == 4294967295UL) odoKilometry = 0;
    2c92:	20 91 a7 01 	lds	r18, 0x01A7	; 0x8001a7 <odoKilometry>
    2c96:	30 91 a8 01 	lds	r19, 0x01A8	; 0x8001a8 <odoKilometry+0x1>
    2c9a:	40 91 a9 01 	lds	r20, 0x01A9	; 0x8001a9 <odoKilometry+0x2>
    2c9e:	50 91 aa 01 	lds	r21, 0x01AA	; 0x8001aa <odoKilometry+0x3>

00002ca2 <.Loc.2005>:
    2ca2:	2f 3f       	cpi	r18, 0xFF	; 255
    2ca4:	8f ef       	ldi	r24, 0xFF	; 255
    2ca6:	38 07       	cpc	r19, r24
    2ca8:	48 07       	cpc	r20, r24
    2caa:	58 07       	cpc	r21, r24
    2cac:	59 f4       	brne	.+22     	; 0x2cc4 <.L479>

00002cae <.Loc.2006>:
/home/bezdred/stadiSpeedo/Stadi_Speedo/Stadi_Speedo/Stadi_Speedo.ino:48 (discriminator 1)
    2cae:	10 92 a7 01 	sts	0x01A7, r1	; 0x8001a7 <odoKilometry>
    2cb2:	10 92 a8 01 	sts	0x01A8, r1	; 0x8001a8 <odoKilometry+0x1>
    2cb6:	10 92 a9 01 	sts	0x01A9, r1	; 0x8001a9 <odoKilometry+0x2>
    2cba:	10 92 aa 01 	sts	0x01AA, r1	; 0x8001aa <odoKilometry+0x3>
    2cbe:	20 e0       	ldi	r18, 0x00	; 0
    2cc0:	30 e0       	ldi	r19, 0x00	; 0
    2cc2:	a9 01       	movw	r20, r18

00002cc4 <.L479>:
/home/bezdred/stadiSpeedo/Stadi_Speedo/Stadi_Speedo/Stadi_Speedo.ino:49
  if (tripKilometry == 4294967295UL) tripKilometry = 0;
    2cc4:	c0 90 a3 01 	lds	r12, 0x01A3	; 0x8001a3 <tripKilometry>
    2cc8:	d0 90 a4 01 	lds	r13, 0x01A4	; 0x8001a4 <tripKilometry+0x1>
    2ccc:	e0 90 a5 01 	lds	r14, 0x01A5	; 0x8001a5 <tripKilometry+0x2>
    2cd0:	f0 90 a6 01 	lds	r15, 0x01A6	; 0x8001a6 <tripKilometry+0x3>

00002cd4 <.Loc.2010>:
    2cd4:	9f ef       	ldi	r25, 0xFF	; 255
    2cd6:	c9 16       	cp	r12, r25
    2cd8:	d9 06       	cpc	r13, r25
    2cda:	e9 06       	cpc	r14, r25
    2cdc:	f9 06       	cpc	r15, r25
    2cde:	59 f4       	brne	.+22     	; 0x2cf6 <.L480>

00002ce0 <.Loc.2011>:
/home/bezdred/stadiSpeedo/Stadi_Speedo/Stadi_Speedo/Stadi_Speedo.ino:49 (discriminator 1)
    2ce0:	10 92 a3 01 	sts	0x01A3, r1	; 0x8001a3 <tripKilometry>
    2ce4:	10 92 a4 01 	sts	0x01A4, r1	; 0x8001a4 <tripKilometry+0x1>
    2ce8:	10 92 a5 01 	sts	0x01A5, r1	; 0x8001a5 <tripKilometry+0x2>
    2cec:	10 92 a6 01 	sts	0x01A6, r1	; 0x8001a6 <tripKilometry+0x3>
    2cf0:	c1 2c       	mov	r12, r1
    2cf2:	d1 2c       	mov	r13, r1
    2cf4:	76 01       	movw	r14, r12

00002cf6 <.L480>:
/home/bezdred/stadiSpeedo/Stadi_Speedo/Stadi_Speedo/Stadi_Speedo.ino:51
  celkoveMetry = odoKilometry * 1000;
    2cf6:	a8 ee       	ldi	r26, 0xE8	; 232
    2cf8:	b3 e0       	ldi	r27, 0x03	; 3
    2cfa:	0e 94 31 1e 	call	0x3c62	; 0x3c62 <__muluhisi3>

00002cfe <.Loc.2015>:
    2cfe:	60 93 af 01 	sts	0x01AF, r22	; 0x8001af <celkoveMetry>
    2d02:	70 93 b0 01 	sts	0x01B0, r23	; 0x8001b0 <celkoveMetry+0x1>
    2d06:	80 93 b1 01 	sts	0x01B1, r24	; 0x8001b1 <celkoveMetry+0x2>
    2d0a:	90 93 b2 01 	sts	0x01B2, r25	; 0x8001b2 <celkoveMetry+0x3>

00002d0e <.Loc.2016>:
/home/bezdred/stadiSpeedo/Stadi_Speedo/Stadi_Speedo/Stadi_Speedo.ino:52
  tripMetry = tripKilometry * 1000;
    2d0e:	a7 01       	movw	r20, r14
    2d10:	96 01       	movw	r18, r12
    2d12:	0e 94 31 1e 	call	0x3c62	; 0x3c62 <__muluhisi3>

00002d16 <.Loc.2018>:
    2d16:	60 93 ab 01 	sts	0x01AB, r22	; 0x8001ab <tripMetry>
    2d1a:	70 93 ac 01 	sts	0x01AC, r23	; 0x8001ac <tripMetry+0x1>
    2d1e:	80 93 ad 01 	sts	0x01AD, r24	; 0x8001ad <tripMetry+0x2>
    2d22:	90 93 ae 01 	sts	0x01AE, r25	; 0x8001ae <tripMetry+0x3>

00002d26 <.LBB699>:
attachInterrupt():
/home/bezdred/.arduino15/packages/MiniCore/hardware/avr/3.1.3/cores/MCUdude_corefiles/WInterrupts.c:66
    intFunc[interruptNum] = userFunc;
    2d26:	8e e1       	ldi	r24, 0x1E	; 30
    2d28:	96 e0       	ldi	r25, 0x06	; 6
    2d2a:	90 93 01 01 	sts	0x0101, r25	; 0x800101 <intFunc+0x1>
    2d2e:	80 93 00 01 	sts	0x0100, r24	; 0x800100 <intFunc>

00002d32 <.Loc.2022>:
/home/bezdred/.arduino15/packages/MiniCore/hardware/avr/3.1.3/cores/MCUdude_corefiles/WInterrupts.c:231
          EICRA = (EICRA & ~((1 << ISC00) | (1 << ISC01))) | (mode << ISC00);
    2d32:	80 91 69 00 	lds	r24, 0x0069	; 0x800069 <main.cpp.0b68acdf+0x7e98f6>

00002d36 <.Loc.2023>:
    2d36:	8c 7f       	andi	r24, 0xFC	; 252
    2d38:	82 60       	ori	r24, 0x02	; 2

00002d3a <.Loc.2024>:
    2d3a:	80 93 69 00 	sts	0x0069, r24	; 0x800069 <main.cpp.0b68acdf+0x7e98f6>

00002d3e <.Loc.2025>:
/home/bezdred/.arduino15/packages/MiniCore/hardware/avr/3.1.3/cores/MCUdude_corefiles/WInterrupts.c:232
          EIMSK |= (1 << INT0);
    2d3e:	e8 9a       	sbi	0x1d, 0	; 29

00002d40 <.LBE699>:
setup():
/home/bezdred/stadiSpeedo/Stadi_Speedo/Stadi_Speedo/Stadi_Speedo.ino:56
  digitalWrite(13,1);
    2d40:	61 e0       	ldi	r22, 0x01	; 1
    2d42:	8d e0       	ldi	r24, 0x0D	; 13
    2d44:	0e 94 7f 10 	call	0x20fe	; 0x20fe <digitalWrite>

00002d48 <.LVL761>:
/home/bezdred/stadiSpeedo/Stadi_Speedo/Stadi_Speedo/Stadi_Speedo.ino:57
  delay(200);
    2d48:	68 ec       	ldi	r22, 0xC8	; 200
    2d4a:	70 e0       	ldi	r23, 0x00	; 0
    2d4c:	80 e0       	ldi	r24, 0x00	; 0
    2d4e:	90 e0       	ldi	r25, 0x00	; 0
    2d50:	0e 94 fc 0f 	call	0x1ff8	; 0x1ff8 <delay>

00002d54 <.LVL762>:
/home/bezdred/stadiSpeedo/Stadi_Speedo/Stadi_Speedo/Stadi_Speedo.ino:58
    digitalWrite(13,0);
    2d54:	60 e0       	ldi	r22, 0x00	; 0
    2d56:	8d e0       	ldi	r24, 0x0D	; 13
    2d58:	0e 94 7f 10 	call	0x20fe	; 0x20fe <digitalWrite>

00002d5c <.LBB703>:
main():
/home/bezdred/stadiSpeedo/Stadi_Speedo/Stadi_Speedo/Stadi_Speedo.ino:80
    odoKilometry = celkoveMetry / 1000;
    2d5c:	48 ee       	ldi	r20, 0xE8	; 232
loop():
/home/bezdred/stadiSpeedo/Stadi_Speedo/Stadi_Speedo/Stadi_Speedo.ino:80
    2d5e:	24 2e       	mov	r2, r20
    2d60:	43 e0       	ldi	r20, 0x03	; 3
    2d62:	34 2e       	mov	r3, r20
    2d64:	41 2c       	mov	r4, r1
    2d66:	51 2c       	mov	r5, r1

00002d68 <.L514>:
millis():
/home/bezdred/.arduino15/packages/MiniCore/hardware/avr/3.1.3/cores/MCUdude_corefiles/wiring.c:218
  uint8_t oldSREG = SREG;
    2d68:	8f b7       	in	r24, 0x3f	; 63

00002d6a <.LVL764>:
/home/bezdred/.arduino15/packages/MiniCore/hardware/avr/3.1.3/cores/MCUdude_corefiles/wiring.c:222
  cli();
    2d6a:	f8 94       	cli

00002d6c <.Loc.2043>:
/home/bezdred/.arduino15/packages/MiniCore/hardware/avr/3.1.3/cores/MCUdude_corefiles/wiring.c:223
  m = timer0_millis;
    2d6c:	80 90 3a 02 	lds	r8, 0x023A	; 0x80023a <timer0_millis>
    2d70:	90 90 3b 02 	lds	r9, 0x023B	; 0x80023b <timer0_millis+0x1>
    2d74:	a0 90 3c 02 	lds	r10, 0x023C	; 0x80023c <timer0_millis+0x2>
    2d78:	b0 90 3d 02 	lds	r11, 0x023D	; 0x80023d <timer0_millis+0x3>

00002d7c <.LVL765>:
/home/bezdred/.arduino15/packages/MiniCore/hardware/avr/3.1.3/cores/MCUdude_corefiles/wiring.c:224
  SREG = oldSREG;
    2d7c:	8f bf       	out	0x3f, r24	; 63

00002d7e <.LBE708>:
loop():
/home/bezdred/stadiSpeedo/Stadi_Speedo/Stadi_Speedo/Stadi_Speedo.ino:66
  if (novyPulz) {
    2d7e:	80 91 3e 02 	lds	r24, 0x023E	; 0x80023e <novyPulz>

00002d82 <.Loc.2051>:
    2d82:	81 15       	cp	r24, r1
    2d84:	09 f4       	brne	.+2      	; 0x2d88 <.Loc.2052>

00002d86 <L0^A>:
    2d86:	7e c0       	rjmp	.+252    	; 0x2e84 <.L481>

00002d88 <.Loc.2052>:
/home/bezdred/stadiSpeedo/Stadi_Speedo/Stadi_Speedo/Stadi_Speedo.ino:67
    noInterrupts();
    2d88:	f8 94       	cli

00002d8a <.Loc.2053>:
/home/bezdred/stadiSpeedo/Stadi_Speedo/Stadi_Speedo/Stadi_Speedo.ino:68
    unsigned long interval = casMeziPulzy;
    2d8a:	60 91 3f 02 	lds	r22, 0x023F	; 0x80023f <casMeziPulzy>
    2d8e:	70 91 40 02 	lds	r23, 0x0240	; 0x800240 <casMeziPulzy+0x1>
    2d92:	80 91 41 02 	lds	r24, 0x0241	; 0x800241 <casMeziPulzy+0x2>
    2d96:	90 91 42 02 	lds	r25, 0x0242	; 0x800242 <casMeziPulzy+0x3>

00002d9a <.LVL767>:
/home/bezdred/stadiSpeedo/Stadi_Speedo/Stadi_Speedo/Stadi_Speedo.ino:69
    novyPulz = false;
    2d9a:	10 92 3e 02 	sts	0x023E, r1	; 0x80023e <novyPulz>

00002d9e <.Loc.2057>:
/home/bezdred/stadiSpeedo/Stadi_Speedo/Stadi_Speedo/Stadi_Speedo.ino:70
    interrupts();
    2d9e:	78 94       	sei

00002da0 <.Loc.2058>:
/home/bezdred/stadiSpeedo/Stadi_Speedo/Stadi_Speedo/Stadi_Speedo.ino:72
    float rychlostFloat = (OBVOD_KOLA * 3600.0) / interval;
    2da0:	0e 94 a3 1d 	call	0x3b46	; 0x3b46 <__floatunsisf>

00002da4 <.LVL768>:
    2da4:	9b 01       	movw	r18, r22
    2da6:	ac 01       	movw	r20, r24
    2da8:	60 e0       	ldi	r22, 0x00	; 0
    2daa:	70 e2       	ldi	r23, 0x20	; 32
    2dac:	87 ec       	ldi	r24, 0xC7	; 199
    2dae:	95 e4       	ldi	r25, 0x45	; 69
    2db0:	0e 94 02 1d 	call	0x3a04	; 0x3a04 <__divsf3>

00002db4 <.LVL769>:
    2db4:	7b 01       	movw	r14, r22
    2db6:	8c 01       	movw	r16, r24

00002db8 <.LVL770>:
/home/bezdred/stadiSpeedo/Stadi_Speedo/Stadi_Speedo/Stadi_Speedo.ino:74
    if (rychlostFloat > 120.0) rychlost = 120; 
    2db8:	20 e0       	ldi	r18, 0x00	; 0
    2dba:	30 e0       	ldi	r19, 0x00	; 0
    2dbc:	40 ef       	ldi	r20, 0xF0	; 240
    2dbe:	52 e4       	ldi	r21, 0x42	; 66
    2dc0:	0e 94 e0 1d 	call	0x3bc0	; 0x3bc0 <__gesf2>

00002dc4 <.LVL771>:
    2dc4:	68 e7       	ldi	r22, 0x78	; 120
    2dc6:	70 e0       	ldi	r23, 0x00	; 0
    2dc8:	18 16       	cp	r1, r24
    2dca:	24 f0       	brlt	.+8      	; 0x2dd4 <.L482>

00002dcc <.Loc.2063>:
/home/bezdred/stadiSpeedo/Stadi_Speedo/Stadi_Speedo/Stadi_Speedo.ino:75
    else rychlost = (unsigned int)rychlostFloat;
    2dcc:	b7 01       	movw	r22, r14
    2dce:	c8 01       	movw	r24, r16
    2dd0:	0e 94 74 1d 	call	0x3ae8	; 0x3ae8 <__fixunssfsi>

00002dd4 <.L482>:
/home/bezdred/stadiSpeedo/Stadi_Speedo/Stadi_Speedo/Stadi_Speedo.ino:74 (discriminator 1)
    if (rychlostFloat > 120.0) rychlost = 120; 
    2dd4:	60 93 b3 01 	sts	0x01B3, r22	; 0x8001b3 <rychlost>
    2dd8:	70 93 b4 01 	sts	0x01B4, r23	; 0x8001b4 <rychlost+0x1>

00002ddc <.Loc.2066>:
/home/bezdred/stadiSpeedo/Stadi_Speedo/Stadi_Speedo/Stadi_Speedo.ino:77
    celkoveMetry += (OBVOD_KOLA);
    2ddc:	60 91 af 01 	lds	r22, 0x01AF	; 0x8001af <celkoveMetry>
    2de0:	70 91 b0 01 	lds	r23, 0x01B0	; 0x8001b0 <celkoveMetry+0x1>
    2de4:	80 91 b1 01 	lds	r24, 0x01B1	; 0x8001b1 <celkoveMetry+0x2>
    2de8:	90 91 b2 01 	lds	r25, 0x01B2	; 0x8001b2 <celkoveMetry+0x3>
    2dec:	0e 94 a3 1d 	call	0x3b46	; 0x3b46 <__floatunsisf>

00002df0 <.LVL773>:
    2df0:	2c e5       	ldi	r18, 0x5C	; 92
    2df2:	3f e8       	ldi	r19, 0x8F	; 143
    2df4:	42 ee       	ldi	r20, 0xE2	; 226
    2df6:	5f e3       	ldi	r21, 0x3F	; 63
    2df8:	0e 94 fc 1c 	call	0x39f8	; 0x39f8 <__addsf3>

00002dfc <.LVL774>:
    2dfc:	0e 94 74 1d 	call	0x3ae8	; 0x3ae8 <__fixunssfsi>

00002e00 <.LVL775>:
    2e00:	3b 01       	movw	r6, r22
    2e02:	6c 01       	movw	r12, r24
    2e04:	60 93 af 01 	sts	0x01AF, r22	; 0x8001af <celkoveMetry>
    2e08:	70 92 b0 01 	sts	0x01B0, r7	; 0x8001b0 <celkoveMetry+0x1>
    2e0c:	80 93 b1 01 	sts	0x01B1, r24	; 0x8001b1 <celkoveMetry+0x2>
    2e10:	d0 92 b2 01 	sts	0x01B2, r13	; 0x8001b2 <celkoveMetry+0x3>

00002e14 <.Loc.2068>:
/home/bezdred/stadiSpeedo/Stadi_Speedo/Stadi_Speedo/Stadi_Speedo.ino:78
    tripMetry += (OBVOD_KOLA);
    2e14:	60 91 ab 01 	lds	r22, 0x01AB	; 0x8001ab <tripMetry>
    2e18:	70 91 ac 01 	lds	r23, 0x01AC	; 0x8001ac <tripMetry+0x1>
    2e1c:	80 91 ad 01 	lds	r24, 0x01AD	; 0x8001ad <tripMetry+0x2>
    2e20:	90 91 ae 01 	lds	r25, 0x01AE	; 0x8001ae <tripMetry+0x3>
    2e24:	0e 94 a3 1d 	call	0x3b46	; 0x3b46 <__floatunsisf>

00002e28 <.LVL776>:
    2e28:	2c e5       	ldi	r18, 0x5C	; 92
    2e2a:	3f e8       	ldi	r19, 0x8F	; 143
    2e2c:	42 ee       	ldi	r20, 0xE2	; 226
    2e2e:	5f e3       	ldi	r21, 0x3F	; 63
    2e30:	0e 94 fc 1c 	call	0x39f8	; 0x39f8 <__addsf3>

00002e34 <.LVL777>:
    2e34:	0e 94 74 1d 	call	0x3ae8	; 0x3ae8 <__fixunssfsi>

00002e38 <.LVL778>:
    2e38:	7b 01       	movw	r14, r22
    2e3a:	8c 01       	movw	r16, r24
    2e3c:	60 93 ab 01 	sts	0x01AB, r22	; 0x8001ab <tripMetry>
    2e40:	f0 92 ac 01 	sts	0x01AC, r15	; 0x8001ac <tripMetry+0x1>
    2e44:	80 93 ad 01 	sts	0x01AD, r24	; 0x8001ad <tripMetry+0x2>
    2e48:	10 93 ae 01 	sts	0x01AE, r17	; 0x8001ae <tripMetry+0x3>

00002e4c <.Loc.2070>:
/home/bezdred/stadiSpeedo/Stadi_Speedo/Stadi_Speedo/Stadi_Speedo.ino:80
    odoKilometry = celkoveMetry / 1000;
    2e4c:	b3 01       	movw	r22, r6
    2e4e:	c6 01       	movw	r24, r12
    2e50:	a2 01       	movw	r20, r4
    2e52:	91 01       	movw	r18, r2
    2e54:	0e 94 09 1e 	call	0x3c12	; 0x3c12 <__udivmodsi4>

00002e58 <.Loc.2072>:
    2e58:	20 93 a7 01 	sts	0x01A7, r18	; 0x8001a7 <odoKilometry>
    2e5c:	30 93 a8 01 	sts	0x01A8, r19	; 0x8001a8 <odoKilometry+0x1>
    2e60:	40 93 a9 01 	sts	0x01A9, r20	; 0x8001a9 <odoKilometry+0x2>
    2e64:	50 93 aa 01 	sts	0x01AA, r21	; 0x8001aa <odoKilometry+0x3>

00002e68 <.Loc.2073>:
/home/bezdred/stadiSpeedo/Stadi_Speedo/Stadi_Speedo/Stadi_Speedo.ino:81
    tripKilometry = tripMetry / 1000;
    2e68:	b7 01       	movw	r22, r14
    2e6a:	c8 01       	movw	r24, r16
    2e6c:	a2 01       	movw	r20, r4
    2e6e:	91 01       	movw	r18, r2
    2e70:	0e 94 09 1e 	call	0x3c12	; 0x3c12 <__udivmodsi4>

00002e74 <.Loc.2075>:
    2e74:	20 93 a3 01 	sts	0x01A3, r18	; 0x8001a3 <tripKilometry>
    2e78:	30 93 a4 01 	sts	0x01A4, r19	; 0x8001a4 <tripKilometry+0x1>
    2e7c:	40 93 a5 01 	sts	0x01A5, r20	; 0x8001a5 <tripKilometry+0x2>
    2e80:	50 93 a6 01 	sts	0x01A6, r21	; 0x8001a6 <tripKilometry+0x3>

00002e84 <.L481>:
/home/bezdred/stadiSpeedo/Stadi_Speedo/Stadi_Speedo/Stadi_Speedo.ino:84
  if (aktualniCas - posledniPulzCas > 2000) {
    2e84:	80 91 43 02 	lds	r24, 0x0243	; 0x800243 <posledniPulzCas>
    2e88:	90 91 44 02 	lds	r25, 0x0244	; 0x800244 <posledniPulzCas+0x1>
    2e8c:	a0 91 45 02 	lds	r26, 0x0245	; 0x800245 <posledniPulzCas+0x2>
    2e90:	b0 91 46 02 	lds	r27, 0x0246	; 0x800246 <posledniPulzCas+0x3>

00002e94 <.Loc.2079>:
    2e94:	a5 01       	movw	r20, r10
    2e96:	94 01       	movw	r18, r8
    2e98:	28 1b       	sub	r18, r24
    2e9a:	39 0b       	sbc	r19, r25
    2e9c:	4a 0b       	sbc	r20, r26
    2e9e:	5b 0b       	sbc	r21, r27
    2ea0:	da 01       	movw	r26, r20
    2ea2:	c9 01       	movw	r24, r18

00002ea4 <.Loc.2080>:
    2ea4:	81 3d       	cpi	r24, 0xD1	; 209
    2ea6:	97 40       	sbci	r25, 0x07	; 7
    2ea8:	a1 05       	cpc	r26, r1
    2eaa:	b1 05       	cpc	r27, r1
    2eac:	20 f0       	brcs	.+8      	; 0x2eb6 <.L483>

00002eae <.Loc.2081>:
/home/bezdred/stadiSpeedo/Stadi_Speedo/Stadi_Speedo/Stadi_Speedo.ino:85
    rychlost = 0;
    2eae:	10 92 b4 01 	sts	0x01B4, r1	; 0x8001b4 <rychlost+0x1>
    2eb2:	10 92 b3 01 	sts	0x01B3, r1	; 0x8001b3 <rychlost>

00002eb6 <.L483>:
/home/bezdred/stadiSpeedo/Stadi_Speedo/Stadi_Speedo/Stadi_Speedo.ino:88
  if (aktualniCas - posledniZapisEEPROM > 300000) {
    2eb6:	80 91 9f 01 	lds	r24, 0x019F	; 0x80019f <posledniZapisEEPROM>
    2eba:	90 91 a0 01 	lds	r25, 0x01A0	; 0x8001a0 <posledniZapisEEPROM+0x1>
    2ebe:	a0 91 a1 01 	lds	r26, 0x01A1	; 0x8001a1 <posledniZapisEEPROM+0x2>
    2ec2:	b0 91 a2 01 	lds	r27, 0x01A2	; 0x8001a2 <posledniZapisEEPROM+0x3>
    2ec6:	a5 01       	movw	r20, r10
    2ec8:	94 01       	movw	r18, r8
    2eca:	28 1b       	sub	r18, r24
    2ecc:	39 0b       	sbc	r19, r25
    2ece:	4a 0b       	sbc	r20, r26
    2ed0:	5b 0b       	sbc	r21, r27
    2ed2:	da 01       	movw	r26, r20
    2ed4:	c9 01       	movw	r24, r18

00002ed6 <.Loc.2085>:
    2ed6:	81 3e       	cpi	r24, 0xE1	; 225
    2ed8:	93 49       	sbci	r25, 0x93	; 147
    2eda:	a4 40       	sbci	r26, 0x04	; 4
    2edc:	b1 05       	cpc	r27, r1
    2ede:	08 f4       	brcc	.+2      	; 0x2ee2 <.LBB712>

00002ee0 <L0^A>:
    2ee0:	44 c0       	rjmp	.+136    	; 0x2f6a <.L484>

00002ee2 <.LBB712>:
/home/bezdred/stadiSpeedo/Stadi_Speedo/Stadi_Speedo/Stadi_Speedo.ino:90
    EEPROM.get(ADRESA_ODO, odoUlozene);
    2ee2:	be 01       	movw	r22, r28
    2ee4:	6b 5f       	subi	r22, 0xFB	; 251
    2ee6:	7f 4f       	sbci	r23, 0xFF	; 255
    2ee8:	80 e0       	ldi	r24, 0x00	; 0
    2eea:	90 e0       	ldi	r25, 0x00	; 0
    2eec:	0e 94 9e 13 	call	0x273c	; 0x273c <unsigned long& EEPROMClass::get<unsigned long>(int, unsigned long&) [clone .constprop.0] [clone .isra.0]>

00002ef0 <.LVL780>:
/home/bezdred/stadiSpeedo/Stadi_Speedo/Stadi_Speedo/Stadi_Speedo.ino:91
    EEPROM.get(ADRESA_TRIP, tripUlozene);
    2ef0:	be 01       	movw	r22, r28
    2ef2:	6f 5f       	subi	r22, 0xFF	; 255
    2ef4:	7f 4f       	sbci	r23, 0xFF	; 255
    2ef6:	84 e0       	ldi	r24, 0x04	; 4
    2ef8:	90 e0       	ldi	r25, 0x00	; 0
    2efa:	0e 94 9e 13 	call	0x273c	; 0x273c <unsigned long& EEPROMClass::get<unsigned long>(int, unsigned long&) [clone .constprop.0] [clone .isra.0]>

00002efe <.LVL781>:
/home/bezdred/stadiSpeedo/Stadi_Speedo/Stadi_Speedo/Stadi_Speedo.ino:93
    if (odoKilometry != odoUlozene) EEPROM.put(ADRESA_ODO, odoKilometry);
    2efe:	40 91 a7 01 	lds	r20, 0x01A7	; 0x8001a7 <odoKilometry>
    2f02:	50 91 a8 01 	lds	r21, 0x01A8	; 0x8001a8 <odoKilometry+0x1>
    2f06:	60 91 a9 01 	lds	r22, 0x01A9	; 0x8001a9 <odoKilometry+0x2>
    2f0a:	70 91 aa 01 	lds	r23, 0x01AA	; 0x8001aa <odoKilometry+0x3>
    2f0e:	8d 81       	ldd	r24, Y+5	; 0x05
    2f10:	9e 81       	ldd	r25, Y+6	; 0x06
    2f12:	af 81       	ldd	r26, Y+7	; 0x07
    2f14:	b8 85       	ldd	r27, Y+8	; 0x08
    2f16:	48 17       	cp	r20, r24
    2f18:	59 07       	cpc	r21, r25
    2f1a:	6a 07       	cpc	r22, r26
    2f1c:	7b 07       	cpc	r23, r27
    2f1e:	31 f0       	breq	.+12     	; 0x2f2c <.L485>

00002f20 <.Loc.2092>:
/home/bezdred/stadiSpeedo/Stadi_Speedo/Stadi_Speedo/Stadi_Speedo.ino:93 (discriminator 1)
    2f20:	67 ea       	ldi	r22, 0xA7	; 167
    2f22:	71 e0       	ldi	r23, 0x01	; 1
    2f24:	80 e0       	ldi	r24, 0x00	; 0
    2f26:	90 e0       	ldi	r25, 0x00	; 0
    2f28:	0e 94 bb 13 	call	0x2776	; 0x2776 <unsigned long const& EEPROMClass::put<unsigned long>(int, unsigned long const&) [clone .constprop.0] [clone .isra.0]>

00002f2c <.L485>:
/home/bezdred/stadiSpeedo/Stadi_Speedo/Stadi_Speedo/Stadi_Speedo.ino:94
    if (tripKilometry != tripUlozene) EEPROM.put(ADRESA_TRIP, tripKilometry);
    2f2c:	40 91 a3 01 	lds	r20, 0x01A3	; 0x8001a3 <tripKilometry>
    2f30:	50 91 a4 01 	lds	r21, 0x01A4	; 0x8001a4 <tripKilometry+0x1>
    2f34:	60 91 a5 01 	lds	r22, 0x01A5	; 0x8001a5 <tripKilometry+0x2>
    2f38:	70 91 a6 01 	lds	r23, 0x01A6	; 0x8001a6 <tripKilometry+0x3>
    2f3c:	89 81       	ldd	r24, Y+1	; 0x01
    2f3e:	9a 81       	ldd	r25, Y+2	; 0x02
    2f40:	ab 81       	ldd	r26, Y+3	; 0x03
    2f42:	bc 81       	ldd	r27, Y+4	; 0x04
    2f44:	48 17       	cp	r20, r24
    2f46:	59 07       	cpc	r21, r25
    2f48:	6a 07       	cpc	r22, r26
    2f4a:	7b 07       	cpc	r23, r27
    2f4c:	31 f0       	breq	.+12     	; 0x2f5a <.L486>

00002f4e <.Loc.2095>:
/home/bezdred/stadiSpeedo/Stadi_Speedo/Stadi_Speedo/Stadi_Speedo.ino:94 (discriminator 1)
    2f4e:	63 ea       	ldi	r22, 0xA3	; 163
    2f50:	71 e0       	ldi	r23, 0x01	; 1
    2f52:	84 e0       	ldi	r24, 0x04	; 4
    2f54:	90 e0       	ldi	r25, 0x00	; 0
    2f56:	0e 94 bb 13 	call	0x2776	; 0x2776 <unsigned long const& EEPROMClass::put<unsigned long>(int, unsigned long const&) [clone .constprop.0] [clone .isra.0]>

00002f5a <.L486>:
/home/bezdred/stadiSpeedo/Stadi_Speedo/Stadi_Speedo/Stadi_Speedo.ino:96
    posledniZapisEEPROM = aktualniCas;
    2f5a:	80 92 9f 01 	sts	0x019F, r8	; 0x80019f <posledniZapisEEPROM>
    2f5e:	90 92 a0 01 	sts	0x01A0, r9	; 0x8001a0 <posledniZapisEEPROM+0x1>
    2f62:	a0 92 a1 01 	sts	0x01A1, r10	; 0x8001a1 <posledniZapisEEPROM+0x2>
    2f66:	b0 92 a2 01 	sts	0x01A2, r11	; 0x8001a2 <posledniZapisEEPROM+0x3>

00002f6a <.L484>:
/home/bezdred/stadiSpeedo/Stadi_Speedo/Stadi_Speedo/Stadi_Speedo.ino:99
  if (aktualniCas - posledniAktualizaceCas > 200) {
    2f6a:	80 91 9b 01 	lds	r24, 0x019B	; 0x80019b <posledniAktualizaceCas>
    2f6e:	90 91 9c 01 	lds	r25, 0x019C	; 0x80019c <posledniAktualizaceCas+0x1>
    2f72:	a0 91 9d 01 	lds	r26, 0x019D	; 0x80019d <posledniAktualizaceCas+0x2>
    2f76:	b0 91 9e 01 	lds	r27, 0x019E	; 0x80019e <posledniAktualizaceCas+0x3>
    2f7a:	a5 01       	movw	r20, r10
    2f7c:	94 01       	movw	r18, r8
    2f7e:	28 1b       	sub	r18, r24
    2f80:	39 0b       	sbc	r19, r25
    2f82:	4a 0b       	sbc	r20, r26
    2f84:	5b 0b       	sbc	r21, r27

00002f86 <.Loc.2102>:
    2f86:	29 3c       	cpi	r18, 0xC9	; 201
    2f88:	31 05       	cpc	r19, r1
    2f8a:	41 05       	cpc	r20, r1
    2f8c:	51 05       	cpc	r21, r1
    2f8e:	08 f4       	brcc	.+2      	; 0x2f92 <.LBB713>

00002f90 <L0^A>:
    2f90:	35 c1       	rjmp	.+618    	; 0x31fc <.L487>

00002f92 <.LBB713>:
vykresliDashboard():
/home/bezdred/stadiSpeedo/Stadi_Speedo/Stadi_Speedo/Stadi_Speedo.ino:127



// --- VYKRESLENÍ DASHBOARDU ---
void vykresliDashboard() {
  display.clearDisplay();
    2f92:	0e 94 10 13 	call	0x2620	; 0x2620 <Adafruit_SSD1306::clearDisplay() [clone .constprop.0]>

00002f96 <.LBB715>:
    2f96:	c1 2c       	mov	r12, r1
    2f98:	d1 2c       	mov	r13, r1

00002f9a <.LBB723>:
Adafruit_GFX::drawXBitmap(int, int, unsigned char const*, int, int, unsigned int):
/home/bezdred/Arduino/libraries/Adafruit_GFX_Library/Adafruit_GFX.cpp:1112
  uint8_t b = 0;
    2f9a:	71 2c       	mov	r7, r1

00002f9c <.Loc.2112>:
vykresliDashboard():
/home/bezdred/stadiSpeedo/Stadi_Speedo/Stadi_Speedo/Stadi_Speedo.ino:127
    2f9c:	e1 2c       	mov	r14, r1
    2f9e:	f1 2c       	mov	r15, r1

00002fa0 <.L488>:
Adafruit_GFX::drawXBitmap(int, int, unsigned char const*, int, int, unsigned int):
/home/bezdred/Arduino/libraries/Adafruit_GFX_Library/Adafruit_GFX.cpp:1116
    for (int16_t i = 0; i < w; i++) {
    2fa0:	00 e0       	ldi	r16, 0x00	; 0
    2fa2:	10 e0       	ldi	r17, 0x00	; 0

00002fa4 <.L492>:
/home/bezdred/Arduino/libraries/Adafruit_GFX_Library/Adafruit_GFX.cpp:1117
      if (i & 7)
    2fa4:	c8 01       	movw	r24, r16
    2fa6:	87 70       	andi	r24, 0x07	; 7
    2fa8:	99 27       	eor	r25, r25

00002faa <.Loc.2115>:
/home/bezdred/Arduino/libraries/Adafruit_GFX_Library/Adafruit_GFX.cpp:1118
        b >>= 1;
    2faa:	76 94       	lsr	r7

00002fac <.Loc.2116>:
/home/bezdred/Arduino/libraries/Adafruit_GFX_Library/Adafruit_GFX.cpp:1117
      if (i & 7)
    2fac:	89 2b       	or	r24, r25
    2fae:	59 f4       	brne	.+22     	; 0x2fc6 <.L490>

00002fb0 <.LBB721>:
/home/bezdred/Arduino/libraries/Adafruit_GFX_Library/Adafruit_GFX.cpp:1120
        b = pgm_read_byte(&bitmap[j * byteWidth + i / 8]);
    2fb0:	f8 01       	movw	r30, r16
    2fb2:	33 e0       	ldi	r19, 0x03	; 3

00002fb4 <.L1^B15>:
    2fb4:	f5 95       	asr	r31
    2fb6:	e7 95       	ror	r30
    2fb8:	3a 95       	dec	r19
    2fba:	e1 f7       	brne	.-8      	; 0x2fb4 <.L1^B15>
    2fbc:	ec 0d       	add	r30, r12
    2fbe:	fd 1d       	adc	r31, r13
    2fc0:	e6 59       	subi	r30, 0x96	; 150
    2fc2:	fa 4f       	sbci	r31, 0xFA	; 250

00002fc4 <.Loc.2118>:
    2fc4:	74 90       	lpm	r7, Z

00002fc6 <.L490>:
/home/bezdred/Arduino/libraries/Adafruit_GFX_Library/Adafruit_GFX.cpp:1123
      if (b & 0x01)
    2fc6:	70 fe       	sbrs	r7, 0
    2fc8:	08 c0       	rjmp	.+16     	; 0x2fda <.L491>

00002fca <.Loc.2121>:
/home/bezdred/Arduino/libraries/Adafruit_GFX_Library/Adafruit_GFX.cpp:1124
        writePixel(x + i, y, color);
    2fca:	21 e0       	ldi	r18, 0x01	; 1
    2fcc:	30 e0       	ldi	r19, 0x00	; 0
    2fce:	a7 01       	movw	r20, r14
    2fd0:	b8 01       	movw	r22, r16
    2fd2:	8b e5       	ldi	r24, 0x5B	; 91
    2fd4:	91 e0       	ldi	r25, 0x01	; 1
    2fd6:	0e 94 b4 08 	call	0x1168	; 0x1168 <Adafruit_GFX::writePixel(int, int, unsigned int)>

00002fda <.L491>:
/home/bezdred/Arduino/libraries/Adafruit_GFX_Library/Adafruit_GFX.cpp:1116 (discriminator 2)
    for (int16_t i = 0; i < w; i++) {
    2fda:	0f 5f       	subi	r16, 0xFF	; 255
    2fdc:	1f 4f       	sbci	r17, 0xFF	; 255

00002fde <.Loc.2124>:
/home/bezdred/Arduino/libraries/Adafruit_GFX_Library/Adafruit_GFX.cpp:1116 (discriminator 1)
    2fde:	00 38       	cpi	r16, 0x80	; 128
    2fe0:	11 05       	cpc	r17, r1
    2fe2:	01 f7       	brne	.-64     	; 0x2fa4 <.L492>

00002fe4 <.LBE718>:
/home/bezdred/Arduino/libraries/Adafruit_GFX_Library/Adafruit_GFX.cpp:1115 (discriminator 2)
  for (int16_t j = 0; j < h; j++, y++) {
    2fe4:	3f ef       	ldi	r19, 0xFF	; 255
    2fe6:	e3 1a       	sub	r14, r19
    2fe8:	f3 0a       	sbc	r15, r19

00002fea <.Loc.2126>:
/home/bezdred/Arduino/libraries/Adafruit_GFX_Library/Adafruit_GFX.cpp:1115 (discriminator 1)
    2fea:	40 e1       	ldi	r20, 0x10	; 16
    2fec:	c4 0e       	add	r12, r20
    2fee:	d1 1c       	adc	r13, r1
    2ff0:	50 e1       	ldi	r21, 0x10	; 16
    2ff2:	e5 16       	cp	r14, r21
    2ff4:	f1 04       	cpc	r15, r1
    2ff6:	a1 f6       	brne	.-88     	; 0x2fa0 <.L488>

00002ff8 <.LBB725>:
Adafruit_GFX::setTextColor(unsigned int):
/home/bezdred/Arduino/libraries/Adafruit_GFX_Library/Adafruit_GFX.h:153
  void setTextColor(uint16_t c) { textcolor = textbgcolor = c; }
    2ff8:	81 e0       	ldi	r24, 0x01	; 1
    2ffa:	90 e0       	ldi	r25, 0x00	; 0
    2ffc:	90 93 6e 01 	sts	0x016E, r25	; 0x80016e <display+0x13>
    3000:	80 93 6d 01 	sts	0x016D, r24	; 0x80016d <display+0x12>

00003004 <.Loc.2132>:
    3004:	90 93 6c 01 	sts	0x016C, r25	; 0x80016c <display+0x11>
    3008:	80 93 6b 01 	sts	0x016B, r24	; 0x80016b <display+0x10>

0000300c <.LBE725>:
vykresliDashboard():
/home/bezdred/stadiSpeedo/Stadi_Speedo/Stadi_Speedo/Stadi_Speedo.ino:138
//  display.setFont(&FreeSansBold24pt7b); // Aktivace anti-aliased fontu
  display.setTextColor(SSD1306_WHITE);
  
  // Vektorové fonty kreslí od spodní linky (baseline). 
  // X cca 52, X se posouvá dynamicky podle toho, kolik má rychlost cifer
  if (rychlost < 10) {
    300c:	60 91 b3 01 	lds	r22, 0x01B3	; 0x8001b3 <rychlost>
    3010:	70 91 b4 01 	lds	r23, 0x01B4	; 0x8001b4 <rychlost+0x1>
    3014:	94 e3       	ldi	r25, 0x34	; 52

00003016 <.Loc.2136>:
    3016:	6a 30       	cpi	r22, 0x0A	; 10
    3018:	71 05       	cpc	r23, r1
    301a:	28 f0       	brcs	.+10     	; 0x3026 <.L546>

0000301c <.Loc.2137>:
/home/bezdred/stadiSpeedo/Stadi_Speedo/Stadi_Speedo/Stadi_Speedo.ino:140
    display.setCursor(52, 52); 
  } else if (rychlost < 100) {
    301c:	9a e0       	ldi	r25, 0x0A	; 10
    301e:	64 36       	cpi	r22, 0x64	; 100
    3020:	71 05       	cpc	r23, r1
    3022:	08 f4       	brcc	.+2      	; 0x3026 <.L546>
    3024:	9e e1       	ldi	r25, 0x1E	; 30

00003026 <.L546>:
    3026:	80 e0       	ldi	r24, 0x00	; 0

00003028 <.LBB727>:
Adafruit_GFX::setCursor(int, int):
/home/bezdred/Arduino/libraries/Adafruit_GFX_Library/Adafruit_GFX.h:141
    cursor_x = x;
    3028:	90 93 67 01 	sts	0x0167, r25	; 0x800167 <display+0xc>
    302c:	80 93 68 01 	sts	0x0168, r24	; 0x800168 <display+0xd>

00003030 <.Loc.2139>:
/home/bezdred/Arduino/libraries/Adafruit_GFX_Library/Adafruit_GFX.h:142
    cursor_y = y;
    3030:	94 e3       	ldi	r25, 0x34	; 52
    3032:	90 93 69 01 	sts	0x0169, r25	; 0x800169 <display+0xe>
    3036:	10 92 6a 01 	sts	0x016A, r1	; 0x80016a <display+0xf>

0000303a <.LBB729>:
Print::print(unsigned int, int):
/home/bezdred/.arduino15/packages/MiniCore/hardware/avr/3.1.3/cores/MCUdude_corefiles/Print.cpp:84
  return print((unsigned long) n, base);
    303a:	80 e0       	ldi	r24, 0x00	; 0
    303c:	90 e0       	ldi	r25, 0x00	; 0

0000303e <.Loc.2145>:
Print::print(unsigned long, int):
/home/bezdred/.arduino15/packages/MiniCore/hardware/avr/3.1.3/cores/MCUdude_corefiles/Print.cpp:106
  else return printNumber(n, base);
    303e:	4a e0       	ldi	r20, 0x0A	; 10
    3040:	0e 94 40 13 	call	0x2680	; 0x2680 <Print::printNumber(unsigned long, unsigned char) [clone .constprop.0] [clone .isra.0]>

00003044 <.LBB734>:
Adafruit_GFX::setFont(GFXfont const*):
/home/bezdred/Arduino/libraries/Adafruit_GFX_Library/Adafruit_GFX.cpp:1607
  gfxFont = (GFXfont *)f;
    3044:	10 92 75 01 	sts	0x0175, r1	; 0x800175 <display+0x1a>
    3048:	10 92 74 01 	sts	0x0174, r1	; 0x800174 <display+0x19>

0000304c <.LBB736>:
Adafruit_GFX::setTextSize(unsigned char, unsigned char):
/home/bezdred/Arduino/libraries/Adafruit_GFX_Library/Adafruit_GFX.cpp:1563 (discriminator 4)
  textsize_x = (s_x > 0) ? s_x : 1;
    304c:	81 e0       	ldi	r24, 0x01	; 1
    304e:	80 93 6f 01 	sts	0x016F, r24	; 0x80016f <display+0x14>

00003052 <.Loc.2154>:
/home/bezdred/Arduino/libraries/Adafruit_GFX_Library/Adafruit_GFX.cpp:1564 (discriminator 4)
  textsize_y = (s_y > 0) ? s_y : 1;
    3052:	80 93 70 01 	sts	0x0170, r24	; 0x800170 <display+0x15>

00003056 <.LBB739>:
Adafruit_GFX::setCursor(int, int):
/home/bezdred/Arduino/libraries/Adafruit_GFX_Library/Adafruit_GFX.h:141
    cursor_x = x;
    3056:	a8 e6       	ldi	r26, 0x68	; 104
    3058:	b0 e0       	ldi	r27, 0x00	; 0
    305a:	b0 93 68 01 	sts	0x0168, r27	; 0x800168 <display+0xd>
    305e:	a0 93 67 01 	sts	0x0167, r26	; 0x800167 <display+0xc>

00003062 <.Loc.2160>:
/home/bezdred/Arduino/libraries/Adafruit_GFX_Library/Adafruit_GFX.h:142
    cursor_y = y;
    3062:	e0 e2       	ldi	r30, 0x20	; 32
    3064:	f0 e0       	ldi	r31, 0x00	; 0
    3066:	f0 93 6a 01 	sts	0x016A, r31	; 0x80016a <display+0xf>
    306a:	e0 93 69 01 	sts	0x0169, r30	; 0x800169 <display+0xe>

0000306e <.LBB741>:
Print::print(char const*):
/home/bezdred/.arduino15/packages/MiniCore/hardware/avr/3.1.3/cores/MCUdude_corefiles/Print.cpp:64
  return write(str);
    306e:	88 e4       	ldi	r24, 0x48	; 72
    3070:	91 e0       	ldi	r25, 0x01	; 1
    3072:	0e 94 30 13 	call	0x2660	; 0x2660 <Print::write(char const*) [clone .constprop.0] [clone .isra.0]>

00003076 <.LBB743>:
Adafruit_GFX::setCursor(int, int):
/home/bezdred/Arduino/libraries/Adafruit_GFX_Library/Adafruit_GFX.h:141
    cursor_x = x;
    3076:	10 92 68 01 	sts	0x0168, r1	; 0x800168 <display+0xd>
    307a:	10 92 67 01 	sts	0x0167, r1	; 0x800167 <display+0xc>

0000307e <.Loc.2171>:
/home/bezdred/Arduino/libraries/Adafruit_GFX_Library/Adafruit_GFX.h:142
    cursor_y = y;
    307e:	28 e3       	ldi	r18, 0x38	; 56
    3080:	30 e0       	ldi	r19, 0x00	; 0
    3082:	30 93 6a 01 	sts	0x016A, r19	; 0x80016a <display+0xf>
    3086:	20 93 69 01 	sts	0x0169, r18	; 0x800169 <display+0xe>

0000308a <.LBB745>:
Print::print(unsigned long, int):
/home/bezdred/.arduino15/packages/MiniCore/hardware/avr/3.1.3/cores/MCUdude_corefiles/Print.cpp:106
  else return printNumber(n, base);
    308a:	60 91 a7 01 	lds	r22, 0x01A7	; 0x8001a7 <odoKilometry>
    308e:	70 91 a8 01 	lds	r23, 0x01A8	; 0x8001a8 <odoKilometry+0x1>
    3092:	80 91 a9 01 	lds	r24, 0x01A9	; 0x8001a9 <odoKilometry+0x2>
    3096:	90 91 aa 01 	lds	r25, 0x01AA	; 0x8001aa <odoKilometry+0x3>
    309a:	4a e0       	ldi	r20, 0x0A	; 10
    309c:	0e 94 40 13 	call	0x2680	; 0x2680 <Print::printNumber(unsigned long, unsigned char) [clone .constprop.0] [clone .isra.0]>

000030a0 <.LBB747>:
Print::print(char const*):
/home/bezdred/.arduino15/packages/MiniCore/hardware/avr/3.1.3/cores/MCUdude_corefiles/Print.cpp:64
  return write(str);
    30a0:	8d e4       	ldi	r24, 0x4D	; 77
    30a2:	91 e0       	ldi	r25, 0x01	; 1
    30a4:	0e 94 30 13 	call	0x2660	; 0x2660 <Print::write(char const*) [clone .constprop.0] [clone .isra.0]>

000030a8 <.LBB749>:
Adafruit_GFX::setCursor(int, int):
/home/bezdred/Arduino/libraries/Adafruit_GFX_Library/Adafruit_GFX.h:141
    cursor_x = x;
    30a8:	4e e5       	ldi	r20, 0x5E	; 94
    30aa:	50 e0       	ldi	r21, 0x00	; 0
    30ac:	50 93 68 01 	sts	0x0168, r21	; 0x800168 <display+0xd>
    30b0:	40 93 67 01 	sts	0x0167, r20	; 0x800167 <display+0xc>

000030b4 <.Loc.2186>:
/home/bezdred/Arduino/libraries/Adafruit_GFX_Library/Adafruit_GFX.h:142
    cursor_y = y;
    30b4:	88 e3       	ldi	r24, 0x38	; 56
    30b6:	90 e0       	ldi	r25, 0x00	; 0
    30b8:	90 93 6a 01 	sts	0x016A, r25	; 0x80016a <display+0xf>
    30bc:	80 93 69 01 	sts	0x0169, r24	; 0x800169 <display+0xe>

000030c0 <.LBB751>:
Print::print(char const*):
/home/bezdred/.arduino15/packages/MiniCore/hardware/avr/3.1.3/cores/MCUdude_corefiles/Print.cpp:64
    30c0:	81 e5       	ldi	r24, 0x51	; 81
    30c2:	91 e0       	ldi	r25, 0x01	; 1
    30c4:	0e 94 30 13 	call	0x2660	; 0x2660 <Print::write(char const*) [clone .constprop.0] [clone .isra.0]>

000030c8 <.LBB753>:
Print::print(unsigned long, int):
/home/bezdred/.arduino15/packages/MiniCore/hardware/avr/3.1.3/cores/MCUdude_corefiles/Print.cpp:106
  else return printNumber(n, base);
    30c8:	60 91 a3 01 	lds	r22, 0x01A3	; 0x8001a3 <tripKilometry>
    30cc:	70 91 a4 01 	lds	r23, 0x01A4	; 0x8001a4 <tripKilometry+0x1>
    30d0:	80 91 a5 01 	lds	r24, 0x01A5	; 0x8001a5 <tripKilometry+0x2>
    30d4:	90 91 a6 01 	lds	r25, 0x01A6	; 0x8001a6 <tripKilometry+0x3>
    30d8:	4a e0       	ldi	r20, 0x0A	; 10
    30da:	0e 94 40 13 	call	0x2680	; 0x2680 <Print::printNumber(unsigned long, unsigned char) [clone .constprop.0] [clone .isra.0]>

000030de <.LBB755>:
Adafruit_SSD1306::display():
/home/bezdred/Arduino/libraries/Adafruit_SSD1306/Adafruit_SSD1306.cpp:1011
  TRANSACTION_START
    30de:	80 91 78 01 	lds	r24, 0x0178	; 0x800178 <display+0x1d>
    30e2:	90 91 79 01 	lds	r25, 0x0179	; 0x800179 <display+0x1e>
    30e6:	00 97       	sbiw	r24, 0x00	; 0
    30e8:	09 f4       	brne	.+2      	; 0x30ec <.Loc.2200>

000030ea <L0^A>:
    30ea:	6e c2       	rjmp	.+1244   	; 0x35c8 <.L495>

000030ec <.Loc.2200>:
/home/bezdred/Arduino/libraries/Adafruit_SSD1306/Adafruit_SSD1306.cpp:1011 (discriminator 1)
    30ec:	40 91 90 01 	lds	r20, 0x0190	; 0x800190 <display+0x35>
    30f0:	50 91 91 01 	lds	r21, 0x0191	; 0x800191 <display+0x36>
    30f4:	60 91 92 01 	lds	r22, 0x0192	; 0x800192 <display+0x37>
    30f8:	70 91 93 01 	lds	r23, 0x0193	; 0x800193 <display+0x38>
    30fc:	0e 94 57 06 	call	0xcae	; 0xcae <TwoWire::setClock(unsigned long)>

00003100 <.L496>:
/home/bezdred/Arduino/libraries/Adafruit_SSD1306/Adafruit_SSD1306.cpp:1017
  ssd1306_commandList(dlist1, sizeof(dlist1));
    3100:	64 e0       	ldi	r22, 0x04	; 4
    3102:	86 e6       	ldi	r24, 0x66	; 102
    3104:	95 e0       	ldi	r25, 0x05	; 5
    3106:	0e 94 4e 12 	call	0x249c	; 0x249c <Adafruit_SSD1306::ssd1306_commandList(unsigned char const*, unsigned char) [clone .constprop.0]>

0000310a <.LVL808>:
/home/bezdred/Arduino/libraries/Adafruit_SSD1306/Adafruit_SSD1306.cpp:1019
  if (WIDTH == 64) {
    310a:	80 91 5f 01 	lds	r24, 0x015F	; 0x80015f <display+0x4>
    310e:	90 91 60 01 	lds	r25, 0x0160	; 0x800160 <display+0x5>
    3112:	80 34       	cpi	r24, 0x40	; 64
    3114:	91 05       	cpc	r25, r1
    3116:	09 f0       	breq	.+2      	; 0x311a <.Loc.2203>

00003118 <L0^A>:
    3118:	6e c2       	rjmp	.+1244   	; 0x35f6 <.L498>

0000311a <.Loc.2203>:
/home/bezdred/Arduino/libraries/Adafruit_SSD1306/Adafruit_SSD1306.cpp:1020
    ssd1306_command1(0x20);             // Column start
    311a:	60 e2       	ldi	r22, 0x20	; 32
    311c:	8b e5       	ldi	r24, 0x5B	; 91
    311e:	91 e0       	ldi	r25, 0x01	; 1
    3120:	0e 94 ab 11 	call	0x2356	; 0x2356 <Adafruit_SSD1306::ssd1306_command1(unsigned char)>

00003124 <.LVL809>:
/home/bezdred/Arduino/libraries/Adafruit_SSD1306/Adafruit_SSD1306.cpp:1021
    ssd1306_command1(0x20 + WIDTH - 1); // Column end address
    3124:	60 91 5f 01 	lds	r22, 0x015F	; 0x80015f <display+0x4>
    3128:	61 5e       	subi	r22, 0xE1	; 225

0000312a <.L547>:
/home/bezdred/Arduino/libraries/Adafruit_SSD1306/Adafruit_SSD1306.cpp:1024
    ssd1306_command1((WIDTH - 1)); // Column end address
    312a:	8b e5       	ldi	r24, 0x5B	; 91
    312c:	91 e0       	ldi	r25, 0x01	; 1
    312e:	0e 94 ab 11 	call	0x2356	; 0x2356 <Adafruit_SSD1306::ssd1306_command1(unsigned char)>

00003132 <.LVL810>:
/home/bezdred/Arduino/libraries/Adafruit_SSD1306/Adafruit_SSD1306.cpp:1036
  uint16_t count = WIDTH * ((HEIGHT + 7) / 8);
    3132:	20 91 61 01 	lds	r18, 0x0161	; 0x800161 <display+0x6>
    3136:	30 91 62 01 	lds	r19, 0x0162	; 0x800162 <display+0x7>

0000313a <.Loc.2207>:
    313a:	c9 01       	movw	r24, r18
    313c:	07 96       	adiw	r24, 0x07	; 7
    313e:	97 fd       	sbrc	r25, 7
    3140:	07 96       	adiw	r24, 0x07	; 7
    3142:	23 e0       	ldi	r18, 0x03	; 3

00003144 <.L1^B16>:
    3144:	95 95       	asr	r25
    3146:	87 95       	ror	r24
    3148:	2a 95       	dec	r18
    314a:	e1 f7       	brne	.-8      	; 0x3144 <.L1^B16>

0000314c <.Loc.2208>:
    314c:	20 91 5f 01 	lds	r18, 0x015F	; 0x80015f <display+0x4>
    3150:	30 91 60 01 	lds	r19, 0x0160	; 0x800160 <display+0x5>
    3154:	82 9f       	mul	r24, r18
    3156:	70 01       	movw	r14, r0
    3158:	83 9f       	mul	r24, r19
    315a:	f0 0c       	add	r15, r0
    315c:	92 9f       	mul	r25, r18
    315e:	f0 0c       	add	r15, r0
    3160:	11 24       	eor	r1, r1

00003162 <.LVL811>:
/home/bezdred/Arduino/libraries/Adafruit_SSD1306/Adafruit_SSD1306.cpp:1037
  uint8_t *ptr = buffer;
    3162:	00 91 7a 01 	lds	r16, 0x017A	; 0x80017a <display+0x1f>
    3166:	10 91 7b 01 	lds	r17, 0x017B	; 0x80017b <display+0x20>

0000316a <.LVL812>:
/home/bezdred/Arduino/libraries/Adafruit_SSD1306/Adafruit_SSD1306.cpp:1038
  if (wire) { // I2C
    316a:	a0 91 78 01 	lds	r26, 0x0178	; 0x800178 <display+0x1d>
    316e:	b0 91 79 01 	lds	r27, 0x0179	; 0x800179 <display+0x1e>
    3172:	e0 0e       	add	r14, r16
    3174:	f1 1e       	adc	r15, r17

00003176 <.Loc.2211>:
    3176:	10 97       	sbiw	r26, 0x00	; 0
    3178:	09 f4       	brne	.+2      	; 0x317c <.LBB758>

0000317a <L0^A>:
    317a:	7c c2       	rjmp	.+1272   	; 0x3674 <.L501>

0000317c <.LBB758>:
TwoWire::beginTransmission(int):
/home/bezdred/.arduino15/packages/MiniCore/hardware/avr/3.1.3/libraries/Wire/src/Wire.cpp:592
  beginTransmission((uint8_t)address);
    317c:	80 91 7c 01 	lds	r24, 0x017C	; 0x80017c <display+0x21>

00003180 <.LBB761>:
TwoWire::beginTransmission(unsigned char):
/home/bezdred/.arduino15/packages/MiniCore/hardware/avr/3.1.3/libraries/Wire/src/Wire.cpp:582
  transmitting = 1;
    3180:	91 e0       	ldi	r25, 0x01	; 1
    3182:	57 96       	adiw	r26, 0x17	; 23
    3184:	9c 93       	st	X, r25
    3186:	57 97       	sbiw	r26, 0x17	; 23

00003188 <.Loc.2218>:
/home/bezdred/.arduino15/packages/MiniCore/hardware/avr/3.1.3/libraries/Wire/src/Wire.cpp:584
  txAddress = address;
    3188:	52 96       	adiw	r26, 0x12	; 18
    318a:	8c 93       	st	X, r24
    318c:	52 97       	sbiw	r26, 0x12	; 18

0000318e <.Loc.2220>:
/home/bezdred/.arduino15/packages/MiniCore/hardware/avr/3.1.3/libraries/Wire/src/Wire.cpp:586
  txBufferIndex = 0;
    318e:	55 96       	adiw	r26, 0x15	; 21
    3190:	1c 92       	st	X, r1
    3192:	55 97       	sbiw	r26, 0x15	; 21

00003194 <.Loc.2222>:
/home/bezdred/.arduino15/packages/MiniCore/hardware/avr/3.1.3/libraries/Wire/src/Wire.cpp:587
  txBufferLength = 0;
    3194:	56 96       	adiw	r26, 0x16	; 22
    3196:	1c 92       	st	X, r1
    3198:	56 97       	sbiw	r26, 0x16	; 22

0000319a <.LBE759>:
Adafruit_SSD1306::display():
/home/bezdred/Arduino/libraries/Adafruit_SSD1306/Adafruit_SSD1306.cpp:1040
    WIRE_WRITE((uint8_t)0x40);
    319a:	ed 91       	ld	r30, X+
    319c:	fc 91       	ld	r31, X
    319e:	11 97       	sbiw	r26, 0x01	; 1
    31a0:	01 90       	ld	r0, Z+
    31a2:	f0 81       	ld	r31, Z
    31a4:	e0 2d       	mov	r30, r0
    31a6:	60 e4       	ldi	r22, 0x40	; 64
    31a8:	cd 01       	movw	r24, r26
    31aa:	09 95       	icall

000031ac <.LVL818>:
/home/bezdred/Arduino/libraries/Adafruit_SSD1306/Adafruit_SSD1306.cpp:1041
    uint16_t bytesOut = 1;
    31ac:	cc 24       	eor	r12, r12
    31ae:	c3 94       	inc	r12
    31b0:	d1 2c       	mov	r13, r1

000031b2 <.LBB763>:
TwoWire::beginTransmission(unsigned char):
/home/bezdred/.arduino15/packages/MiniCore/hardware/avr/3.1.3/libraries/Wire/src/Wire.cpp:582
  transmitting = 1;
    31b2:	77 24       	eor	r7, r7
    31b4:	73 94       	inc	r7

000031b6 <.L502>:
Adafruit_SSD1306::display():
/home/bezdred/Arduino/libraries/Adafruit_SSD1306/Adafruit_SSD1306.cpp:1044
        wire->endTransmission();
    31b6:	80 91 78 01 	lds	r24, 0x0178	; 0x800178 <display+0x1d>
    31ba:	90 91 79 01 	lds	r25, 0x0179	; 0x800179 <display+0x1e>

000031be <.Loc.2230>:
/home/bezdred/Arduino/libraries/Adafruit_SSD1306/Adafruit_SSD1306.cpp:1042
    while (count--) {
    31be:	0e 15       	cp	r16, r14
    31c0:	1f 05       	cpc	r17, r15
    31c2:	09 f0       	breq	.+2      	; 0x31c6 <.Loc.2231>

000031c4 <L0^A>:
    31c4:	21 c2       	rjmp	.+1090   	; 0x3608 <.L504>

000031c6 <.Loc.2231>:
/home/bezdred/Arduino/libraries/Adafruit_SSD1306/Adafruit_SSD1306.cpp:1052
    wire->endTransmission();
    31c6:	0e 94 97 11 	call	0x232e	; 0x232e <TwoWire::endTransmission() [clone .isra.0]>

000031ca <.L505>:
/home/bezdred/Arduino/libraries/Adafruit_SSD1306/Adafruit_SSD1306.cpp:1058
  TRANSACTION_END
    31ca:	80 91 78 01 	lds	r24, 0x0178	; 0x800178 <display+0x1d>
    31ce:	90 91 79 01 	lds	r25, 0x0179	; 0x800179 <display+0x1e>
    31d2:	00 97       	sbiw	r24, 0x00	; 0
    31d4:	09 f4       	brne	.+2      	; 0x31d8 <.Loc.2234>

000031d6 <L0^A>:
    31d6:	93 c2       	rjmp	.+1318   	; 0x36fe <.L512>

000031d8 <.Loc.2234>:
/home/bezdred/Arduino/libraries/Adafruit_SSD1306/Adafruit_SSD1306.cpp:1058 (discriminator 1)
    31d8:	40 91 94 01 	lds	r20, 0x0194	; 0x800194 <display+0x39>
    31dc:	50 91 95 01 	lds	r21, 0x0195	; 0x800195 <display+0x3a>
    31e0:	60 91 96 01 	lds	r22, 0x0196	; 0x800196 <display+0x3b>
    31e4:	70 91 97 01 	lds	r23, 0x0197	; 0x800197 <display+0x3c>
    31e8:	0e 94 57 06 	call	0xcae	; 0xcae <TwoWire::setClock(unsigned long)>

000031ec <.L513>:
loop():
/home/bezdred/stadiSpeedo/Stadi_Speedo/Stadi_Speedo/Stadi_Speedo.ino:101
    posledniAktualizaceCas = aktualniCas;
    31ec:	80 92 9b 01 	sts	0x019B, r8	; 0x80019b <posledniAktualizaceCas>
    31f0:	90 92 9c 01 	sts	0x019C, r9	; 0x80019c <posledniAktualizaceCas+0x1>
    31f4:	a0 92 9d 01 	sts	0x019D, r10	; 0x80019d <posledniAktualizaceCas+0x2>
    31f8:	b0 92 9e 01 	sts	0x019E, r11	; 0x80019e <posledniAktualizaceCas+0x3>

000031fc <.L487>:
main():
/home/bezdred/.arduino15/packages/MiniCore/hardware/avr/3.1.3/cores/MCUdude_corefiles/main.cpp:47
  
  setup();
    
  for (;;) {
    loop();
    if (serialEventRun) serialEventRun();
    31fc:	20 e0       	ldi	r18, 0x00	; 0
    31fe:	30 e0       	ldi	r19, 0x00	; 0
    3200:	23 2b       	or	r18, r19
    3202:	09 f4       	brne	.+2      	; 0x3206 <.Loc.2240>

00003204 <L0^A>:
    3204:	b1 cd       	rjmp	.-1182   	; 0x2d68 <.L514>

00003206 <.Loc.2240>:
/home/bezdred/.arduino15/packages/MiniCore/hardware/avr/3.1.3/cores/MCUdude_corefiles/main.cpp:47 (discriminator 1)
    3206:	0e 94 00 00 	call	0	; 0x0 <__vectors>

0000320a <.LVL823>:
    320a:	ae cd       	rjmp	.-1188   	; 0x2d68 <.L514>

0000320c <.L449>:
Adafruit_SSD1306::begin(unsigned char, unsigned char, bool, bool):
/home/bezdred/Arduino/libraries/Adafruit_SSD1306/Adafruit_SSD1306.cpp:506
    drawBitmap((WIDTH - splash1_width) / 2, (HEIGHT - splash1_height) / 2,
    320c:	b9 01       	movw	r22, r18
    320e:	60 54       	subi	r22, 0x40	; 64
    3210:	71 09       	sbc	r23, r1
    3212:	77 ff       	sbrs	r23, 7
    3214:	02 c0       	rjmp	.+4      	; 0x321a <.L454>
    3216:	6f 5f       	subi	r22, 0xFF	; 255
    3218:	7f 4f       	sbci	r23, 0xFF	; 255

0000321a <.L454>:
    321a:	75 95       	asr	r23
    321c:	67 95       	ror	r22
    321e:	82 55       	subi	r24, 0x52	; 82
    3220:	91 09       	sbc	r25, r1
    3222:	97 fd       	sbrc	r25, 7
    3224:	01 96       	adiw	r24, 0x01	; 1
    3226:	00 e4       	ldi	r16, 0x40	; 64
    3228:	10 e0       	ldi	r17, 0x00	; 0
    322a:	22 e5       	ldi	r18, 0x52	; 82
    322c:	30 e0       	ldi	r19, 0x00	; 0
    322e:	46 ea       	ldi	r20, 0xA6	; 166
    3230:	52 e0       	ldi	r21, 0x02	; 2

00003232 <.L545>:
/home/bezdred/Arduino/libraries/Adafruit_SSD1306/Adafruit_SSD1306.cpp:509
    drawBitmap((WIDTH - splash2_width) / 2, (HEIGHT - splash2_height) / 2,
    3232:	95 95       	asr	r25
    3234:	87 95       	ror	r24
    3236:	0e 94 30 11 	call	0x2260	; 0x2260 <Adafruit_GFX::drawBitmap(int, int, unsigned char const*, int, int, unsigned int) [clone .constprop.0]>

0000323a <.LVL825>:
/home/bezdred/Arduino/libraries/Adafruit_SSD1306/Adafruit_SSD1306.cpp:514
  vccstate = vcs;
    323a:	82 e0       	ldi	r24, 0x02	; 2
    323c:	80 93 7d 01 	sts	0x017D, r24	; 0x80017d <display+0x22>

00003240 <.Loc.2245>:
/home/bezdred/Arduino/libraries/Adafruit_SSD1306/Adafruit_SSD1306.cpp:517
  if (wire) { // Using I2C
    3240:	e0 91 78 01 	lds	r30, 0x0178	; 0x800178 <display+0x1d>
    3244:	f0 91 79 01 	lds	r31, 0x0179	; 0x800179 <display+0x1e>

00003248 <.Loc.2246>:
    3248:	30 97       	sbiw	r30, 0x00	; 0
    324a:	09 f4       	brne	.+2      	; 0x324e <.Loc.2247>

0000324c <L0^A>:
    324c:	7b c0       	rjmp	.+246    	; 0x3344 <.L459>

0000324e <.Loc.2247>:
/home/bezdred/Arduino/libraries/Adafruit_SSD1306/Adafruit_SSD1306.cpp:520 (discriminator 8)
    i2caddr = addr ? addr : ((HEIGHT == 32) ? 0x3C : 0x3D);
    324e:	8c e3       	ldi	r24, 0x3C	; 60
    3250:	80 93 7c 01 	sts	0x017C, r24	; 0x80017c <display+0x21>

00003254 <.LBB673>:
TwoWire::begin():
/home/bezdred/.arduino15/packages/MiniCore/hardware/avr/3.1.3/libraries/Wire/src/Wire.cpp:449
  rxBufferIndex = 0;
    3254:	10 8a       	std	Z+16, r1	; 0x10

00003256 <.Loc.2251>:
/home/bezdred/.arduino15/packages/MiniCore/hardware/avr/3.1.3/libraries/Wire/src/Wire.cpp:450
  rxBufferLength = 0;
    3256:	11 8a       	std	Z+17, r1	; 0x11

00003258 <.Loc.2253>:
/home/bezdred/.arduino15/packages/MiniCore/hardware/avr/3.1.3/libraries/Wire/src/Wire.cpp:452
  txBufferIndex = 0;
    3258:	15 8a       	std	Z+21, r1	; 0x15

0000325a <.Loc.2255>:
/home/bezdred/.arduino15/packages/MiniCore/hardware/avr/3.1.3/libraries/Wire/src/Wire.cpp:453
  txBufferLength = 0;
    325a:	16 8a       	std	Z+22, r1	; 0x16

0000325c <.Loc.2257>:
/home/bezdred/.arduino15/packages/MiniCore/hardware/avr/3.1.3/libraries/Wire/src/Wire.cpp:455
  tw_init();
    325c:	04 8c       	ldd	r0, Z+28	; 0x1c
    325e:	f5 8d       	ldd	r31, Z+29	; 0x1d
    3260:	e0 2d       	mov	r30, r0

00003262 <.Loc.2259>:
    3262:	09 95       	icall

00003264 <.L460>:
Adafruit_SSD1306::begin(unsigned char, unsigned char, bool, bool):
/home/bezdred/Arduino/libraries/Adafruit_SSD1306/Adafruit_SSD1306.cpp:568 (discriminator 1)
  if (reset && (rstPin >= 0)) {
    3264:	80 91 83 01 	lds	r24, 0x0183	; 0x800183 <display+0x28>

00003268 <.Loc.2262>:
    3268:	87 fd       	sbrc	r24, 7
    326a:	1e c0       	rjmp	.+60     	; 0x32a8 <.L464>

0000326c <.Loc.2263>:
/home/bezdred/Arduino/libraries/Adafruit_SSD1306/Adafruit_SSD1306.cpp:569
    pinMode(rstPin, OUTPUT);
    326c:	61 e0       	ldi	r22, 0x01	; 1
    326e:	0e 94 50 10 	call	0x20a0	; 0x20a0 <pinMode>

00003272 <.LVL829>:
/home/bezdred/Arduino/libraries/Adafruit_SSD1306/Adafruit_SSD1306.cpp:570
    digitalWrite(rstPin, HIGH);
    3272:	61 e0       	ldi	r22, 0x01	; 1
    3274:	80 91 83 01 	lds	r24, 0x0183	; 0x800183 <display+0x28>
    3278:	0e 94 7f 10 	call	0x20fe	; 0x20fe <digitalWrite>

0000327c <.LVL830>:
/home/bezdred/Arduino/libraries/Adafruit_SSD1306/Adafruit_SSD1306.cpp:571
    delay(1);                   // VDD goes high at start, pause for 1 ms
    327c:	61 e0       	ldi	r22, 0x01	; 1
    327e:	70 e0       	ldi	r23, 0x00	; 0
    3280:	80 e0       	ldi	r24, 0x00	; 0
    3282:	90 e0       	ldi	r25, 0x00	; 0
    3284:	0e 94 fc 0f 	call	0x1ff8	; 0x1ff8 <delay>

00003288 <.LVL831>:
/home/bezdred/Arduino/libraries/Adafruit_SSD1306/Adafruit_SSD1306.cpp:572
    digitalWrite(rstPin, LOW);  // Bring reset low
    3288:	60 e0       	ldi	r22, 0x00	; 0
    328a:	80 91 83 01 	lds	r24, 0x0183	; 0x800183 <display+0x28>
    328e:	0e 94 7f 10 	call	0x20fe	; 0x20fe <digitalWrite>

00003292 <.LVL832>:
/home/bezdred/Arduino/libraries/Adafruit_SSD1306/Adafruit_SSD1306.cpp:573
    delay(10);                  // Wait 10 ms
    3292:	6a e0       	ldi	r22, 0x0A	; 10
    3294:	70 e0       	ldi	r23, 0x00	; 0
    3296:	80 e0       	ldi	r24, 0x00	; 0
    3298:	90 e0       	ldi	r25, 0x00	; 0
    329a:	0e 94 fc 0f 	call	0x1ff8	; 0x1ff8 <delay>

0000329e <.LVL833>:
/home/bezdred/Arduino/libraries/Adafruit_SSD1306/Adafruit_SSD1306.cpp:574
    digitalWrite(rstPin, HIGH); // Bring out of reset
    329e:	61 e0       	ldi	r22, 0x01	; 1
    32a0:	80 91 83 01 	lds	r24, 0x0183	; 0x800183 <display+0x28>
    32a4:	0e 94 7f 10 	call	0x20fe	; 0x20fe <digitalWrite>

000032a8 <.L464>:
/home/bezdred/Arduino/libraries/Adafruit_SSD1306/Adafruit_SSD1306.cpp:577
  TRANSACTION_START
    32a8:	80 91 78 01 	lds	r24, 0x0178	; 0x800178 <display+0x1d>
    32ac:	90 91 79 01 	lds	r25, 0x0179	; 0x800179 <display+0x1e>
    32b0:	00 97       	sbiw	r24, 0x00	; 0
    32b2:	09 f4       	brne	.+2      	; 0x32b6 <.Loc.2270>

000032b4 <L0^A>:
    32b4:	07 c1       	rjmp	.+526    	; 0x34c4 <.L465>

000032b6 <.Loc.2270>:
/home/bezdred/Arduino/libraries/Adafruit_SSD1306/Adafruit_SSD1306.cpp:577 (discriminator 1)
    32b6:	40 91 90 01 	lds	r20, 0x0190	; 0x800190 <display+0x35>
    32ba:	50 91 91 01 	lds	r21, 0x0191	; 0x800191 <display+0x36>
    32be:	60 91 92 01 	lds	r22, 0x0192	; 0x800192 <display+0x37>
    32c2:	70 91 93 01 	lds	r23, 0x0193	; 0x800193 <display+0x38>
    32c6:	0e 94 57 06 	call	0xcae	; 0xcae <TwoWire::setClock(unsigned long)>

000032ca <.L466>:
/home/bezdred/Arduino/libraries/Adafruit_SSD1306/Adafruit_SSD1306.cpp:584
  ssd1306_commandList(init1, sizeof(init1));
    32ca:	64 e0       	ldi	r22, 0x04	; 4
    32cc:	82 ec       	ldi	r24, 0xC2	; 194
    32ce:	90 e0       	ldi	r25, 0x00	; 0
    32d0:	0e 94 4e 12 	call	0x249c	; 0x249c <Adafruit_SSD1306::ssd1306_commandList(unsigned char const*, unsigned char) [clone .constprop.0]>

000032d4 <.LVL836>:
/home/bezdred/Arduino/libraries/Adafruit_SSD1306/Adafruit_SSD1306.cpp:585
  ssd1306_command1(HEIGHT - 1);
    32d4:	60 91 61 01 	lds	r22, 0x0161	; 0x800161 <display+0x6>
    32d8:	61 50       	subi	r22, 0x01	; 1
    32da:	8b e5       	ldi	r24, 0x5B	; 91
    32dc:	91 e0       	ldi	r25, 0x01	; 1
    32de:	0e 94 ab 11 	call	0x2356	; 0x2356 <Adafruit_SSD1306::ssd1306_command1(unsigned char)>

000032e2 <.LVL837>:
/home/bezdred/Arduino/libraries/Adafruit_SSD1306/Adafruit_SSD1306.cpp:591
  ssd1306_commandList(init2, sizeof(init2));
    32e2:	64 e0       	ldi	r22, 0x04	; 4
    32e4:	8e eb       	ldi	r24, 0xBE	; 190
    32e6:	90 e0       	ldi	r25, 0x00	; 0
    32e8:	0e 94 4e 12 	call	0x249c	; 0x249c <Adafruit_SSD1306::ssd1306_commandList(unsigned char const*, unsigned char) [clone .constprop.0]>

000032ec <.LVL838>:
/home/bezdred/Arduino/libraries/Adafruit_SSD1306/Adafruit_SSD1306.cpp:593
  ssd1306_command1((vccstate == SSD1306_EXTERNALVCC) ? 0x10 : 0x14);
    32ec:	80 91 7d 01 	lds	r24, 0x017D	; 0x80017d <display+0x22>

000032f0 <.Loc.2275>:
/home/bezdred/Arduino/libraries/Adafruit_SSD1306/Adafruit_SSD1306.cpp:593 (discriminator 1)
    32f0:	60 e1       	ldi	r22, 0x10	; 16

000032f2 <.Loc.2276>:
/home/bezdred/Arduino/libraries/Adafruit_SSD1306/Adafruit_SSD1306.cpp:593
    32f2:	81 30       	cpi	r24, 0x01	; 1
    32f4:	09 f0       	breq	.+2      	; 0x32f8 <.L468>

000032f6 <.Loc.2277>:
/home/bezdred/Arduino/libraries/Adafruit_SSD1306/Adafruit_SSD1306.cpp:593 (discriminator 2)
    32f6:	64 e1       	ldi	r22, 0x14	; 20

000032f8 <.L468>:
/home/bezdred/Arduino/libraries/Adafruit_SSD1306/Adafruit_SSD1306.cpp:593 (discriminator 4)
    32f8:	8b e5       	ldi	r24, 0x5B	; 91
    32fa:	91 e0       	ldi	r25, 0x01	; 1
    32fc:	0e 94 ab 11 	call	0x2356	; 0x2356 <Adafruit_SSD1306::ssd1306_command1(unsigned char)>

00003300 <.LVL839>:
/home/bezdred/Arduino/libraries/Adafruit_SSD1306/Adafruit_SSD1306.cpp:599
  ssd1306_commandList(init3, sizeof(init3));
    3300:	64 e0       	ldi	r22, 0x04	; 4
    3302:	8a eb       	ldi	r24, 0xBA	; 186
    3304:	90 e0       	ldi	r25, 0x00	; 0
    3306:	0e 94 4e 12 	call	0x249c	; 0x249c <Adafruit_SSD1306::ssd1306_commandList(unsigned char const*, unsigned char) [clone .constprop.0]>

0000330a <.LVL840>:
/home/bezdred/Arduino/libraries/Adafruit_SSD1306/Adafruit_SSD1306.cpp:602
  contrast = 0x8F;
    330a:	8f e8       	ldi	r24, 0x8F	; 143
    330c:	80 93 98 01 	sts	0x0198, r24	; 0x800198 <display+0x3d>

00003310 <.Loc.2281>:
/home/bezdred/Arduino/libraries/Adafruit_SSD1306/Adafruit_SSD1306.cpp:604
  if ((WIDTH == 128) && (HEIGHT == 32)) {
    3310:	80 91 5f 01 	lds	r24, 0x015F	; 0x80015f <display+0x4>
    3314:	90 91 60 01 	lds	r25, 0x0160	; 0x800160 <display+0x5>

00003318 <.Loc.2282>:
    3318:	80 38       	cpi	r24, 0x80	; 128
    331a:	91 05       	cpc	r25, r1
    331c:	09 f0       	breq	.+2      	; 0x3320 <.Loc.2283>

0000331e <L0^A>:
    331e:	e9 c0       	rjmp	.+466    	; 0x34f2 <.L469>

00003320 <.Loc.2283>:
/home/bezdred/Arduino/libraries/Adafruit_SSD1306/Adafruit_SSD1306.cpp:604 (discriminator 1)
    3320:	80 91 61 01 	lds	r24, 0x0161	; 0x800161 <display+0x6>
    3324:	90 91 62 01 	lds	r25, 0x0162	; 0x800162 <display+0x7>
    3328:	80 34       	cpi	r24, 0x40	; 64
    332a:	91 05       	cpc	r25, r1
    332c:	09 f0       	breq	.+2      	; 0x3330 <.Loc.2284>

0000332e <L0^A>:
    332e:	f2 c0       	rjmp	.+484    	; 0x3514 <.L470>

00003330 <.Loc.2284>:
/home/bezdred/Arduino/libraries/Adafruit_SSD1306/Adafruit_SSD1306.cpp:609
    contrast = (vccstate == SSD1306_EXTERNALVCC) ? 0x9F : 0xCF;
    3330:	80 91 7d 01 	lds	r24, 0x017D	; 0x80017d <display+0x22>
    3334:	81 30       	cpi	r24, 0x01	; 1
    3336:	09 f0       	breq	.+2      	; 0x333a <.Loc.2285>

00003338 <L0^A>:
    3338:	3b c1       	rjmp	.+630    	; 0x35b0 <.L519>

0000333a <.Loc.2285>:
/home/bezdred/Arduino/libraries/Adafruit_SSD1306/Adafruit_SSD1306.cpp:609 (discriminator 1)
    333a:	8f e9       	ldi	r24, 0x9F	; 159

0000333c <.L472>:
/home/bezdred/Arduino/libraries/Adafruit_SSD1306/Adafruit_SSD1306.cpp:615 (discriminator 4)
    contrast = (vccstate == SSD1306_EXTERNALVCC) ? 0x10 : 0xCF;
    333c:	80 93 98 01 	sts	0x0198, r24	; 0x800198 <display+0x3d>

00003340 <.Loc.2287>:
/home/bezdred/Arduino/libraries/Adafruit_SSD1306/Adafruit_SSD1306.cpp:608
    comPins = 0x12;
    3340:	12 e1       	ldi	r17, 0x12	; 18
    3342:	e9 c0       	rjmp	.+466    	; 0x3516 <.L475>

00003344 <.L459>:
/home/bezdred/Arduino/libraries/Adafruit_SSD1306/Adafruit_SSD1306.cpp:539
    pinMode(dcPin, OUTPUT); // Set data/command pin as output
    3344:	61 e0       	ldi	r22, 0x01	; 1
    3346:	80 91 81 01 	lds	r24, 0x0181	; 0x800181 <display+0x26>
    334a:	0e 94 50 10 	call	0x20a0	; 0x20a0 <pinMode>

0000334e <.LVL843>:
/home/bezdred/Arduino/libraries/Adafruit_SSD1306/Adafruit_SSD1306.cpp:540
    pinMode(csPin, OUTPUT); // Same for chip select
    334e:	61 e0       	ldi	r22, 0x01	; 1
    3350:	80 91 82 01 	lds	r24, 0x0182	; 0x800182 <display+0x27>
    3354:	0e 94 50 10 	call	0x20a0	; 0x20a0 <pinMode>

00003358 <.LBB676>:
/home/bezdred/Arduino/libraries/Adafruit_SSD1306/Adafruit_SSD1306.cpp:542
    dcPort = (PortReg *)portOutputRegister(digitalPinToPort(dcPin));
    3358:	80 91 81 01 	lds	r24, 0x0181	; 0x800181 <display+0x26>
    335c:	08 2e       	mov	r0, r24
    335e:	00 0c       	add	r0, r0
    3360:	99 0b       	sbc	r25, r25

00003362 <.LVL845>:
    3362:	fc 01       	movw	r30, r24
    3364:	e3 56       	subi	r30, 0x63	; 99
    3366:	f9 4f       	sbci	r31, 0xF9	; 249

00003368 <.Loc.2292>:
    3368:	e4 91       	lpm	r30, Z

0000336a <.LBE677>:
    336a:	f0 e0       	ldi	r31, 0x00	; 0
    336c:	ee 0f       	add	r30, r30
    336e:	ff 1f       	adc	r31, r31

00003370 <.Loc.2294>:
    3370:	eb 57       	subi	r30, 0x7B	; 123
    3372:	f9 4f       	sbci	r31, 0xF9	; 249

00003374 <.LVL849>:
    3374:	25 91       	lpm	r18, Z+
    3376:	35 91       	lpm	r19, Z+

00003378 <.LBE676>:
    3378:	30 93 89 01 	sts	0x0189, r19	; 0x800189 <display+0x2e>
    337c:	20 93 88 01 	sts	0x0188, r18	; 0x800188 <display+0x2d>

00003380 <.LBB678>:
/home/bezdred/Arduino/libraries/Adafruit_SSD1306/Adafruit_SSD1306.cpp:543
    dcPinMask = digitalPinToBitMask(dcPin);
    3380:	fc 01       	movw	r30, r24
    3382:	e8 54       	subi	r30, 0x48	; 72
    3384:	f9 4f       	sbci	r31, 0xF9	; 249

00003386 <.Loc.2299>:
    3386:	e4 91       	lpm	r30, Z

00003388 <.LVL853>:
    3388:	e0 93 8e 01 	sts	0x018E, r30	; 0x80018e <display+0x33>

0000338c <.LBB679>:
/home/bezdred/Arduino/libraries/Adafruit_SSD1306/Adafruit_SSD1306.cpp:544
    csPort = (PortReg *)portOutputRegister(digitalPinToPort(csPin));
    338c:	80 91 82 01 	lds	r24, 0x0182	; 0x800182 <display+0x27>

00003390 <.Loc.2302>:
    3390:	08 2e       	mov	r0, r24
    3392:	00 0c       	add	r0, r0
    3394:	99 0b       	sbc	r25, r25

00003396 <.LVL855>:
    3396:	fc 01       	movw	r30, r24

00003398 <.Loc.2304>:
    3398:	e3 56       	subi	r30, 0x63	; 99
    339a:	f9 4f       	sbci	r31, 0xF9	; 249

0000339c <.Loc.2305>:
    339c:	e4 91       	lpm	r30, Z

0000339e <.LBE680>:
    339e:	f0 e0       	ldi	r31, 0x00	; 0
    33a0:	ee 0f       	add	r30, r30
    33a2:	ff 1f       	adc	r31, r31

000033a4 <.Loc.2307>:
    33a4:	eb 57       	subi	r30, 0x7B	; 123
    33a6:	f9 4f       	sbci	r31, 0xF9	; 249

000033a8 <.LVL860>:
    33a8:	a5 91       	lpm	r26, Z+
    33aa:	b5 91       	lpm	r27, Z+

000033ac <.LBE679>:
    33ac:	b0 93 8b 01 	sts	0x018B, r27	; 0x80018b <display+0x30>
    33b0:	a0 93 8a 01 	sts	0x018A, r26	; 0x80018a <display+0x2f>

000033b4 <.LBB681>:
/home/bezdred/Arduino/libraries/Adafruit_SSD1306/Adafruit_SSD1306.cpp:545
    csPinMask = digitalPinToBitMask(csPin);
    33b4:	fc 01       	movw	r30, r24
    33b6:	e8 54       	subi	r30, 0x48	; 72
    33b8:	f9 4f       	sbci	r31, 0xF9	; 249

000033ba <.Loc.2312>:
    33ba:	e4 91       	lpm	r30, Z

000033bc <.LVL864>:
    33bc:	e0 93 8f 01 	sts	0x018F, r30	; 0x80018f <display+0x34>

000033c0 <.LBE681>:
/home/bezdred/Arduino/libraries/Adafruit_SSD1306/Adafruit_SSD1306.cpp:547
    SSD1306_DESELECT
    33c0:	8c 91       	ld	r24, X

000033c2 <.Loc.2315>:
    33c2:	e8 2b       	or	r30, r24

000033c4 <.Loc.2316>:
    33c4:	ec 93       	st	X, r30

000033c6 <.Loc.2317>:
/home/bezdred/Arduino/libraries/Adafruit_SSD1306/Adafruit_SSD1306.cpp:548
    if (spi) { // Hardware SPI
    33c6:	80 91 76 01 	lds	r24, 0x0176	; 0x800176 <display+0x1b>
    33ca:	90 91 77 01 	lds	r25, 0x0177	; 0x800177 <display+0x1c>
    33ce:	89 2b       	or	r24, r25
    33d0:	b1 f1       	breq	.+108    	; 0x343e <.L461>

000033d2 <.LBB683>:
SPIClass::begin():
/home/bezdred/.arduino15/packages/MiniCore/hardware/avr/3.1.3/libraries/SPI/src/SPI.cpp:28
uint8_t SPIClass::inTransactionFlag = 0;
#endif

void SPIClass::begin()
{
  uint8_t sreg = SREG;
    33d2:	1f b7       	in	r17, 0x3f	; 63

000033d4 <.LVL868>:
/home/bezdred/.arduino15/packages/MiniCore/hardware/avr/3.1.3/libraries/SPI/src/SPI.cpp:29
  noInterrupts(); // Protect from a scheduler and prevent transactionBegin
    33d4:	f8 94       	cli

000033d6 <.Loc.2322>:
/home/bezdred/.arduino15/packages/MiniCore/hardware/avr/3.1.3/libraries/SPI/src/SPI.cpp:30
  if (!initialized) {
    33d6:	80 91 5a 01 	lds	r24, 0x015A	; 0x80015a <SPIClass::initialized>
    33da:	81 11       	cpse	r24, r1
    33dc:	29 c0       	rjmp	.+82     	; 0x3430 <.L462>

000033de <.LBB686>:
/home/bezdred/.arduino15/packages/MiniCore/hardware/avr/3.1.3/libraries/SPI/src/SPI.cpp:32
    // Set SS to high so a connected chip will be "deselected" by default
    uint8_t port = digitalPinToPort(SS);
    33de:	e7 ea       	ldi	r30, 0xA7	; 167
    33e0:	f6 e0       	ldi	r31, 0x06	; 6

000033e2 <.LVL870>:
    33e2:	84 91       	lpm	r24, Z

000033e4 <.LBB688>:
/home/bezdred/.arduino15/packages/MiniCore/hardware/avr/3.1.3/libraries/SPI/src/SPI.cpp:33
    uint8_t bit = digitalPinToBitMask(SS);
    33e4:	e2 ec       	ldi	r30, 0xC2	; 194
    33e6:	f6 e0       	ldi	r31, 0x06	; 6

000033e8 <.LVL872>:
    33e8:	94 91       	lpm	r25, Z

000033ea <.LBB689>:
/home/bezdred/.arduino15/packages/MiniCore/hardware/avr/3.1.3/libraries/SPI/src/SPI.cpp:34
    volatile uint8_t *reg = portModeRegister(port);
    33ea:	e8 2f       	mov	r30, r24

000033ec <.Loc.2339>:
    33ec:	f0 e0       	ldi	r31, 0x00	; 0
    33ee:	ee 0f       	add	r30, r30
    33f0:	ff 1f       	adc	r31, r31
    33f2:	ef 56       	subi	r30, 0x6F	; 111
    33f4:	f9 4f       	sbci	r31, 0xF9	; 249

000033f6 <.LVL875>:
    33f6:	a5 91       	lpm	r26, Z+
    33f8:	b5 91       	lpm	r27, Z+

000033fa <.LBE689>:
/home/bezdred/.arduino15/packages/MiniCore/hardware/avr/3.1.3/libraries/SPI/src/SPI.cpp:38

    // if the SS pin is not already configured as an output
    // then set it high (to enable the internal pull-up resistor)
    if(!(*reg & bit)){
    33fa:	8c 91       	ld	r24, X

000033fc <.Loc.2346>:
    33fc:	e9 2f       	mov	r30, r25
    33fe:	e8 23       	and	r30, r24

00003400 <.Loc.2347>:
    3400:	e1 11       	cpse	r30, r1
    3402:	04 c0       	rjmp	.+8      	; 0x340c <.L463>

00003404 <.Loc.2348>:
/home/bezdred/.arduino15/packages/MiniCore/hardware/avr/3.1.3/libraries/SPI/src/SPI.cpp:39
      digitalWrite(SS, HIGH);
    3404:	61 e0       	ldi	r22, 0x01	; 1
    3406:	8a e0       	ldi	r24, 0x0A	; 10
    3408:	0e 94 7f 10 	call	0x20fe	; 0x20fe <digitalWrite>

0000340c <.L463>:
/home/bezdred/.arduino15/packages/MiniCore/hardware/avr/3.1.3/libraries/SPI/src/SPI.cpp:45
    }

    // When the SS pin is set as OUTPUT, it can be used as
    // a general purpose output port (it doesn't influence
    // SPI operations).
    pinMode(SS, OUTPUT);
    340c:	61 e0       	ldi	r22, 0x01	; 1
    340e:	8a e0       	ldi	r24, 0x0A	; 10
    3410:	0e 94 50 10 	call	0x20a0	; 0x20a0 <pinMode>

00003414 <.LVL879>:
/home/bezdred/.arduino15/packages/MiniCore/hardware/avr/3.1.3/libraries/SPI/src/SPI.cpp:50

    // Warning: if the SS pin ever becomes a LOW INPUT then SPI
    // automatically switches to Slave, so the data direction of
    // the SS pin MUST be kept as OUTPUT.
    SPCR |= _BV(MSTR);
    3414:	8c b5       	in	r24, 0x2c	; 44

00003416 <.Loc.2353>:
    3416:	80 61       	ori	r24, 0x10	; 16
    3418:	8c bd       	out	0x2c, r24	; 44

0000341a <.Loc.2354>:
/home/bezdred/.arduino15/packages/MiniCore/hardware/avr/3.1.3/libraries/SPI/src/SPI.cpp:51
    SPCR |= _BV(SPE);
    341a:	8c b5       	in	r24, 0x2c	; 44

0000341c <.Loc.2355>:
    341c:	80 64       	ori	r24, 0x40	; 64
    341e:	8c bd       	out	0x2c, r24	; 44

00003420 <.Loc.2356>:
/home/bezdred/.arduino15/packages/MiniCore/hardware/avr/3.1.3/libraries/SPI/src/SPI.cpp:59
    // MISO pin automatically overrides to INPUT.
    // By doing this AFTER enabling SPI, we avoid accidentally
    // clocking in a single bit since the lines go directly
    // from "input" to SPI control.
    // http://code.google.com/p/arduino/issues/detail?id=888
    pinMode(SCK, OUTPUT);
    3420:	61 e0       	ldi	r22, 0x01	; 1
    3422:	8d e0       	ldi	r24, 0x0D	; 13
    3424:	0e 94 50 10 	call	0x20a0	; 0x20a0 <pinMode>

00003428 <.LVL880>:
/home/bezdred/.arduino15/packages/MiniCore/hardware/avr/3.1.3/libraries/SPI/src/SPI.cpp:60
    pinMode(MOSI, OUTPUT);
    3428:	61 e0       	ldi	r22, 0x01	; 1
    342a:	8b e0       	ldi	r24, 0x0B	; 11
    342c:	0e 94 50 10 	call	0x20a0	; 0x20a0 <pinMode>

00003430 <.L462>:
/home/bezdred/.arduino15/packages/MiniCore/hardware/avr/3.1.3/libraries/SPI/src/SPI.cpp:62
  }
  initialized++; // reference count
    3430:	80 91 5a 01 	lds	r24, 0x015A	; 0x80015a <SPIClass::initialized>
    3434:	8f 5f       	subi	r24, 0xFF	; 255
    3436:	80 93 5a 01 	sts	0x015A, r24	; 0x80015a <SPIClass::initialized>

0000343a <.Loc.2363>:
/home/bezdred/.arduino15/packages/MiniCore/hardware/avr/3.1.3/libraries/SPI/src/SPI.cpp:63
  SREG = sreg;
    343a:	1f bf       	out	0x3f, r17	; 63

0000343c <.Loc.2365>:
/home/bezdred/.arduino15/packages/MiniCore/hardware/avr/3.1.3/libraries/SPI/src/SPI.cpp:64
}
    343c:	13 cf       	rjmp	.-474    	; 0x3264 <.L460>

0000343e <.L461>:
Adafruit_SSD1306::begin(unsigned char, unsigned char, bool, bool):
/home/bezdred/Arduino/libraries/Adafruit_SSD1306/Adafruit_SSD1306.cpp:553
      pinMode(mosiPin, OUTPUT); // MOSI and SCLK outputs
    343e:	61 e0       	ldi	r22, 0x01	; 1
    3440:	80 91 7f 01 	lds	r24, 0x017F	; 0x80017f <display+0x24>
    3444:	0e 94 50 10 	call	0x20a0	; 0x20a0 <pinMode>

00003448 <.LVL884>:
/home/bezdred/Arduino/libraries/Adafruit_SSD1306/Adafruit_SSD1306.cpp:554
      pinMode(clkPin, OUTPUT);
    3448:	61 e0       	ldi	r22, 0x01	; 1
    344a:	80 91 80 01 	lds	r24, 0x0180	; 0x800180 <display+0x25>
    344e:	0e 94 50 10 	call	0x20a0	; 0x20a0 <pinMode>

00003452 <.LBB691>:
/home/bezdred/Arduino/libraries/Adafruit_SSD1306/Adafruit_SSD1306.cpp:556
      mosiPort = (PortReg *)portOutputRegister(digitalPinToPort(mosiPin));
    3452:	80 91 7f 01 	lds	r24, 0x017F	; 0x80017f <display+0x24>
    3456:	08 2e       	mov	r0, r24
    3458:	00 0c       	add	r0, r0
    345a:	99 0b       	sbc	r25, r25

0000345c <.LVL886>:
    345c:	fc 01       	movw	r30, r24
    345e:	e3 56       	subi	r30, 0x63	; 99
    3460:	f9 4f       	sbci	r31, 0xF9	; 249

00003462 <.Loc.2371>:
    3462:	e4 91       	lpm	r30, Z

00003464 <.LBE692>:
    3464:	f0 e0       	ldi	r31, 0x00	; 0
    3466:	ee 0f       	add	r30, r30
    3468:	ff 1f       	adc	r31, r31

0000346a <.Loc.2373>:
    346a:	eb 57       	subi	r30, 0x7B	; 123
    346c:	f9 4f       	sbci	r31, 0xF9	; 249

0000346e <.LVL890>:
    346e:	25 91       	lpm	r18, Z+
    3470:	35 91       	lpm	r19, Z+

00003472 <.LBE691>:
    3472:	30 93 85 01 	sts	0x0185, r19	; 0x800185 <display+0x2a>
    3476:	20 93 84 01 	sts	0x0184, r18	; 0x800184 <display+0x29>

0000347a <.LBB693>:
/home/bezdred/Arduino/libraries/Adafruit_SSD1306/Adafruit_SSD1306.cpp:557
      mosiPinMask = digitalPinToBitMask(mosiPin);
    347a:	fc 01       	movw	r30, r24
    347c:	e8 54       	subi	r30, 0x48	; 72
    347e:	f9 4f       	sbci	r31, 0xF9	; 249

00003480 <.Loc.2378>:
    3480:	e4 91       	lpm	r30, Z

00003482 <.LVL894>:
    3482:	e0 93 8c 01 	sts	0x018C, r30	; 0x80018c <display+0x31>

00003486 <.LBB694>:
/home/bezdred/Arduino/libraries/Adafruit_SSD1306/Adafruit_SSD1306.cpp:558
      clkPort = (PortReg *)portOutputRegister(digitalPinToPort(clkPin));
    3486:	80 91 80 01 	lds	r24, 0x0180	; 0x800180 <display+0x25>

0000348a <.Loc.2381>:
    348a:	08 2e       	mov	r0, r24
    348c:	00 0c       	add	r0, r0
    348e:	99 0b       	sbc	r25, r25

00003490 <.LVL896>:
    3490:	fc 01       	movw	r30, r24

00003492 <.Loc.2383>:
    3492:	e3 56       	subi	r30, 0x63	; 99
    3494:	f9 4f       	sbci	r31, 0xF9	; 249

00003496 <.Loc.2384>:
    3496:	e4 91       	lpm	r30, Z

00003498 <.LBE695>:
    3498:	f0 e0       	ldi	r31, 0x00	; 0
    349a:	ee 0f       	add	r30, r30
    349c:	ff 1f       	adc	r31, r31

0000349e <.Loc.2386>:
    349e:	eb 57       	subi	r30, 0x7B	; 123
    34a0:	f9 4f       	sbci	r31, 0xF9	; 249

000034a2 <.LVL901>:
    34a2:	a5 91       	lpm	r26, Z+
    34a4:	b5 91       	lpm	r27, Z+

000034a6 <.LBE694>:
    34a6:	b0 93 87 01 	sts	0x0187, r27	; 0x800187 <display+0x2c>
    34aa:	a0 93 86 01 	sts	0x0186, r26	; 0x800186 <display+0x2b>

000034ae <.LBB696>:
/home/bezdred/Arduino/libraries/Adafruit_SSD1306/Adafruit_SSD1306.cpp:559
      clkPinMask = digitalPinToBitMask(clkPin);
    34ae:	fc 01       	movw	r30, r24
    34b0:	e8 54       	subi	r30, 0x48	; 72
    34b2:	f9 4f       	sbci	r31, 0xF9	; 249

000034b4 <.Loc.2391>:
    34b4:	e4 91       	lpm	r30, Z

000034b6 <.LVL905>:
    34b6:	e0 93 8d 01 	sts	0x018D, r30	; 0x80018d <display+0x32>

000034ba <.LBE696>:
/home/bezdred/Arduino/libraries/Adafruit_SSD1306/Adafruit_SSD1306.cpp:560
      *clkPort &= ~clkPinMask; // Clock low
    34ba:	8c 91       	ld	r24, X

000034bc <.Loc.2394>:
    34bc:	e0 95       	com	r30

000034be <.Loc.2395>:
    34be:	e8 23       	and	r30, r24
    34c0:	ec 93       	st	X, r30

000034c2 <.Loc.2396>:
    34c2:	d0 ce       	rjmp	.-608    	; 0x3264 <.L460>

000034c4 <.L465>:
/home/bezdred/Arduino/libraries/Adafruit_SSD1306/Adafruit_SSD1306.cpp:577 (discriminator 2)
  TRANSACTION_START
    34c4:	80 91 76 01 	lds	r24, 0x0176	; 0x800176 <display+0x1b>
    34c8:	90 91 77 01 	lds	r25, 0x0177	; 0x800177 <display+0x1c>
    34cc:	89 2b       	or	r24, r25
    34ce:	31 f0       	breq	.+12     	; 0x34dc <.L467>

000034d0 <.Loc.2399>:
/home/bezdred/Arduino/libraries/Adafruit_SSD1306/Adafruit_SSD1306.cpp:577 (discriminator 4)
    34d0:	80 91 99 01 	lds	r24, 0x0199	; 0x800199 <display+0x3e>
    34d4:	90 91 9a 01 	lds	r25, 0x019A	; 0x80019a <display+0x3f>
    34d8:	0e 94 96 0d 	call	0x1b2c	; 0x1b2c <SPIClass::beginTransaction(SPISettings)>

000034dc <.L467>:
/home/bezdred/Arduino/libraries/Adafruit_SSD1306/Adafruit_SSD1306.cpp:577 (discriminator 6)
    34dc:	e0 91 8a 01 	lds	r30, 0x018A	; 0x80018a <display+0x2f>
    34e0:	f0 91 8b 01 	lds	r31, 0x018B	; 0x80018b <display+0x30>
    34e4:	90 81       	ld	r25, Z
    34e6:	80 91 8f 01 	lds	r24, 0x018F	; 0x80018f <display+0x34>
    34ea:	80 95       	com	r24
    34ec:	89 23       	and	r24, r25
    34ee:	80 83       	st	Z, r24
    34f0:	ec ce       	rjmp	.-552    	; 0x32ca <.L466>

000034f2 <.L469>:
/home/bezdred/Arduino/libraries/Adafruit_SSD1306/Adafruit_SSD1306.cpp:610
  } else if ((WIDTH == 96) && (HEIGHT == 16)) {
    34f2:	80 36       	cpi	r24, 0x60	; 96
    34f4:	91 05       	cpc	r25, r1
    34f6:	09 f0       	breq	.+2      	; 0x34fa <.Loc.2402>

000034f8 <L0^A>:
    34f8:	4a c0       	rjmp	.+148    	; 0x358e <.L473>

000034fa <.Loc.2402>:
/home/bezdred/Arduino/libraries/Adafruit_SSD1306/Adafruit_SSD1306.cpp:610 (discriminator 1)
    34fa:	80 91 61 01 	lds	r24, 0x0161	; 0x800161 <display+0x6>
    34fe:	90 91 62 01 	lds	r25, 0x0162	; 0x800162 <display+0x7>
    3502:	40 97       	sbiw	r24, 0x10	; 16
    3504:	39 f4       	brne	.+14     	; 0x3514 <.L470>

00003506 <.Loc.2403>:
/home/bezdred/Arduino/libraries/Adafruit_SSD1306/Adafruit_SSD1306.cpp:612
    contrast = (vccstate == SSD1306_EXTERNALVCC) ? 0x10 : 0xAF;
    3506:	80 91 7d 01 	lds	r24, 0x017D	; 0x80017d <display+0x22>
    350a:	81 30       	cpi	r24, 0x01	; 1
    350c:	f1 f5       	brne	.+124    	; 0x358a <.L518>

0000350e <.Loc.2404>:
/home/bezdred/Arduino/libraries/Adafruit_SSD1306/Adafruit_SSD1306.cpp:612 (discriminator 1)
    350e:	80 e1       	ldi	r24, 0x10	; 16

00003510 <.L474>:
/home/bezdred/Arduino/libraries/Adafruit_SSD1306/Adafruit_SSD1306.cpp:612 (discriminator 4)
    3510:	80 93 98 01 	sts	0x0198, r24	; 0x800198 <display+0x3d>

00003514 <.L470>:
/home/bezdred/Arduino/libraries/Adafruit_SSD1306/Adafruit_SSD1306.cpp:605
    comPins = 0x02;
    3514:	12 e0       	ldi	r17, 0x02	; 2

00003516 <.L475>:
/home/bezdred/Arduino/libraries/Adafruit_SSD1306/Adafruit_SSD1306.cpp:620
  ssd1306_command1(SSD1306_SETCOMPINS);
    3516:	6a ed       	ldi	r22, 0xDA	; 218
    3518:	8b e5       	ldi	r24, 0x5B	; 91
    351a:	91 e0       	ldi	r25, 0x01	; 1
    351c:	0e 94 ab 11 	call	0x2356	; 0x2356 <Adafruit_SSD1306::ssd1306_command1(unsigned char)>

00003520 <.LVL913>:
/home/bezdred/Arduino/libraries/Adafruit_SSD1306/Adafruit_SSD1306.cpp:621
  ssd1306_command1(comPins);
    3520:	61 2f       	mov	r22, r17
    3522:	8b e5       	ldi	r24, 0x5B	; 91
    3524:	91 e0       	ldi	r25, 0x01	; 1
    3526:	0e 94 ab 11 	call	0x2356	; 0x2356 <Adafruit_SSD1306::ssd1306_command1(unsigned char)>

0000352a <.LVL914>:
/home/bezdred/Arduino/libraries/Adafruit_SSD1306/Adafruit_SSD1306.cpp:622
  ssd1306_command1(SSD1306_SETCONTRAST);
    352a:	61 e8       	ldi	r22, 0x81	; 129
    352c:	8b e5       	ldi	r24, 0x5B	; 91
    352e:	91 e0       	ldi	r25, 0x01	; 1
    3530:	0e 94 ab 11 	call	0x2356	; 0x2356 <Adafruit_SSD1306::ssd1306_command1(unsigned char)>

00003534 <.LVL915>:
/home/bezdred/Arduino/libraries/Adafruit_SSD1306/Adafruit_SSD1306.cpp:623
  ssd1306_command1(contrast);
    3534:	60 91 98 01 	lds	r22, 0x0198	; 0x800198 <display+0x3d>
    3538:	8b e5       	ldi	r24, 0x5B	; 91
    353a:	91 e0       	ldi	r25, 0x01	; 1
    353c:	0e 94 ab 11 	call	0x2356	; 0x2356 <Adafruit_SSD1306::ssd1306_command1(unsigned char)>

00003540 <.LVL916>:
/home/bezdred/Arduino/libraries/Adafruit_SSD1306/Adafruit_SSD1306.cpp:625
  ssd1306_command1(SSD1306_SETPRECHARGE); // 0xd9
    3540:	69 ed       	ldi	r22, 0xD9	; 217
    3542:	8b e5       	ldi	r24, 0x5B	; 91
    3544:	91 e0       	ldi	r25, 0x01	; 1
    3546:	0e 94 ab 11 	call	0x2356	; 0x2356 <Adafruit_SSD1306::ssd1306_command1(unsigned char)>

0000354a <.LVL917>:
/home/bezdred/Arduino/libraries/Adafruit_SSD1306/Adafruit_SSD1306.cpp:626
  ssd1306_command1((vccstate == SSD1306_EXTERNALVCC) ? 0x22 : 0xF1);
    354a:	80 91 7d 01 	lds	r24, 0x017D	; 0x80017d <display+0x22>

0000354e <.Loc.2413>:
/home/bezdred/Arduino/libraries/Adafruit_SSD1306/Adafruit_SSD1306.cpp:626 (discriminator 1)
    354e:	62 e2       	ldi	r22, 0x22	; 34

00003550 <.Loc.2414>:
/home/bezdred/Arduino/libraries/Adafruit_SSD1306/Adafruit_SSD1306.cpp:626
    3550:	81 30       	cpi	r24, 0x01	; 1
    3552:	09 f0       	breq	.+2      	; 0x3556 <.L477>

00003554 <.Loc.2415>:
/home/bezdred/Arduino/libraries/Adafruit_SSD1306/Adafruit_SSD1306.cpp:626 (discriminator 2)
    3554:	61 ef       	ldi	r22, 0xF1	; 241

00003556 <.L477>:
/home/bezdred/Arduino/libraries/Adafruit_SSD1306/Adafruit_SSD1306.cpp:626 (discriminator 4)
    3556:	8b e5       	ldi	r24, 0x5B	; 91
    3558:	91 e0       	ldi	r25, 0x01	; 1
    355a:	0e 94 ab 11 	call	0x2356	; 0x2356 <Adafruit_SSD1306::ssd1306_command1(unsigned char)>

0000355e <.LVL918>:
/home/bezdred/Arduino/libraries/Adafruit_SSD1306/Adafruit_SSD1306.cpp:634
  ssd1306_commandList(init5, sizeof(init5));
    355e:	66 e0       	ldi	r22, 0x06	; 6
    3560:	84 eb       	ldi	r24, 0xB4	; 180
    3562:	90 e0       	ldi	r25, 0x00	; 0
    3564:	0e 94 4e 12 	call	0x249c	; 0x249c <Adafruit_SSD1306::ssd1306_commandList(unsigned char const*, unsigned char) [clone .constprop.0]>

00003568 <.LVL919>:
/home/bezdred/Arduino/libraries/Adafruit_SSD1306/Adafruit_SSD1306.cpp:636
  TRANSACTION_END
    3568:	80 91 78 01 	lds	r24, 0x0178	; 0x800178 <display+0x1d>
    356c:	90 91 79 01 	lds	r25, 0x0179	; 0x800179 <display+0x1e>
    3570:	00 97       	sbiw	r24, 0x00	; 0
    3572:	01 f1       	breq	.+64     	; 0x35b4 <.L478>

00003574 <.Loc.2419>:
/home/bezdred/Arduino/libraries/Adafruit_SSD1306/Adafruit_SSD1306.cpp:636 (discriminator 1)
    3574:	40 91 94 01 	lds	r20, 0x0194	; 0x800194 <display+0x39>
    3578:	50 91 95 01 	lds	r21, 0x0195	; 0x800195 <display+0x3a>
    357c:	60 91 96 01 	lds	r22, 0x0196	; 0x800196 <display+0x3b>
    3580:	70 91 97 01 	lds	r23, 0x0197	; 0x800197 <display+0x3c>
    3584:	0e 94 57 06 	call	0xcae	; 0xcae <TwoWire::setClock(unsigned long)>

00003588 <.LVL920>:
    3588:	72 cb       	rjmp	.-2332   	; 0x2c6e <.L452>

0000358a <.L518>:
/home/bezdred/Arduino/libraries/Adafruit_SSD1306/Adafruit_SSD1306.cpp:612 (discriminator 2)
    contrast = (vccstate == SSD1306_EXTERNALVCC) ? 0x10 : 0xAF;
    358a:	8f ea       	ldi	r24, 0xAF	; 175
    358c:	c1 cf       	rjmp	.-126    	; 0x3510 <.L474>

0000358e <.L473>:
/home/bezdred/Arduino/libraries/Adafruit_SSD1306/Adafruit_SSD1306.cpp:613
  } else if ((WIDTH == 64) && (HEIGHT == 32)) {
    358e:	80 34       	cpi	r24, 0x40	; 64
    3590:	91 05       	cpc	r25, r1
    3592:	09 f0       	breq	.+2      	; 0x3596 <.Loc.2422>

00003594 <L0^A>:
    3594:	bf cf       	rjmp	.-130    	; 0x3514 <.L470>

00003596 <.Loc.2422>:
/home/bezdred/Arduino/libraries/Adafruit_SSD1306/Adafruit_SSD1306.cpp:613 (discriminator 1)
    3596:	80 91 61 01 	lds	r24, 0x0161	; 0x800161 <display+0x6>
    359a:	90 91 62 01 	lds	r25, 0x0162	; 0x800162 <display+0x7>
    359e:	80 97       	sbiw	r24, 0x20	; 32
    35a0:	09 f0       	breq	.+2      	; 0x35a4 <.Loc.2423>

000035a2 <L0^A>:
    35a2:	b8 cf       	rjmp	.-144    	; 0x3514 <.L470>

000035a4 <.Loc.2423>:
/home/bezdred/Arduino/libraries/Adafruit_SSD1306/Adafruit_SSD1306.cpp:615
    contrast = (vccstate == SSD1306_EXTERNALVCC) ? 0x10 : 0xCF;
    35a4:	80 91 7d 01 	lds	r24, 0x017D	; 0x80017d <display+0x22>
    35a8:	81 30       	cpi	r24, 0x01	; 1
    35aa:	11 f4       	brne	.+4      	; 0x35b0 <.L519>

000035ac <.Loc.2424>:
/home/bezdred/Arduino/libraries/Adafruit_SSD1306/Adafruit_SSD1306.cpp:615 (discriminator 1)
    35ac:	80 e1       	ldi	r24, 0x10	; 16
    35ae:	c6 ce       	rjmp	.-628    	; 0x333c <.L472>

000035b0 <.L519>:
/home/bezdred/Arduino/libraries/Adafruit_SSD1306/Adafruit_SSD1306.cpp:615 (discriminator 2)
    35b0:	8f ec       	ldi	r24, 0xCF	; 207
    35b2:	c4 ce       	rjmp	.-632    	; 0x333c <.L472>

000035b4 <.L478>:
/home/bezdred/Arduino/libraries/Adafruit_SSD1306/Adafruit_SSD1306.cpp:636 (discriminator 2)
  TRANSACTION_END
    35b4:	e0 91 8a 01 	lds	r30, 0x018A	; 0x80018a <display+0x2f>
    35b8:	f0 91 8b 01 	lds	r31, 0x018B	; 0x80018b <display+0x30>
    35bc:	80 81       	ld	r24, Z
    35be:	90 91 8f 01 	lds	r25, 0x018F	; 0x80018f <display+0x34>
    35c2:	89 2b       	or	r24, r25
    35c4:	80 83       	st	Z, r24
    35c6:	53 cb       	rjmp	.-2394   	; 0x2c6e <.L452>

000035c8 <.L495>:
Adafruit_SSD1306::display():
/home/bezdred/Arduino/libraries/Adafruit_SSD1306/Adafruit_SSD1306.cpp:1011 (discriminator 2)
  TRANSACTION_START
    35c8:	80 91 76 01 	lds	r24, 0x0176	; 0x800176 <display+0x1b>
    35cc:	90 91 77 01 	lds	r25, 0x0177	; 0x800177 <display+0x1c>
    35d0:	89 2b       	or	r24, r25
    35d2:	31 f0       	breq	.+12     	; 0x35e0 <.L497>

000035d4 <.Loc.2429>:
/home/bezdred/Arduino/libraries/Adafruit_SSD1306/Adafruit_SSD1306.cpp:1011 (discriminator 4)
    35d4:	80 91 99 01 	lds	r24, 0x0199	; 0x800199 <display+0x3e>
    35d8:	90 91 9a 01 	lds	r25, 0x019A	; 0x80019a <display+0x3f>
    35dc:	0e 94 96 0d 	call	0x1b2c	; 0x1b2c <SPIClass::beginTransaction(SPISettings)>

000035e0 <.L497>:
/home/bezdred/Arduino/libraries/Adafruit_SSD1306/Adafruit_SSD1306.cpp:1011 (discriminator 6)
    35e0:	e0 91 8a 01 	lds	r30, 0x018A	; 0x80018a <display+0x2f>
    35e4:	f0 91 8b 01 	lds	r31, 0x018B	; 0x80018b <display+0x30>
    35e8:	90 81       	ld	r25, Z
    35ea:	80 91 8f 01 	lds	r24, 0x018F	; 0x80018f <display+0x34>
    35ee:	80 95       	com	r24
    35f0:	89 23       	and	r24, r25
    35f2:	80 83       	st	Z, r24
    35f4:	85 cd       	rjmp	.-1270   	; 0x3100 <.L496>

000035f6 <.L498>:
/home/bezdred/Arduino/libraries/Adafruit_SSD1306/Adafruit_SSD1306.cpp:1023
    ssd1306_command1(0);           // Column start
    35f6:	60 e0       	ldi	r22, 0x00	; 0
    35f8:	8b e5       	ldi	r24, 0x5B	; 91
    35fa:	91 e0       	ldi	r25, 0x01	; 1
    35fc:	0e 94 ab 11 	call	0x2356	; 0x2356 <Adafruit_SSD1306::ssd1306_command1(unsigned char)>

00003600 <.LVL926>:
/home/bezdred/Arduino/libraries/Adafruit_SSD1306/Adafruit_SSD1306.cpp:1024
    ssd1306_command1((WIDTH - 1)); // Column end address
    3600:	60 91 5f 01 	lds	r22, 0x015F	; 0x80015f <display+0x4>
    3604:	61 50       	subi	r22, 0x01	; 1
    3606:	91 cd       	rjmp	.-1246   	; 0x312a <.L547>

00003608 <.L504>:
/home/bezdred/Arduino/libraries/Adafruit_SSD1306/Adafruit_SSD1306.cpp:1043
      if (bytesOut >= WIRE_MAX) {
    3608:	a0 e2       	ldi	r26, 0x20	; 32
    360a:	ca 16       	cp	r12, r26
    360c:	d1 04       	cpc	r13, r1
    360e:	01 f5       	brne	.+64     	; 0x3650 <.L503>

00003610 <.Loc.2434>:
/home/bezdred/Arduino/libraries/Adafruit_SSD1306/Adafruit_SSD1306.cpp:1044
        wire->endTransmission();
    3610:	0e 94 97 11 	call	0x232e	; 0x232e <TwoWire::endTransmission() [clone .isra.0]>

00003614 <.LVL928>:
/home/bezdred/Arduino/libraries/Adafruit_SSD1306/Adafruit_SSD1306.cpp:1045
        wire->beginTransmission(i2caddr);
    3614:	a0 91 78 01 	lds	r26, 0x0178	; 0x800178 <display+0x1d>
    3618:	b0 91 79 01 	lds	r27, 0x0179	; 0x800179 <display+0x1e>

0000361c <.LBI763>:
TwoWire::beginTransmission(int):
/home/bezdred/.arduino15/packages/MiniCore/hardware/avr/3.1.3/libraries/Wire/src/Wire.cpp:592
  beginTransmission((uint8_t)address);
    361c:	80 91 7c 01 	lds	r24, 0x017C	; 0x80017c <display+0x21>

00003620 <.LBI765>:
TwoWire::beginTransmission(unsigned char):
/home/bezdred/.arduino15/packages/MiniCore/hardware/avr/3.1.3/libraries/Wire/src/Wire.cpp:582
  transmitting = 1;
    3620:	57 96       	adiw	r26, 0x17	; 23
    3622:	7c 92       	st	X, r7
    3624:	57 97       	sbiw	r26, 0x17	; 23

00003626 <.Loc.2442>:
/home/bezdred/.arduino15/packages/MiniCore/hardware/avr/3.1.3/libraries/Wire/src/Wire.cpp:584
  txAddress = address;
    3626:	52 96       	adiw	r26, 0x12	; 18
    3628:	8c 93       	st	X, r24
    362a:	52 97       	sbiw	r26, 0x12	; 18

0000362c <.Loc.2444>:
/home/bezdred/.arduino15/packages/MiniCore/hardware/avr/3.1.3/libraries/Wire/src/Wire.cpp:586
  txBufferIndex = 0;
    362c:	55 96       	adiw	r26, 0x15	; 21
    362e:	1c 92       	st	X, r1
    3630:	55 97       	sbiw	r26, 0x15	; 21

00003632 <.Loc.2446>:
/home/bezdred/.arduino15/packages/MiniCore/hardware/avr/3.1.3/libraries/Wire/src/Wire.cpp:587
  txBufferLength = 0;
    3632:	56 96       	adiw	r26, 0x16	; 22
    3634:	1c 92       	st	X, r1
    3636:	56 97       	sbiw	r26, 0x16	; 22

00003638 <.Loc.2448>:
Adafruit_SSD1306::display():
/home/bezdred/Arduino/libraries/Adafruit_SSD1306/Adafruit_SSD1306.cpp:1046
        WIRE_WRITE((uint8_t)0x40);
    3638:	ed 91       	ld	r30, X+
    363a:	fc 91       	ld	r31, X
    363c:	11 97       	sbiw	r26, 0x01	; 1
    363e:	01 90       	ld	r0, Z+
    3640:	f0 81       	ld	r31, Z
    3642:	e0 2d       	mov	r30, r0
    3644:	60 e4       	ldi	r22, 0x40	; 64
    3646:	cd 01       	movw	r24, r26
    3648:	09 95       	icall

0000364a <.LVL933>:
/home/bezdred/Arduino/libraries/Adafruit_SSD1306/Adafruit_SSD1306.cpp:1047
        bytesOut = 1;
    364a:	cc 24       	eor	r12, r12
    364c:	c3 94       	inc	r12
    364e:	d1 2c       	mov	r13, r1

00003650 <.L503>:
/home/bezdred/Arduino/libraries/Adafruit_SSD1306/Adafruit_SSD1306.cpp:1049
      WIRE_WRITE(*ptr++);
    3650:	80 91 78 01 	lds	r24, 0x0178	; 0x800178 <display+0x1d>
    3654:	90 91 79 01 	lds	r25, 0x0179	; 0x800179 <display+0x1e>

00003658 <.Loc.2452>:
    3658:	dc 01       	movw	r26, r24
    365a:	ed 91       	ld	r30, X+
    365c:	fc 91       	ld	r31, X
    365e:	01 90       	ld	r0, Z+
    3660:	f0 81       	ld	r31, Z
    3662:	e0 2d       	mov	r30, r0
    3664:	d8 01       	movw	r26, r16
    3666:	6d 91       	ld	r22, X+

00003668 <.Loc.2453>:
    3668:	8d 01       	movw	r16, r26
    366a:	09 95       	icall

0000366c <.Loc.2454>:
/home/bezdred/Arduino/libraries/Adafruit_SSD1306/Adafruit_SSD1306.cpp:1050
      bytesOut++;
    366c:	bf ef       	ldi	r27, 0xFF	; 255
    366e:	cb 1a       	sub	r12, r27
    3670:	db 0a       	sbc	r13, r27

00003672 <.Loc.2455>:
    3672:	a1 cd       	rjmp	.-1214   	; 0x31b6 <.L502>

00003674 <.L501>:
/home/bezdred/Arduino/libraries/Adafruit_SSD1306/Adafruit_SSD1306.cpp:1054
    SSD1306_MODE_DATA
    3674:	e0 91 88 01 	lds	r30, 0x0188	; 0x800188 <display+0x2d>
    3678:	f0 91 89 01 	lds	r31, 0x0189	; 0x800189 <display+0x2e>
    367c:	80 81       	ld	r24, Z

0000367e <.Loc.2458>:
    367e:	90 91 8e 01 	lds	r25, 0x018E	; 0x80018e <display+0x33>
    3682:	89 2b       	or	r24, r25
    3684:	80 83       	st	Z, r24

00003686 <.L506>:
/home/bezdred/Arduino/libraries/Adafruit_SSD1306/Adafruit_SSD1306.cpp:1055
    while (count--)
    3686:	0e 15       	cp	r16, r14
    3688:	1f 05       	cpc	r17, r15
    368a:	09 f4       	brne	.+2      	; 0x368e <.Loc.2460>

0000368c <L0^A>:
    368c:	9e cd       	rjmp	.-1220   	; 0x31ca <.L505>

0000368e <.Loc.2460>:
/home/bezdred/Arduino/libraries/Adafruit_SSD1306/Adafruit_SSD1306.cpp:1056
      SPIwrite(*ptr++);
    368e:	f8 01       	movw	r30, r16
    3690:	81 91       	ld	r24, Z+

00003692 <.Loc.2461>:
    3692:	8f 01       	movw	r16, r30

00003694 <.LBB772>:
Adafruit_SSD1306::SPIwrite(unsigned char):
/home/bezdred/Arduino/libraries/Adafruit_SSD1306/Adafruit_SSD1306.cpp:364
  if (spi) {
    3694:	20 91 76 01 	lds	r18, 0x0176	; 0x800176 <display+0x1b>
    3698:	30 91 77 01 	lds	r19, 0x0177	; 0x800177 <display+0x1c>
    369c:	23 2b       	or	r18, r19
    369e:	19 f0       	breq	.+6      	; 0x36a6 <.L524>

000036a0 <.Loc.2463>:
/home/bezdred/Arduino/libraries/Adafruit_SSD1306/Adafruit_SSD1306.cpp:365
    (void)spi->transfer(d);
    36a0:	0e 94 90 11 	call	0x2320	; 0x2320 <SPIClass::transfer(unsigned char) [clone .isra.0]>

000036a4 <.LVL945>:
    36a4:	f0 cf       	rjmp	.-32     	; 0x3686 <.L506>

000036a6 <.L524>:
    36a6:	28 e0       	ldi	r18, 0x08	; 8
    36a8:	30 e0       	ldi	r19, 0x00	; 0

000036aa <.LBB774>:
/home/bezdred/Arduino/libraries/Adafruit_SSD1306/Adafruit_SSD1306.cpp:367
    for (uint8_t bit = 0x80; bit; bit >>= 1) {
    36aa:	40 e8       	ldi	r20, 0x80	; 128

000036ac <.L507>:
/home/bezdred/Arduino/libraries/Adafruit_SSD1306/Adafruit_SSD1306.cpp:370
        *mosiPort |= mosiPinMask;
    36ac:	e0 91 84 01 	lds	r30, 0x0184	; 0x800184 <display+0x29>
    36b0:	f0 91 85 01 	lds	r31, 0x0185	; 0x800185 <display+0x2a>

000036b4 <.Loc.2468>:
    36b4:	90 91 8c 01 	lds	r25, 0x018C	; 0x80018c <display+0x31>

000036b8 <.Loc.2469>:
/home/bezdred/Arduino/libraries/Adafruit_SSD1306/Adafruit_SSD1306.cpp:369
      if (d & bit)
    36b8:	58 2f       	mov	r21, r24
    36ba:	54 23       	and	r21, r20

000036bc <.Loc.2470>:
    36bc:	51 15       	cp	r21, r1
    36be:	d9 f0       	breq	.+54     	; 0x36f6 <.L509>

000036c0 <.Loc.2471>:
/home/bezdred/Arduino/libraries/Adafruit_SSD1306/Adafruit_SSD1306.cpp:370
        *mosiPort |= mosiPinMask;
    36c0:	50 81       	ld	r21, Z

000036c2 <.Loc.2472>:
    36c2:	95 2b       	or	r25, r21

000036c4 <.L548>:
/home/bezdred/Arduino/libraries/Adafruit_SSD1306/Adafruit_SSD1306.cpp:372
        *mosiPort &= ~mosiPinMask;
    36c4:	90 83       	st	Z, r25

000036c6 <.Loc.2474>:
/home/bezdred/Arduino/libraries/Adafruit_SSD1306/Adafruit_SSD1306.cpp:373
      *clkPort |= clkPinMask;  // Clock high
    36c6:	e0 91 86 01 	lds	r30, 0x0186	; 0x800186 <display+0x2b>
    36ca:	f0 91 87 01 	lds	r31, 0x0187	; 0x800187 <display+0x2c>

000036ce <.Loc.2475>:
    36ce:	90 81       	ld	r25, Z

000036d0 <.Loc.2476>:
    36d0:	50 91 8d 01 	lds	r21, 0x018D	; 0x80018d <display+0x32>
    36d4:	95 2b       	or	r25, r21
    36d6:	90 83       	st	Z, r25

000036d8 <.Loc.2477>:
/home/bezdred/Arduino/libraries/Adafruit_SSD1306/Adafruit_SSD1306.cpp:374
      *clkPort &= ~clkPinMask; // Clock low
    36d8:	e0 91 86 01 	lds	r30, 0x0186	; 0x800186 <display+0x2b>
    36dc:	f0 91 87 01 	lds	r31, 0x0187	; 0x800187 <display+0x2c>

000036e0 <.Loc.2478>:
    36e0:	50 81       	ld	r21, Z

000036e2 <.Loc.2479>:
    36e2:	90 91 8d 01 	lds	r25, 0x018D	; 0x80018d <display+0x32>
    36e6:	90 95       	com	r25
    36e8:	95 23       	and	r25, r21
    36ea:	90 83       	st	Z, r25

000036ec <.Loc.2480>:
/home/bezdred/Arduino/libraries/Adafruit_SSD1306/Adafruit_SSD1306.cpp:367 (discriminator 2)
    for (uint8_t bit = 0x80; bit; bit >>= 1) {
    36ec:	46 95       	lsr	r20

000036ee <.Loc.2481>:
/home/bezdred/Arduino/libraries/Adafruit_SSD1306/Adafruit_SSD1306.cpp:367 (discriminator 1)
    36ee:	21 50       	subi	r18, 0x01	; 1
    36f0:	30 40       	sbci	r19, 0x00	; 0
    36f2:	e1 f6       	brne	.-72     	; 0x36ac <.L507>
    36f4:	c8 cf       	rjmp	.-112    	; 0x3686 <.L506>

000036f6 <.L509>:
/home/bezdred/Arduino/libraries/Adafruit_SSD1306/Adafruit_SSD1306.cpp:372
        *mosiPort &= ~mosiPinMask;
    36f6:	50 81       	ld	r21, Z

000036f8 <.Loc.2483>:
    36f8:	90 95       	com	r25
    36fa:	95 23       	and	r25, r21
    36fc:	e3 cf       	rjmp	.-58     	; 0x36c4 <.L548>

000036fe <.L512>:
Adafruit_SSD1306::display():
/home/bezdred/Arduino/libraries/Adafruit_SSD1306/Adafruit_SSD1306.cpp:1058 (discriminator 2)
  TRANSACTION_END
    36fe:	e0 91 8a 01 	lds	r30, 0x018A	; 0x80018a <display+0x2f>
    3702:	f0 91 8b 01 	lds	r31, 0x018B	; 0x80018b <display+0x30>
    3706:	80 81       	ld	r24, Z
    3708:	90 91 8f 01 	lds	r25, 0x018F	; 0x80018f <display+0x34>
    370c:	89 2b       	or	r24, r25
    370e:	80 83       	st	Z, r24
    3710:	6d cd       	rjmp	.-1318   	; 0x31ec <.L513>

00003712 <_sub_I_65535_0.0>:
_sub_I_65535_0.0():
/home/bezdred/Arduino/libraries/Adafruit_SSD1306/Adafruit_SSD1306.cpp:1058 (discriminator 2)
    3712:	cf 93       	push	r28
    3714:	df 93       	push	r29
    3716:	ca e0       	ldi	r28, 0x0A	; 10
    3718:	d2 e0       	ldi	r29, 0x02	; 2
    371a:	1b 82       	std	Y+3, r1	; 0x03
    371c:	1a 82       	std	Y+2, r1	; 0x02
    371e:	88 ee       	ldi	r24, 0xE8	; 232
    3720:	93 e0       	ldi	r25, 0x03	; 3
    3722:	a0 e0       	ldi	r26, 0x00	; 0
    3724:	b0 e0       	ldi	r27, 0x00	; 0
    3726:	8c 83       	std	Y+4, r24	; 0x04
    3728:	9d 83       	std	Y+5, r25	; 0x05
    372a:	ae 83       	std	Y+6, r26	; 0x06
    372c:	bf 83       	std	Y+7, r27	; 0x07
    372e:	8e e0       	ldi	r24, 0x0E	; 14
    3730:	91 e0       	ldi	r25, 0x01	; 1
    3732:	99 83       	std	Y+1, r25	; 0x01
    3734:	88 83       	st	Y, r24
    3736:	80 e2       	ldi	r24, 0x20	; 32
    3738:	90 e0       	ldi	r25, 0x00	; 0
    373a:	9d 87       	std	Y+13, r25	; 0x0d
    373c:	8c 87       	std	Y+12, r24	; 0x0c
    373e:	0e 94 4b 1e 	call	0x3c96	; 0x3c96 <malloc>
    3742:	9f 87       	std	Y+15, r25	; 0x0f
    3744:	8e 87       	std	Y+14, r24	; 0x0e
    3746:	18 8a       	std	Y+16, r1	; 0x10
    3748:	19 8a       	std	Y+17, r1	; 0x11
    374a:	1a 8a       	std	Y+18, r1	; 0x12
    374c:	80 e2       	ldi	r24, 0x20	; 32
    374e:	90 e0       	ldi	r25, 0x00	; 0
    3750:	0e 94 4b 1e 	call	0x3c96	; 0x3c96 <malloc>
    3754:	9c 8b       	std	Y+20, r25	; 0x14
    3756:	8b 8b       	std	Y+19, r24	; 0x13
    3758:	1d 8a       	std	Y+21, r1	; 0x15
    375a:	1e 8a       	std	Y+22, r1	; 0x16
    375c:	1f 8a       	std	Y+23, r1	; 0x17
    375e:	8c ed       	ldi	r24, 0xDC	; 220
    3760:	90 e1       	ldi	r25, 0x10	; 16
    3762:	9d 8f       	std	Y+29, r25	; 0x1d
    3764:	8c 8f       	std	Y+28, r24	; 0x1c
    3766:	8a ef       	ldi	r24, 0xFA	; 250
    3768:	90 e1       	ldi	r25, 0x10	; 16
    376a:	9f 8f       	std	Y+31, r25	; 0x1f
    376c:	8e 8f       	std	Y+30, r24	; 0x1e
    376e:	8c e1       	ldi	r24, 0x1C	; 28
    3770:	97 e0       	ldi	r25, 0x07	; 7
    3772:	99 a3       	std	Y+33, r25	; 0x21
    3774:	88 a3       	std	Y+32, r24	; 0x20
    3776:	80 e2       	ldi	r24, 0x20	; 32
    3778:	97 e0       	ldi	r25, 0x07	; 7
    377a:	9b a3       	std	Y+35, r25	; 0x23
    377c:	8a a3       	std	Y+34, r24	; 0x22
    377e:	83 e3       	ldi	r24, 0x33	; 51
    3780:	97 e0       	ldi	r25, 0x07	; 7
    3782:	9d a3       	std	Y+37, r25	; 0x25
    3784:	8c a3       	std	Y+36, r24	; 0x24
    3786:	84 e7       	ldi	r24, 0x74	; 116
    3788:	97 e0       	ldi	r25, 0x07	; 7
    378a:	9f a3       	std	Y+39, r25	; 0x27
    378c:	8e a3       	std	Y+38, r24	; 0x26
    378e:	82 ec       	ldi	r24, 0xC2	; 194
    3790:	97 e0       	ldi	r25, 0x07	; 7
    3792:	99 a7       	std	Y+41, r25	; 0x29
    3794:	88 a7       	std	Y+40, r24	; 0x28
    3796:	89 ee       	ldi	r24, 0xE9	; 233
    3798:	97 e0       	ldi	r25, 0x07	; 7
    379a:	9b a7       	std	Y+43, r25	; 0x2b
    379c:	8a a7       	std	Y+42, r24	; 0x2a
    379e:	81 ef       	ldi	r24, 0xF1	; 241
    37a0:	97 e0       	ldi	r25, 0x07	; 7
    37a2:	9d a7       	std	Y+45, r25	; 0x2d
    37a4:	8c a7       	std	Y+44, r24	; 0x2c
    37a6:	8b ef       	ldi	r24, 0xFB	; 251
    37a8:	97 e0       	ldi	r25, 0x07	; 7
    37aa:	9f a7       	std	Y+47, r25	; 0x2f
    37ac:	8e a7       	std	Y+46, r24	; 0x2e
    37ae:	85 ee       	ldi	r24, 0xE5	; 229
    37b0:	96 e0       	ldi	r25, 0x06	; 6
    37b2:	90 93 be 01 	sts	0x01BE, r25	; 0x8001be <twi_onSlaveReceive+0x1>
    37b6:	80 93 bd 01 	sts	0x01BD, r24	; 0x8001bd <twi_onSlaveReceive>
    37ba:	80 e1       	ldi	r24, 0x10	; 16
    37bc:	97 e0       	ldi	r25, 0x07	; 7
    37be:	90 93 bb 01 	sts	0x01BB, r25	; 0x8001bb <twi_onSlaveTransmit+0x1>
    37c2:	80 93 ba 01 	sts	0x01BA, r24	; 0x8001ba <twi_onSlaveTransmit>
    37c6:	eb e5       	ldi	r30, 0x5B	; 91
    37c8:	f1 e0       	ldi	r31, 0x01	; 1
    37ca:	13 82       	std	Z+3, r1	; 0x03
    37cc:	12 82       	std	Z+2, r1	; 0x02
    37ce:	20 e8       	ldi	r18, 0x80	; 128
    37d0:	30 e0       	ldi	r19, 0x00	; 0
    37d2:	35 83       	std	Z+5, r19	; 0x05
    37d4:	24 83       	std	Z+4, r18	; 0x04
    37d6:	80 e4       	ldi	r24, 0x40	; 64
    37d8:	90 e0       	ldi	r25, 0x00	; 0
    37da:	97 83       	std	Z+7, r25	; 0x07
    37dc:	86 83       	std	Z+6, r24	; 0x06
    37de:	31 87       	std	Z+9, r19	; 0x09
    37e0:	20 87       	std	Z+8, r18	; 0x08
    37e2:	93 87       	std	Z+11, r25	; 0x0b
    37e4:	82 87       	std	Z+10, r24	; 0x0a
    37e6:	16 8a       	std	Z+22, r1	; 0x16
    37e8:	15 86       	std	Z+13, r1	; 0x0d
    37ea:	14 86       	std	Z+12, r1	; 0x0c
    37ec:	17 86       	std	Z+15, r1	; 0x0f
    37ee:	16 86       	std	Z+14, r1	; 0x0e
    37f0:	81 e0       	ldi	r24, 0x01	; 1
    37f2:	85 8b       	std	Z+21, r24	; 0x15
    37f4:	84 8b       	std	Z+20, r24	; 0x14
    37f6:	2f ef       	ldi	r18, 0xFF	; 255
    37f8:	3f ef       	ldi	r19, 0xFF	; 255
    37fa:	33 8b       	std	Z+19, r19	; 0x13
    37fc:	22 8b       	std	Z+18, r18	; 0x12
    37fe:	31 8b       	std	Z+17, r19	; 0x11
    3800:	20 8b       	std	Z+16, r18	; 0x10
    3802:	87 8b       	std	Z+23, r24	; 0x17
    3804:	10 8e       	std	Z+24, r1	; 0x18
    3806:	12 8e       	std	Z+26, r1	; 0x1a
    3808:	11 8e       	std	Z+25, r1	; 0x19
    380a:	80 e2       	ldi	r24, 0x20	; 32
    380c:	91 e0       	ldi	r25, 0x01	; 1
    380e:	91 83       	std	Z+1, r25	; 0x01
    3810:	80 83       	st	Z, r24
    3812:	14 8e       	std	Z+28, r1	; 0x1c
    3814:	13 8e       	std	Z+27, r1	; 0x1b
    3816:	d6 8f       	std	Z+30, r29	; 0x1e
    3818:	c5 8f       	std	Z+29, r28	; 0x1d
    381a:	10 a2       	std	Z+32, r1	; 0x20
    381c:	17 8e       	std	Z+31, r1	; 0x1f
    381e:	8f ef       	ldi	r24, 0xFF	; 255
    3820:	84 a3       	std	Z+36, r24	; 0x24
    3822:	85 a3       	std	Z+37, r24	; 0x25
    3824:	86 a3       	std	Z+38, r24	; 0x26
    3826:	87 a3       	std	Z+39, r24	; 0x27
    3828:	80 a7       	std	Z+40, r24	; 0x28
    382a:	80 e8       	ldi	r24, 0x80	; 128
    382c:	9a e1       	ldi	r25, 0x1A	; 26
    382e:	a6 e0       	ldi	r26, 0x06	; 6
    3830:	b0 e0       	ldi	r27, 0x00	; 0
    3832:	85 ab       	std	Z+53, r24	; 0x35
    3834:	96 ab       	std	Z+54, r25	; 0x36
    3836:	a7 ab       	std	Z+55, r26	; 0x37
    3838:	b0 af       	std	Z+56, r27	; 0x38
    383a:	80 ea       	ldi	r24, 0xA0	; 160
    383c:	96 e8       	ldi	r25, 0x86	; 134
    383e:	a1 e0       	ldi	r26, 0x01	; 1
    3840:	b0 e0       	ldi	r27, 0x00	; 0
    3842:	81 af       	std	Z+57, r24	; 0x39
    3844:	92 af       	std	Z+58, r25	; 0x3a
    3846:	a3 af       	std	Z+59, r26	; 0x3b
    3848:	b4 af       	std	Z+60, r27	; 0x3c
    384a:	80 e5       	ldi	r24, 0x50	; 80
    384c:	86 af       	std	Z+62, r24	; 0x3e
    384e:	17 ae       	std	Z+63, r1	; 0x3f
    3850:	df 91       	pop	r29
    3852:	cf 91       	pop	r28
    3854:	08 95       	ret

00003856 <_sub_D_65535_1.1>:
_sub_D_65535_1.1():
    3856:	80 91 7a 01 	lds	r24, 0x017A	; 0x80017a <display+0x1f>
    385a:	90 91 7b 01 	lds	r25, 0x017B	; 0x80017b <display+0x20>
    385e:	00 97       	sbiw	r24, 0x00	; 0
    3860:	11 f0       	breq	.+4      	; 0x3866 <.L551>
    3862:	0e 94 e1 1e 	call	0x3dc2	; 0x3dc2 <free>

00003866 <.L551>:
.L551():
    3866:	80 91 18 02 	lds	r24, 0x0218	; 0x800218 <Wire+0xe>
    386a:	90 91 19 02 	lds	r25, 0x0219	; 0x800219 <Wire+0xf>
    386e:	00 97       	sbiw	r24, 0x00	; 0
    3870:	11 f0       	breq	.+4      	; 0x3876 <.L552>
    3872:	0e 94 e1 1e 	call	0x3dc2	; 0x3dc2 <free>

00003876 <.L552>:
.L552():
    3876:	80 91 1d 02 	lds	r24, 0x021D	; 0x80021d <Wire+0x13>
    387a:	90 91 1e 02 	lds	r25, 0x021E	; 0x80021e <Wire+0x14>
    387e:	00 97       	sbiw	r24, 0x00	; 0
    3880:	11 f0       	breq	.+4      	; 0x3886 <.L550>
    3882:	0c 94 e1 1e 	jmp	0x3dc2	; 0x3dc2 <free>

00003886 <.L550>:
.L550():
    3886:	08 95       	ret

00003888 <__fp_split3>:
__fp_split3():
    3888:	57 fd       	sbrc	r21, 7
    388a:	90 58       	subi	r25, 0x80	; 128
    388c:	44 0f       	add	r20, r20
    388e:	55 1f       	adc	r21, r21
    3890:	59 f0       	breq	.+22     	; 0x38a8 <.L4^B1>
    3892:	5f 3f       	cpi	r21, 0xFF	; 255
    3894:	71 f0       	breq	.+28     	; 0x38b2 <.L5^B1>

00003896 <.L1^B1>:
    3896:	47 95       	ror	r20

00003898 <__fp_splitA>:
__fp_splitA():
    3898:	88 0f       	add	r24, r24
    389a:	97 fb       	bst	r25, 7
    389c:	99 1f       	adc	r25, r25
    389e:	61 f0       	breq	.+24     	; 0x38b8 <.L6^B1>
    38a0:	9f 3f       	cpi	r25, 0xFF	; 255
    38a2:	79 f0       	breq	.+30     	; 0x38c2 <.L7^B1>

000038a4 <.L3^B1>:
.L3^B1():
    38a4:	87 95       	ror	r24
    38a6:	08 95       	ret

000038a8 <.L4^B1>:
.L4^B1():
    38a8:	12 16       	cp	r1, r18
    38aa:	13 06       	cpc	r1, r19
    38ac:	14 06       	cpc	r1, r20
    38ae:	55 1f       	adc	r21, r21
    38b0:	f2 cf       	rjmp	.-28     	; 0x3896 <.L1^B1>

000038b2 <.L5^B1>:
.L5^B1():
    38b2:	46 95       	lsr	r20
    38b4:	f1 df       	rcall	.-30     	; 0x3898 <__fp_splitA>
    38b6:	08 c0       	rjmp	.+16     	; 0x38c8 <.L8^B1>

000038b8 <.L6^B1>:
.L6^B1():
    38b8:	16 16       	cp	r1, r22
    38ba:	17 06       	cpc	r1, r23
    38bc:	18 06       	cpc	r1, r24
    38be:	99 1f       	adc	r25, r25
    38c0:	f1 cf       	rjmp	.-30     	; 0x38a4 <.L3^B1>

000038c2 <.L7^B1>:
.L7^B1():
    38c2:	86 95       	lsr	r24
    38c4:	71 05       	cpc	r23, r1
    38c6:	61 05       	cpc	r22, r1

000038c8 <.L8^B1>:
.L8^B1():
    38c8:	08 94       	sec
    38ca:	08 95       	ret

000038cc <.L0^B1>:
.L0^B1():
    38cc:	0e 94 d5 1c 	call	0x39aa	; 0x39aa <__fp_pscA>
    38d0:	38 f0       	brcs	.+14     	; 0x38e0 <.L_nan>
    38d2:	0e 94 dc 1c 	call	0x39b8	; 0x39b8 <__fp_pscB>
    38d6:	20 f0       	brcs	.+8      	; 0x38e0 <.L_nan>
    38d8:	39 f4       	brne	.+14     	; 0x38e8 <.L_inf>
    38da:	9f 3f       	cpi	r25, 0xFF	; 255
    38dc:	19 f4       	brne	.+6      	; 0x38e4 <.L_infB>
    38de:	26 f4       	brtc	.+8      	; 0x38e8 <.L_inf>

000038e0 <.L_nan>:
.L_nan():
    38e0:	0c 94 d2 1c 	jmp	0x39a4	; 0x39a4 <__fp_nan>

000038e4 <.L_infB>:
.L_infB():
    38e4:	0e f4       	brtc	.+2      	; 0x38e8 <.L_inf>
    38e6:	e0 95       	com	r30

000038e8 <.L_inf>:
.L_inf():
    38e8:	e7 fb       	bst	r30, 7
    38ea:	0c 94 cc 1c 	jmp	0x3998	; 0x3998 <__fp_inf>

000038ee <__addsf3x>:
__addsf3x():
    38ee:	e9 2f       	mov	r30, r25
    38f0:	0e 94 44 1c 	call	0x3888	; 0x3888 <__fp_split3>
    38f4:	58 f3       	brcs	.-42     	; 0x38cc <.L0^B1>
    38f6:	ba 17       	cp	r27, r26
    38f8:	62 07       	cpc	r22, r18
    38fa:	73 07       	cpc	r23, r19
    38fc:	84 07       	cpc	r24, r20
    38fe:	95 07       	cpc	r25, r21
    3900:	20 f0       	brcs	.+8      	; 0x390a <.L2^B1>
    3902:	79 f4       	brne	.+30     	; 0x3922 <.L4^B1>
    3904:	a6 f5       	brtc	.+104    	; 0x396e <.L_add>
    3906:	0c 94 f4 1c 	jmp	0x39e8	; 0x39e8 <__fp_zero>

0000390a <.L2^B1>:
    390a:	0e f4       	brtc	.+2      	; 0x390e <.L3^B1>
    390c:	e0 95       	com	r30

0000390e <.L3^B1>:
    390e:	0b 2e       	mov	r0, r27
    3910:	ba 2f       	mov	r27, r26
    3912:	a0 2d       	mov	r26, r0
    3914:	0b 01       	movw	r0, r22
    3916:	b9 01       	movw	r22, r18
    3918:	90 01       	movw	r18, r0
    391a:	0c 01       	movw	r0, r24
    391c:	ca 01       	movw	r24, r20
    391e:	a0 01       	movw	r20, r0
    3920:	11 24       	eor	r1, r1

00003922 <.L4^B1>:
    3922:	ff 27       	eor	r31, r31
    3924:	59 1b       	sub	r21, r25

00003926 <.L5^B1>:
    3926:	99 f0       	breq	.+38     	; 0x394e <.L7^B1>
    3928:	59 3f       	cpi	r21, 0xF9	; 249
    392a:	50 f4       	brcc	.+20     	; 0x3940 <.L6^B1>
    392c:	50 3e       	cpi	r21, 0xE0	; 224
    392e:	68 f1       	brcs	.+90     	; 0x398a <.L_ret>
    3930:	1a 16       	cp	r1, r26
    3932:	f0 40       	sbci	r31, 0x00	; 0
    3934:	a2 2f       	mov	r26, r18
    3936:	23 2f       	mov	r18, r19
    3938:	34 2f       	mov	r19, r20
    393a:	44 27       	eor	r20, r20
    393c:	58 5f       	subi	r21, 0xF8	; 248
    393e:	f3 cf       	rjmp	.-26     	; 0x3926 <.L5^B1>

00003940 <.L6^B1>:
    3940:	46 95       	lsr	r20
    3942:	37 95       	ror	r19
    3944:	27 95       	ror	r18
    3946:	a7 95       	ror	r26
    3948:	f0 40       	sbci	r31, 0x00	; 0
    394a:	53 95       	inc	r21
    394c:	c9 f7       	brne	.-14     	; 0x3940 <.L6^B1>

0000394e <.L7^B1>:
    394e:	7e f4       	brtc	.+30     	; 0x396e <.L_add>
    3950:	1f 16       	cp	r1, r31
    3952:	ba 0b       	sbc	r27, r26
    3954:	62 0b       	sbc	r22, r18
    3956:	73 0b       	sbc	r23, r19
    3958:	84 0b       	sbc	r24, r20
    395a:	ba f0       	brmi	.+46     	; 0x398a <.L_ret>

0000395c <.L8^B1>:
    395c:	91 50       	subi	r25, 0x01	; 1
    395e:	a1 f0       	breq	.+40     	; 0x3988 <.L9^B1>
    3960:	ff 0f       	add	r31, r31
    3962:	bb 1f       	adc	r27, r27
    3964:	66 1f       	adc	r22, r22
    3966:	77 1f       	adc	r23, r23
    3968:	88 1f       	adc	r24, r24
    396a:	c2 f7       	brpl	.-16     	; 0x395c <.L8^B1>
    396c:	0e c0       	rjmp	.+28     	; 0x398a <.L_ret>

0000396e <.L_add>:
    396e:	ba 0f       	add	r27, r26
    3970:	62 1f       	adc	r22, r18
    3972:	73 1f       	adc	r23, r19
    3974:	84 1f       	adc	r24, r20
    3976:	48 f4       	brcc	.+18     	; 0x398a <.L_ret>
    3978:	87 95       	ror	r24
    397a:	77 95       	ror	r23
    397c:	67 95       	ror	r22
    397e:	b7 95       	ror	r27
    3980:	f7 95       	ror	r31
    3982:	9e 3f       	cpi	r25, 0xFE	; 254
    3984:	08 f0       	brcs	.+2      	; 0x3988 <.L9^B1>
    3986:	b0 cf       	rjmp	.-160    	; 0x38e8 <.L_inf>

00003988 <.L9^B1>:
    3988:	93 95       	inc	r25

0000398a <.L_ret>:
    398a:	88 0f       	add	r24, r24
    398c:	08 f0       	brcs	.+2      	; 0x3990 <.L1^B1>
    398e:	99 27       	eor	r25, r25

00003990 <.L1^B1>:
    3990:	ee 0f       	add	r30, r30
    3992:	97 95       	ror	r25
    3994:	87 95       	ror	r24
    3996:	08 95       	ret

00003998 <__fp_inf>:
    3998:	97 f9       	bld	r25, 7
    399a:	9f 67       	ori	r25, 0x7F	; 127
    399c:	80 e8       	ldi	r24, 0x80	; 128
    399e:	70 e0       	ldi	r23, 0x00	; 0
    39a0:	60 e0       	ldi	r22, 0x00	; 0
    39a2:	08 95       	ret

000039a4 <__fp_nan>:
    39a4:	9f ef       	ldi	r25, 0xFF	; 255
    39a6:	80 ec       	ldi	r24, 0xC0	; 192
    39a8:	08 95       	ret

000039aa <__fp_pscA>:
__fp_pscA():
    39aa:	00 24       	eor	r0, r0
    39ac:	0a 94       	dec	r0
    39ae:	16 16       	cp	r1, r22
    39b0:	17 06       	cpc	r1, r23
    39b2:	18 06       	cpc	r1, r24
    39b4:	09 06       	cpc	r0, r25
    39b6:	08 95       	ret

000039b8 <__fp_pscB>:
__fp_pscB():
    39b8:	00 24       	eor	r0, r0
    39ba:	0a 94       	dec	r0
    39bc:	12 16       	cp	r1, r18
    39be:	13 06       	cpc	r1, r19
    39c0:	14 06       	cpc	r1, r20
    39c2:	05 06       	cpc	r0, r21
    39c4:	08 95       	ret

000039c6 <__fp_round>:
__fp_round():
    39c6:	09 2e       	mov	r0, r25
    39c8:	03 94       	inc	r0
    39ca:	00 0c       	add	r0, r0
    39cc:	11 f4       	brne	.+4      	; 0x39d2 <.L1^B1>
    39ce:	88 23       	and	r24, r24
    39d0:	52 f0       	brmi	.+20     	; 0x39e6 <.L3^B1>

000039d2 <.L1^B1>:
    39d2:	bb 0f       	add	r27, r27
    39d4:	40 f4       	brcc	.+16     	; 0x39e6 <.L3^B1>
    39d6:	bf 2b       	or	r27, r31
    39d8:	11 f4       	brne	.+4      	; 0x39de <.L2^B1>
    39da:	60 ff       	sbrs	r22, 0
    39dc:	04 c0       	rjmp	.+8      	; 0x39e6 <.L3^B1>

000039de <.L2^B1>:
    39de:	6f 5f       	subi	r22, 0xFF	; 255
    39e0:	7f 4f       	sbci	r23, 0xFF	; 255
    39e2:	8f 4f       	sbci	r24, 0xFF	; 255
    39e4:	9f 4f       	sbci	r25, 0xFF	; 255

000039e6 <.L3^B1>:
    39e6:	08 95       	ret

000039e8 <__fp_zero>:
__fp_zero():
    39e8:	e8 94       	clt

000039ea <__fp_szero>:
__fp_szero():
    39ea:	bb 27       	eor	r27, r27
    39ec:	66 27       	eor	r22, r22
    39ee:	77 27       	eor	r23, r23
    39f0:	cb 01       	movw	r24, r22
    39f2:	97 f9       	bld	r25, 7
    39f4:	08 95       	ret

000039f6 <__subsf3>:
__subsf3():
    39f6:	50 58       	subi	r21, 0x80	; 128

000039f8 <__addsf3>:
__addsf3():
    39f8:	bb 27       	eor	r27, r27
    39fa:	aa 27       	eor	r26, r26
    39fc:	0e 94 77 1c 	call	0x38ee	; 0x38ee <__addsf3x>
    3a00:	0c 94 e3 1c 	jmp	0x39c6	; 0x39c6 <__fp_round>

00003a04 <__divsf3>:
__divsf3():
    3a04:	0e 94 16 1d 	call	0x3a2c	; 0x3a2c <__divsf3x>
    3a08:	0c 94 e3 1c 	jmp	0x39c6	; 0x39c6 <__fp_round>

00003a0c <.L0^B1>:
.L0^B1():
    3a0c:	0e 94 dc 1c 	call	0x39b8	; 0x39b8 <__fp_pscB>
    3a10:	58 f0       	brcs	.+22     	; 0x3a28 <.L_nan>
    3a12:	0e 94 d5 1c 	call	0x39aa	; 0x39aa <__fp_pscA>
    3a16:	40 f0       	brcs	.+16     	; 0x3a28 <.L_nan>
    3a18:	29 f4       	brne	.+10     	; 0x3a24 <.L_zr>
    3a1a:	5f 3f       	cpi	r21, 0xFF	; 255
    3a1c:	29 f0       	breq	.+10     	; 0x3a28 <.L_nan>

00003a1e <.L_inf>:
.L_inf():
    3a1e:	0c 94 cc 1c 	jmp	0x3998	; 0x3998 <__fp_inf>

00003a22 <.L1^B1>:
.L1^B1():
    3a22:	51 11       	cpse	r21, r1

00003a24 <.L_zr>:
.L_zr():
    3a24:	0c 94 f5 1c 	jmp	0x39ea	; 0x39ea <__fp_szero>

00003a28 <.L_nan>:
.L_nan():
    3a28:	0c 94 d2 1c 	jmp	0x39a4	; 0x39a4 <__fp_nan>

00003a2c <__divsf3x>:
__divsf3x():
    3a2c:	0e 94 44 1c 	call	0x3888	; 0x3888 <__fp_split3>
    3a30:	68 f3       	brcs	.-38     	; 0x3a0c <.L0^B1>

00003a32 <__divsf3_pse>:
__divsf3_pse():
    3a32:	99 23       	and	r25, r25
    3a34:	b1 f3       	breq	.-20     	; 0x3a22 <.L1^B1>
    3a36:	55 23       	and	r21, r21
    3a38:	91 f3       	breq	.-28     	; 0x3a1e <.L_inf>
    3a3a:	95 1b       	sub	r25, r21
    3a3c:	55 0b       	sbc	r21, r21
    3a3e:	bb 27       	eor	r27, r27
    3a40:	aa 27       	eor	r26, r26

00003a42 <.L2^B1>:
.L2^B1():
    3a42:	62 17       	cp	r22, r18
    3a44:	73 07       	cpc	r23, r19
    3a46:	84 07       	cpc	r24, r20
    3a48:	38 f0       	brcs	.+14     	; 0x3a58 <.L3^B1>
    3a4a:	9f 5f       	subi	r25, 0xFF	; 255
    3a4c:	5f 4f       	sbci	r21, 0xFF	; 255
    3a4e:	22 0f       	add	r18, r18
    3a50:	33 1f       	adc	r19, r19
    3a52:	44 1f       	adc	r20, r20
    3a54:	aa 1f       	adc	r26, r26
    3a56:	a9 f3       	breq	.-22     	; 0x3a42 <.L2^B1>

00003a58 <.L3^B1>:
.L3^B1():
    3a58:	35 d0       	rcall	.+106    	; 0x3ac4 <.L_div>
    3a5a:	0e 2e       	mov	r0, r30
    3a5c:	3a f0       	brmi	.+14     	; 0x3a6c <.L5^B1>

00003a5e <.L4^B1>:
.L4^B1():
    3a5e:	e0 e8       	ldi	r30, 0x80	; 128
    3a60:	32 d0       	rcall	.+100    	; 0x3ac6 <.L_div1>
    3a62:	91 50       	subi	r25, 0x01	; 1
    3a64:	50 40       	sbci	r21, 0x00	; 0
    3a66:	e6 95       	lsr	r30
    3a68:	00 1c       	adc	r0, r0
    3a6a:	ca f7       	brpl	.-14     	; 0x3a5e <.L4^B1>

00003a6c <.L5^B1>:
.L5^B1():
    3a6c:	2b d0       	rcall	.+86     	; 0x3ac4 <.L_div>
    3a6e:	fe 2f       	mov	r31, r30
    3a70:	29 d0       	rcall	.+82     	; 0x3ac4 <.L_div>
    3a72:	66 0f       	add	r22, r22
    3a74:	77 1f       	adc	r23, r23
    3a76:	88 1f       	adc	r24, r24
    3a78:	bb 1f       	adc	r27, r27
    3a7a:	26 17       	cp	r18, r22
    3a7c:	37 07       	cpc	r19, r23
    3a7e:	48 07       	cpc	r20, r24
    3a80:	ab 07       	cpc	r26, r27
    3a82:	b0 e8       	ldi	r27, 0x80	; 128
    3a84:	09 f0       	breq	.+2      	; 0x3a88 <.L4^B2>
    3a86:	bb 0b       	sbc	r27, r27

00003a88 <.L4^B2>:
.L4^B2():
    3a88:	80 2d       	mov	r24, r0
    3a8a:	bf 01       	movw	r22, r30
    3a8c:	ff 27       	eor	r31, r31
    3a8e:	93 58       	subi	r25, 0x83	; 131
    3a90:	5f 4f       	sbci	r21, 0xFF	; 255
    3a92:	3a f0       	brmi	.+14     	; 0x3aa2 <.L13^B1>
    3a94:	9e 3f       	cpi	r25, 0xFE	; 254
    3a96:	51 05       	cpc	r21, r1
    3a98:	78 f0       	brcs	.+30     	; 0x3ab8 <.L15^B1>
    3a9a:	0c 94 cc 1c 	jmp	0x3998	; 0x3998 <__fp_inf>

00003a9e <.L12^B1>:
.L12^B1():
    3a9e:	0c 94 f5 1c 	jmp	0x39ea	; 0x39ea <__fp_szero>

00003aa2 <.L13^B1>:
.L13^B1():
    3aa2:	5f 3f       	cpi	r21, 0xFF	; 255
    3aa4:	e4 f3       	brlt	.-8      	; 0x3a9e <.L12^B1>
    3aa6:	98 3e       	cpi	r25, 0xE8	; 232
    3aa8:	d4 f3       	brlt	.-12     	; 0x3a9e <.L12^B1>

00003aaa <.L14^B1>:
.L14^B1():
    3aaa:	86 95       	lsr	r24
    3aac:	77 95       	ror	r23
    3aae:	67 95       	ror	r22
    3ab0:	b7 95       	ror	r27
    3ab2:	f7 95       	ror	r31
    3ab4:	9f 5f       	subi	r25, 0xFF	; 255
    3ab6:	c9 f7       	brne	.-14     	; 0x3aaa <.L14^B1>

00003ab8 <.L15^B1>:
.L15^B1():
    3ab8:	88 0f       	add	r24, r24
    3aba:	91 1d       	adc	r25, r1
    3abc:	96 95       	lsr	r25
    3abe:	87 95       	ror	r24
    3ac0:	97 f9       	bld	r25, 7
    3ac2:	08 95       	ret

00003ac4 <.L_div>:
.L_div():
    3ac4:	e1 e0       	ldi	r30, 0x01	; 1

00003ac6 <.L_div1>:
.L_div1():
    3ac6:	66 0f       	add	r22, r22
    3ac8:	77 1f       	adc	r23, r23
    3aca:	88 1f       	adc	r24, r24
    3acc:	bb 1f       	adc	r27, r27
    3ace:	62 17       	cp	r22, r18
    3ad0:	73 07       	cpc	r23, r19
    3ad2:	84 07       	cpc	r24, r20
    3ad4:	ba 07       	cpc	r27, r26
    3ad6:	20 f0       	brcs	.+8      	; 0x3ae0 <.L2^B2>
    3ad8:	62 1b       	sub	r22, r18
    3ada:	73 0b       	sbc	r23, r19
    3adc:	84 0b       	sbc	r24, r20
    3ade:	ba 0b       	sbc	r27, r26

00003ae0 <.L2^B2>:
.L2^B2():
    3ae0:	ee 1f       	adc	r30, r30
    3ae2:	88 f7       	brcc	.-30     	; 0x3ac6 <.L_div1>
    3ae4:	e0 95       	com	r30
    3ae6:	08 95       	ret

00003ae8 <__fixunssfsi>:
__fixunssfsi():
    3ae8:	0e 94 4c 1c 	call	0x3898	; 0x3898 <__fp_splitA>
    3aec:	88 f0       	brcs	.+34     	; 0x3b10 <.L_err>
    3aee:	9f 57       	subi	r25, 0x7F	; 127
    3af0:	98 f0       	brcs	.+38     	; 0x3b18 <.L_zr>
    3af2:	b9 2f       	mov	r27, r25
    3af4:	99 27       	eor	r25, r25
    3af6:	b7 51       	subi	r27, 0x17	; 23
    3af8:	b0 f0       	brcs	.+44     	; 0x3b26 <.L4^B1>
    3afa:	e1 f0       	breq	.+56     	; 0x3b34 <.L_sign>

00003afc <.L1^B1>:
    3afc:	66 0f       	add	r22, r22
    3afe:	77 1f       	adc	r23, r23
    3b00:	88 1f       	adc	r24, r24
    3b02:	99 1f       	adc	r25, r25
    3b04:	1a f0       	brmi	.+6      	; 0x3b0c <.L2^B1>
    3b06:	ba 95       	dec	r27
    3b08:	c9 f7       	brne	.-14     	; 0x3afc <.L1^B1>
    3b0a:	14 c0       	rjmp	.+40     	; 0x3b34 <.L_sign>

00003b0c <.L2^B1>:
    3b0c:	b1 30       	cpi	r27, 0x01	; 1
    3b0e:	91 f0       	breq	.+36     	; 0x3b34 <.L_sign>

00003b10 <.L_err>:
    3b10:	0e 94 f4 1c 	call	0x39e8	; 0x39e8 <__fp_zero>
    3b14:	b1 e0       	ldi	r27, 0x01	; 1
    3b16:	08 95       	ret

00003b18 <.L_zr>:
    3b18:	0c 94 f4 1c 	jmp	0x39e8	; 0x39e8 <__fp_zero>

00003b1c <.L3^B1>:
    3b1c:	67 2f       	mov	r22, r23
    3b1e:	78 2f       	mov	r23, r24
    3b20:	88 27       	eor	r24, r24
    3b22:	b8 5f       	subi	r27, 0xF8	; 248
    3b24:	39 f0       	breq	.+14     	; 0x3b34 <.L_sign>

00003b26 <.L4^B1>:
    3b26:	b9 3f       	cpi	r27, 0xF9	; 249
    3b28:	cc f3       	brlt	.-14     	; 0x3b1c <.L3^B1>

00003b2a <.L5^B1>:
    3b2a:	86 95       	lsr	r24
    3b2c:	77 95       	ror	r23
    3b2e:	67 95       	ror	r22
    3b30:	b3 95       	inc	r27
    3b32:	d9 f7       	brne	.-10     	; 0x3b2a <.L5^B1>

00003b34 <.L_sign>:
    3b34:	3e f4       	brtc	.+14     	; 0x3b44 <.L6^B1>
    3b36:	90 95       	com	r25
    3b38:	80 95       	com	r24
    3b3a:	70 95       	com	r23
    3b3c:	61 95       	neg	r22
    3b3e:	7f 4f       	sbci	r23, 0xFF	; 255
    3b40:	8f 4f       	sbci	r24, 0xFF	; 255
    3b42:	9f 4f       	sbci	r25, 0xFF	; 255

00003b44 <.L6^B1>:
    3b44:	08 95       	ret

00003b46 <__floatunsisf>:
__floatunsisf():
    3b46:	e8 94       	clt
    3b48:	09 c0       	rjmp	.+18     	; 0x3b5c <.L1^B1>

00003b4a <__floatsisf>:
    3b4a:	97 fb       	bst	r25, 7
    3b4c:	3e f4       	brtc	.+14     	; 0x3b5c <.L1^B1>
    3b4e:	90 95       	com	r25
    3b50:	80 95       	com	r24
    3b52:	70 95       	com	r23
    3b54:	61 95       	neg	r22
    3b56:	7f 4f       	sbci	r23, 0xFF	; 255
    3b58:	8f 4f       	sbci	r24, 0xFF	; 255
    3b5a:	9f 4f       	sbci	r25, 0xFF	; 255

00003b5c <.L1^B1>:
    3b5c:	99 23       	and	r25, r25
    3b5e:	a9 f0       	breq	.+42     	; 0x3b8a <.L4^B1>
    3b60:	f9 2f       	mov	r31, r25
    3b62:	96 e9       	ldi	r25, 0x96	; 150
    3b64:	bb 27       	eor	r27, r27

00003b66 <.L2^B1>:
    3b66:	93 95       	inc	r25
    3b68:	f6 95       	lsr	r31
    3b6a:	87 95       	ror	r24
    3b6c:	77 95       	ror	r23
    3b6e:	67 95       	ror	r22
    3b70:	b7 95       	ror	r27
    3b72:	f1 11       	cpse	r31, r1
    3b74:	f8 cf       	rjmp	.-16     	; 0x3b66 <.L2^B1>
    3b76:	fa f4       	brpl	.+62     	; 0x3bb6 <.L_pack>
    3b78:	bb 0f       	add	r27, r27
    3b7a:	11 f4       	brne	.+4      	; 0x3b80 <.L3^B1>
    3b7c:	60 ff       	sbrs	r22, 0
    3b7e:	1b c0       	rjmp	.+54     	; 0x3bb6 <.L_pack>

00003b80 <.L3^B1>:
    3b80:	6f 5f       	subi	r22, 0xFF	; 255
    3b82:	7f 4f       	sbci	r23, 0xFF	; 255
    3b84:	8f 4f       	sbci	r24, 0xFF	; 255
    3b86:	9f 4f       	sbci	r25, 0xFF	; 255
    3b88:	16 c0       	rjmp	.+44     	; 0x3bb6 <.L_pack>

00003b8a <.L4^B1>:
    3b8a:	88 23       	and	r24, r24
    3b8c:	11 f0       	breq	.+4      	; 0x3b92 <.L5^B1>
    3b8e:	96 e9       	ldi	r25, 0x96	; 150
    3b90:	11 c0       	rjmp	.+34     	; 0x3bb4 <.L8^B1>

00003b92 <.L5^B1>:
    3b92:	77 23       	and	r23, r23
    3b94:	21 f0       	breq	.+8      	; 0x3b9e <.L6^B1>
    3b96:	9e e8       	ldi	r25, 0x8E	; 142
    3b98:	87 2f       	mov	r24, r23
    3b9a:	76 2f       	mov	r23, r22
    3b9c:	05 c0       	rjmp	.+10     	; 0x3ba8 <.L7^B1>

00003b9e <.L6^B1>:
    3b9e:	66 23       	and	r22, r22
    3ba0:	71 f0       	breq	.+28     	; 0x3bbe <.L9^B1>
    3ba2:	96 e8       	ldi	r25, 0x86	; 134
    3ba4:	86 2f       	mov	r24, r22
    3ba6:	70 e0       	ldi	r23, 0x00	; 0

00003ba8 <.L7^B1>:
    3ba8:	60 e0       	ldi	r22, 0x00	; 0
    3baa:	2a f0       	brmi	.+10     	; 0x3bb6 <.L_pack>

00003bac <.L10^B1>:
    3bac:	9a 95       	dec	r25
    3bae:	66 0f       	add	r22, r22
    3bb0:	77 1f       	adc	r23, r23
    3bb2:	88 1f       	adc	r24, r24

00003bb4 <.L8^B1>:
    3bb4:	da f7       	brpl	.-10     	; 0x3bac <.L10^B1>

00003bb6 <.L_pack>:
    3bb6:	88 0f       	add	r24, r24
    3bb8:	96 95       	lsr	r25
    3bba:	87 95       	ror	r24
    3bbc:	97 f9       	bld	r25, 7

00003bbe <.L9^B1>:
    3bbe:	08 95       	ret

00003bc0 <__gesf2>:
__gesf2():
    3bc0:	0e 94 e5 1d 	call	0x3bca	; 0x3bca <__fp_cmp>
    3bc4:	08 f4       	brcc	.+2      	; 0x3bc8 <.L1^B1>
    3bc6:	8f ef       	ldi	r24, 0xFF	; 255

00003bc8 <.L1^B1>:
    3bc8:	08 95       	ret

00003bca <__fp_cmp>:
__fp_cmp():
    3bca:	99 0f       	add	r25, r25
    3bcc:	00 08       	sbc	r0, r0
    3bce:	55 0f       	add	r21, r21
    3bd0:	aa 0b       	sbc	r26, r26
    3bd2:	e0 e8       	ldi	r30, 0x80	; 128
    3bd4:	fe ef       	ldi	r31, 0xFE	; 254
    3bd6:	16 16       	cp	r1, r22
    3bd8:	17 06       	cpc	r1, r23
    3bda:	e8 07       	cpc	r30, r24
    3bdc:	f9 07       	cpc	r31, r25
    3bde:	c0 f0       	brcs	.+48     	; 0x3c10 <.L9^B1>
    3be0:	12 16       	cp	r1, r18
    3be2:	13 06       	cpc	r1, r19
    3be4:	e4 07       	cpc	r30, r20
    3be6:	f5 07       	cpc	r31, r21
    3be8:	98 f0       	brcs	.+38     	; 0x3c10 <.L9^B1>
    3bea:	62 1b       	sub	r22, r18
    3bec:	73 0b       	sbc	r23, r19
    3bee:	84 0b       	sbc	r24, r20
    3bf0:	95 0b       	sbc	r25, r21
    3bf2:	39 f4       	brne	.+14     	; 0x3c02 <.L1^B1>
    3bf4:	0a 26       	eor	r0, r26
    3bf6:	61 f0       	breq	.+24     	; 0x3c10 <.L9^B1>
    3bf8:	23 2b       	or	r18, r19
    3bfa:	24 2b       	or	r18, r20
    3bfc:	25 2b       	or	r18, r21
    3bfe:	21 f4       	brne	.+8      	; 0x3c08 <.L2^B1>
    3c00:	08 95       	ret

00003c02 <.L1^B1>:
    3c02:	0a 26       	eor	r0, r26
    3c04:	09 f4       	brne	.+2      	; 0x3c08 <.L2^B1>
    3c06:	a1 40       	sbci	r26, 0x01	; 1

00003c08 <.L2^B1>:
    3c08:	a6 95       	lsr	r26
    3c0a:	8f ef       	ldi	r24, 0xFF	; 255
    3c0c:	81 1d       	adc	r24, r1
    3c0e:	81 1d       	adc	r24, r1

00003c10 <.L9^B1>:
    3c10:	08 95       	ret

00003c12 <__udivmodsi4>:
.Loc.0():
    3c12:	a1 e2       	ldi	r26, 0x21	; 33

00003c14 <.Loc.1>:
.Loc.1():
    3c14:	1a 2e       	mov	r1, r26

00003c16 <.Loc.2>:
.Loc.2():
    3c16:	aa 1b       	sub	r26, r26

00003c18 <.Loc.3>:
.Loc.3():
    3c18:	bb 1b       	sub	r27, r27

00003c1a <.Loc.4>:
.Loc.4():
    3c1a:	fd 01       	movw	r30, r26

00003c1c <.Loc.5>:
.Loc.5():
    3c1c:	0d c0       	rjmp	.+26     	; 0x3c38 <__udivmodsi4_ep>

00003c1e <__udivmodsi4_loop>:
__udivmodsi4_loop():
    3c1e:	aa 1f       	adc	r26, r26

00003c20 <.Loc.7>:
.Loc.7():
    3c20:	bb 1f       	adc	r27, r27

00003c22 <.Loc.8>:
.Loc.8():
    3c22:	ee 1f       	adc	r30, r30

00003c24 <.Loc.9>:
.Loc.9():
    3c24:	ff 1f       	adc	r31, r31

00003c26 <.Loc.10>:
.Loc.10():
    3c26:	a2 17       	cp	r26, r18

00003c28 <.Loc.11>:
.Loc.11():
    3c28:	b3 07       	cpc	r27, r19

00003c2a <.Loc.12>:
.Loc.12():
    3c2a:	e4 07       	cpc	r30, r20

00003c2c <.Loc.13>:
.Loc.13():
    3c2c:	f5 07       	cpc	r31, r21

00003c2e <.Loc.14>:
.Loc.14():
    3c2e:	20 f0       	brcs	.+8      	; 0x3c38 <__udivmodsi4_ep>

00003c30 <.Loc.15>:
.Loc.15():
    3c30:	a2 1b       	sub	r26, r18

00003c32 <.Loc.16>:
.Loc.16():
    3c32:	b3 0b       	sbc	r27, r19

00003c34 <.Loc.17>:
.Loc.17():
    3c34:	e4 0b       	sbc	r30, r20

00003c36 <.Loc.18>:
.Loc.18():
    3c36:	f5 0b       	sbc	r31, r21

00003c38 <__udivmodsi4_ep>:
__udivmodsi4_ep():
    3c38:	66 1f       	adc	r22, r22

00003c3a <.Loc.20>:
.Loc.20():
    3c3a:	77 1f       	adc	r23, r23

00003c3c <.Loc.21>:
.Loc.21():
    3c3c:	88 1f       	adc	r24, r24

00003c3e <.Loc.22>:
.Loc.22():
    3c3e:	99 1f       	adc	r25, r25

00003c40 <.Loc.23>:
.Loc.23():
    3c40:	1a 94       	dec	r1

00003c42 <.Loc.24>:
.Loc.24():
    3c42:	69 f7       	brne	.-38     	; 0x3c1e <__udivmodsi4_loop>

00003c44 <.Loc.25>:
.Loc.25():
    3c44:	60 95       	com	r22

00003c46 <.Loc.26>:
.Loc.26():
    3c46:	70 95       	com	r23

00003c48 <.Loc.27>:
.Loc.27():
    3c48:	80 95       	com	r24

00003c4a <.Loc.28>:
.Loc.28():
    3c4a:	90 95       	com	r25

00003c4c <.Loc.29>:
.Loc.29():
    3c4c:	9b 01       	movw	r18, r22

00003c4e <.Loc.30>:
.Loc.30():
    3c4e:	ac 01       	movw	r20, r24

00003c50 <.Loc.31>:
.Loc.31():
    3c50:	bd 01       	movw	r22, r26

00003c52 <.Loc.32>:
.Loc.32():
    3c52:	cf 01       	movw	r24, r30

00003c54 <.Loc.33>:
.Loc.33():
    3c54:	08 95       	ret

00003c56 <__tablejump2__>:
L0^A():
    3c56:	ee 0f       	add	r30, r30

00003c58 <.Loc.1>:
.Loc.1():
    3c58:	ff 1f       	adc	r31, r31

00003c5a <.Loc.2>:
.Loc.2():
    3c5a:	05 90       	lpm	r0, Z+

00003c5c <.Loc.3>:
.Loc.3():
    3c5c:	f4 91       	lpm	r31, Z

00003c5e <.Loc.4>:
.Loc.4():
    3c5e:	e0 2d       	mov	r30, r0

00003c60 <.Loc.5>:
.Loc.5():
    3c60:	09 94       	ijmp

00003c62 <__muluhisi3>:
L0^A():
    3c62:	0e 94 3c 1e 	call	0x3c78	; 0x3c78 <__umulhisi3>

00003c66 <.Loc.1>:
.Loc.1():
    3c66:	a5 9f       	mul	r26, r21

00003c68 <.Loc.2>:
.Loc.2():
    3c68:	90 0d       	add	r25, r0

00003c6a <.Loc.3>:
.Loc.3():
    3c6a:	b4 9f       	mul	r27, r20

00003c6c <.Loc.4>:
.Loc.4():
    3c6c:	90 0d       	add	r25, r0

00003c6e <.Loc.5>:
.Loc.5():
    3c6e:	a4 9f       	mul	r26, r20

00003c70 <.Loc.6>:
.Loc.6():
    3c70:	80 0d       	add	r24, r0

00003c72 <.Loc.7>:
.Loc.7():
    3c72:	91 1d       	adc	r25, r1

00003c74 <.Loc.8>:
.Loc.8():
    3c74:	11 24       	eor	r1, r1

00003c76 <.Loc.9>:
.Loc.9():
    3c76:	08 95       	ret

00003c78 <__umulhisi3>:
L0^A():
    3c78:	a2 9f       	mul	r26, r18

00003c7a <.Loc.1>:
.Loc.1():
    3c7a:	b0 01       	movw	r22, r0

00003c7c <.Loc.2>:
.Loc.2():
    3c7c:	b3 9f       	mul	r27, r19

00003c7e <.Loc.3>:
.Loc.3():
    3c7e:	c0 01       	movw	r24, r0

00003c80 <.Loc.4>:
.Loc.4():
    3c80:	a3 9f       	mul	r26, r19

00003c82 <.Loc.5>:
.Loc.5():
    3c82:	70 0d       	add	r23, r0

00003c84 <.Loc.6>:
.Loc.6():
    3c84:	81 1d       	adc	r24, r1

00003c86 <.Loc.7>:
.Loc.7():
    3c86:	11 24       	eor	r1, r1

00003c88 <.Loc.8>:
.Loc.8():
    3c88:	91 1d       	adc	r25, r1

00003c8a <.Loc.9>:
.Loc.9():
    3c8a:	b2 9f       	mul	r27, r18

00003c8c <.Loc.10>:
.Loc.10():
    3c8c:	70 0d       	add	r23, r0

00003c8e <.Loc.11>:
.Loc.11():
    3c8e:	81 1d       	adc	r24, r1

00003c90 <.Loc.12>:
.Loc.12():
    3c90:	11 24       	eor	r1, r1

00003c92 <.Loc.13>:
.Loc.13():
    3c92:	91 1d       	adc	r25, r1

00003c94 <.Loc.14>:
.Loc.14():
    3c94:	08 95       	ret

00003c96 <malloc>:
malloc():
    3c96:	0f 93       	push	r16
    3c98:	1f 93       	push	r17
    3c9a:	cf 93       	push	r28
    3c9c:	df 93       	push	r29
    3c9e:	9c 01       	movw	r18, r24
    3ca0:	02 97       	sbiw	r24, 0x02	; 2
    3ca2:	10 f4       	brcc	.+4      	; 0x3ca8 <.L2>
    3ca4:	22 e0       	ldi	r18, 0x02	; 2
    3ca6:	30 e0       	ldi	r19, 0x00	; 0

00003ca8 <.L2>:
    3ca8:	e0 91 47 02 	lds	r30, 0x0247	; 0x800247 <__flp>
    3cac:	f0 91 48 02 	lds	r31, 0x0248	; 0x800248 <__flp+0x1>
    3cb0:	80 e0       	ldi	r24, 0x00	; 0
    3cb2:	90 e0       	ldi	r25, 0x00	; 0
    3cb4:	a0 e0       	ldi	r26, 0x00	; 0
    3cb6:	b0 e0       	ldi	r27, 0x00	; 0

00003cb8 <.L3>:
    3cb8:	30 97       	sbiw	r30, 0x00	; 0
    3cba:	91 f4       	brne	.+36     	; 0x3ce0 <.L9>
    3cbc:	00 97       	sbiw	r24, 0x00	; 0
    3cbe:	09 f4       	brne	.+2      	; 0x3cc2 <L0^A+0x2>

00003cc0 <L0^A>:
    3cc0:	48 c0       	rjmp	.+144    	; 0x3d52 <.L10>
    3cc2:	82 1b       	sub	r24, r18
    3cc4:	93 0b       	sbc	r25, r19
    3cc6:	84 30       	cpi	r24, 0x04	; 4
    3cc8:	91 05       	cpc	r25, r1
    3cca:	d0 f5       	brcc	.+116    	; 0x3d40 <.L11>
    3ccc:	8a 81       	ldd	r24, Y+2	; 0x02
    3cce:	9b 81       	ldd	r25, Y+3	; 0x03
    3cd0:	61 15       	cp	r22, r1
    3cd2:	71 05       	cpc	r23, r1
    3cd4:	81 f1       	breq	.+96     	; 0x3d36 <.L12>
    3cd6:	fb 01       	movw	r30, r22
    3cd8:	93 83       	std	Z+3, r25	; 0x03
    3cda:	82 83       	std	Z+2, r24	; 0x02

00003cdc <.L13>:
    3cdc:	fe 01       	movw	r30, r28
    3cde:	11 c0       	rjmp	.+34     	; 0x3d02 <.L19>

00003ce0 <.L9>:
    3ce0:	40 81       	ld	r20, Z
    3ce2:	51 81       	ldd	r21, Z+1	; 0x01
    3ce4:	02 81       	ldd	r16, Z+2	; 0x02
    3ce6:	13 81       	ldd	r17, Z+3	; 0x03
    3ce8:	42 17       	cp	r20, r18
    3cea:	53 07       	cpc	r21, r19
    3cec:	d8 f0       	brcs	.+54     	; 0x3d24 <.L16>
    3cee:	42 17       	cp	r20, r18
    3cf0:	53 07       	cpc	r21, r19
    3cf2:	99 f4       	brne	.+38     	; 0x3d1a <.L5>
    3cf4:	10 97       	sbiw	r26, 0x00	; 0
    3cf6:	61 f0       	breq	.+24     	; 0x3d10 <.L6>
    3cf8:	12 96       	adiw	r26, 0x02	; 2
    3cfa:	0c 93       	st	X, r16
    3cfc:	12 97       	sbiw	r26, 0x02	; 2
    3cfe:	13 96       	adiw	r26, 0x03	; 3
    3d00:	1c 93       	st	X, r17

00003d02 <.L19>:
    3d02:	32 96       	adiw	r30, 0x02	; 2

00003d04 <.L1>:
    3d04:	cf 01       	movw	r24, r30
    3d06:	df 91       	pop	r29
    3d08:	cf 91       	pop	r28
    3d0a:	1f 91       	pop	r17
    3d0c:	0f 91       	pop	r16
    3d0e:	08 95       	ret

00003d10 <.L6>:
    3d10:	00 93 47 02 	sts	0x0247, r16	; 0x800247 <__flp>
    3d14:	10 93 48 02 	sts	0x0248, r17	; 0x800248 <__flp+0x1>
    3d18:	f4 cf       	rjmp	.-24     	; 0x3d02 <.L19>

00003d1a <.L5>:
    3d1a:	00 97       	sbiw	r24, 0x00	; 0
    3d1c:	51 f0       	breq	.+20     	; 0x3d32 <.L18>
    3d1e:	48 17       	cp	r20, r24
    3d20:	59 07       	cpc	r21, r25
    3d22:	38 f0       	brcs	.+14     	; 0x3d32 <.L18>

00003d24 <.L16>:
    3d24:	ac 01       	movw	r20, r24
    3d26:	db 01       	movw	r26, r22

00003d28 <.L4>:
    3d28:	ca 01       	movw	r24, r20
    3d2a:	bd 01       	movw	r22, r26
    3d2c:	df 01       	movw	r26, r30
    3d2e:	f8 01       	movw	r30, r16
    3d30:	c3 cf       	rjmp	.-122    	; 0x3cb8 <.L3>

00003d32 <.L18>:
    3d32:	ef 01       	movw	r28, r30
    3d34:	f9 cf       	rjmp	.-14     	; 0x3d28 <.L4>

00003d36 <.L12>:
    3d36:	90 93 48 02 	sts	0x0248, r25	; 0x800248 <__flp+0x1>
    3d3a:	80 93 47 02 	sts	0x0247, r24	; 0x800247 <__flp>
    3d3e:	ce cf       	rjmp	.-100    	; 0x3cdc <.L13>

00003d40 <.L11>:
    3d40:	fe 01       	movw	r30, r28
    3d42:	e8 0f       	add	r30, r24
    3d44:	f9 1f       	adc	r31, r25
    3d46:	21 93       	st	Z+, r18
    3d48:	31 93       	st	Z+, r19
    3d4a:	02 97       	sbiw	r24, 0x02	; 2
    3d4c:	99 83       	std	Y+1, r25	; 0x01
    3d4e:	88 83       	st	Y, r24
    3d50:	d9 cf       	rjmp	.-78     	; 0x3d04 <.L1>

00003d52 <.L10>:
    3d52:	40 91 49 02 	lds	r20, 0x0249	; 0x800249 <__brkval>
    3d56:	50 91 4a 02 	lds	r21, 0x024A	; 0x80024a <__brkval+0x1>
    3d5a:	41 15       	cp	r20, r1
    3d5c:	51 05       	cpc	r21, r1
    3d5e:	41 f4       	brne	.+16     	; 0x3d70 <.L14>
    3d60:	40 91 06 01 	lds	r20, 0x0106	; 0x800106 <__malloc_heap_start>
    3d64:	50 91 07 01 	lds	r21, 0x0107	; 0x800107 <__malloc_heap_start+0x1>
    3d68:	50 93 4a 02 	sts	0x024A, r21	; 0x80024a <__brkval+0x1>
    3d6c:	40 93 49 02 	sts	0x0249, r20	; 0x800249 <__brkval>

00003d70 <.L14>:
    3d70:	80 91 04 01 	lds	r24, 0x0104	; 0x800104 <__malloc_heap_end>
    3d74:	90 91 05 01 	lds	r25, 0x0105	; 0x800105 <__malloc_heap_end+0x1>
    3d78:	00 97       	sbiw	r24, 0x00	; 0
    3d7a:	41 f4       	brne	.+16     	; 0x3d8c <.L15>
    3d7c:	8d b7       	in	r24, 0x3d	; 61
    3d7e:	9e b7       	in	r25, 0x3e	; 62
    3d80:	60 91 08 01 	lds	r22, 0x0108	; 0x800108 <__malloc_margin>
    3d84:	70 91 09 01 	lds	r23, 0x0109	; 0x800109 <__malloc_margin+0x1>
    3d88:	86 1b       	sub	r24, r22
    3d8a:	97 0b       	sbc	r25, r23

00003d8c <.L15>:
    3d8c:	48 17       	cp	r20, r24
    3d8e:	59 07       	cpc	r21, r25
    3d90:	08 f0       	brcs	.+2      	; 0x3d94 <L0^A+0x2>

00003d92 <L0^A>:
    3d92:	b8 cf       	rjmp	.-144    	; 0x3d04 <.L1>
    3d94:	84 1b       	sub	r24, r20
    3d96:	95 0b       	sbc	r25, r21
    3d98:	82 17       	cp	r24, r18
    3d9a:	93 07       	cpc	r25, r19
    3d9c:	08 f4       	brcc	.+2      	; 0x3da0 <L0^A+0x2>

00003d9e <L0^A>:
    3d9e:	b2 cf       	rjmp	.-156    	; 0x3d04 <.L1>
    3da0:	b9 01       	movw	r22, r18
    3da2:	6e 5f       	subi	r22, 0xFE	; 254
    3da4:	7f 4f       	sbci	r23, 0xFF	; 255
    3da6:	86 17       	cp	r24, r22
    3da8:	97 07       	cpc	r25, r23
    3daa:	08 f4       	brcc	.+2      	; 0x3dae <L0^A+0x2>

00003dac <L0^A>:
    3dac:	ab cf       	rjmp	.-170    	; 0x3d04 <.L1>
    3dae:	64 0f       	add	r22, r20
    3db0:	75 1f       	adc	r23, r21
    3db2:	70 93 4a 02 	sts	0x024A, r23	; 0x80024a <__brkval+0x1>
    3db6:	60 93 49 02 	sts	0x0249, r22	; 0x800249 <__brkval>
    3dba:	fa 01       	movw	r30, r20
    3dbc:	21 93       	st	Z+, r18
    3dbe:	31 93       	st	Z+, r19
    3dc0:	a1 cf       	rjmp	.-190    	; 0x3d04 <.L1>

00003dc2 <free>:
free():
    3dc2:	cf 93       	push	r28
    3dc4:	df 93       	push	r29
    3dc6:	9c 01       	movw	r18, r24
    3dc8:	00 97       	sbiw	r24, 0x00	; 0
    3dca:	e9 f0       	breq	.+58     	; 0x3e06 <.L20>
    3dcc:	fc 01       	movw	r30, r24
    3dce:	32 97       	sbiw	r30, 0x02	; 2
    3dd0:	13 82       	std	Z+3, r1	; 0x03
    3dd2:	12 82       	std	Z+2, r1	; 0x02
    3dd4:	c0 91 47 02 	lds	r28, 0x0247	; 0x800247 <__flp>
    3dd8:	d0 91 48 02 	lds	r29, 0x0248	; 0x800248 <__flp+0x1>
    3ddc:	de 01       	movw	r26, r28
    3dde:	80 e0       	ldi	r24, 0x00	; 0
    3de0:	90 e0       	ldi	r25, 0x00	; 0
    3de2:	20 97       	sbiw	r28, 0x00	; 0
    3de4:	a1 f4       	brne	.+40     	; 0x3e0e <.L23>
    3de6:	80 81       	ld	r24, Z
    3de8:	91 81       	ldd	r25, Z+1	; 0x01
    3dea:	28 0f       	add	r18, r24
    3dec:	39 1f       	adc	r19, r25
    3dee:	80 91 49 02 	lds	r24, 0x0249	; 0x800249 <__brkval>
    3df2:	90 91 4a 02 	lds	r25, 0x024A	; 0x80024a <__brkval+0x1>
    3df6:	82 17       	cp	r24, r18
    3df8:	93 07       	cpc	r25, r19
    3dfa:	09 f0       	breq	.+2      	; 0x3dfe <.LLST392+0x1>

00003dfc <L0^A>:
    3dfc:	68 c0       	rjmp	.+208    	; 0x3ece <.L36>
    3dfe:	f0 93 4a 02 	sts	0x024A, r31	; 0x80024a <__brkval+0x1>
    3e02:	e0 93 49 02 	sts	0x0249, r30	; 0x800249 <__brkval>

00003e06 <.L20>:
    3e06:	df 91       	pop	r29
    3e08:	cf 91       	pop	r28
    3e0a:	08 95       	ret

00003e0c <.L34>:
    3e0c:	da 01       	movw	r26, r20

00003e0e <.L23>:
    3e0e:	ae 17       	cp	r26, r30
    3e10:	bf 07       	cpc	r27, r31
    3e12:	08 f0       	brcs	.+2      	; 0x3e16 <L0^A+0x2>

00003e14 <L0^A>:
    3e14:	42 c0       	rjmp	.+132    	; 0x3e9a <.L25>
    3e16:	12 96       	adiw	r26, 0x02	; 2
    3e18:	4d 91       	ld	r20, X+
    3e1a:	5c 91       	ld	r21, X
    3e1c:	13 97       	sbiw	r26, 0x03	; 3
    3e1e:	cd 01       	movw	r24, r26
    3e20:	41 15       	cp	r20, r1
    3e22:	51 05       	cpc	r21, r1
    3e24:	99 f7       	brne	.-26     	; 0x3e0c <.L34>

00003e26 <.L26>:
    3e26:	dc 01       	movw	r26, r24
    3e28:	13 96       	adiw	r26, 0x03	; 3
    3e2a:	fc 93       	st	X, r31
    3e2c:	ee 93       	st	-X, r30
    3e2e:	12 97       	sbiw	r26, 0x02	; 2
    3e30:	4d 91       	ld	r20, X+
    3e32:	5d 91       	ld	r21, X+
    3e34:	9d 01       	movw	r18, r26
    3e36:	24 0f       	add	r18, r20
    3e38:	35 1f       	adc	r19, r21
    3e3a:	e2 17       	cp	r30, r18
    3e3c:	f3 07       	cpc	r31, r19
    3e3e:	81 f4       	brne	.+32     	; 0x3e60 <.L28>
    3e40:	20 81       	ld	r18, Z
    3e42:	31 81       	ldd	r19, Z+1	; 0x01
    3e44:	2e 5f       	subi	r18, 0xFE	; 254
    3e46:	3f 4f       	sbci	r19, 0xFF	; 255
    3e48:	24 0f       	add	r18, r20
    3e4a:	35 1f       	adc	r19, r21
    3e4c:	dc 01       	movw	r26, r24
    3e4e:	11 96       	adiw	r26, 0x01	; 1
    3e50:	3c 93       	st	X, r19
    3e52:	2e 93       	st	-X, r18
    3e54:	22 81       	ldd	r18, Z+2	; 0x02
    3e56:	33 81       	ldd	r19, Z+3	; 0x03
    3e58:	13 96       	adiw	r26, 0x03	; 3
    3e5a:	3c 93       	st	X, r19
    3e5c:	2e 93       	st	-X, r18
    3e5e:	12 97       	sbiw	r26, 0x02	; 2

00003e60 <.L28>:
    3e60:	e0 e0       	ldi	r30, 0x00	; 0
    3e62:	f0 e0       	ldi	r31, 0x00	; 0

00003e64 <.L29>:
    3e64:	8a 81       	ldd	r24, Y+2	; 0x02
    3e66:	9b 81       	ldd	r25, Y+3	; 0x03
    3e68:	00 97       	sbiw	r24, 0x00	; 0
    3e6a:	b1 f5       	brne	.+108    	; 0x3ed8 <.L35>
    3e6c:	de 01       	movw	r26, r28
    3e6e:	8d 91       	ld	r24, X+
    3e70:	9d 91       	ld	r25, X+
    3e72:	8a 0f       	add	r24, r26
    3e74:	9b 1f       	adc	r25, r27
    3e76:	20 91 49 02 	lds	r18, 0x0249	; 0x800249 <__brkval>
    3e7a:	30 91 4a 02 	lds	r19, 0x024A	; 0x80024a <__brkval+0x1>
    3e7e:	28 17       	cp	r18, r24
    3e80:	39 07       	cpc	r19, r25
    3e82:	09 f6       	brne	.-126    	; 0x3e06 <.L20>
    3e84:	30 97       	sbiw	r30, 0x00	; 0
    3e86:	59 f5       	brne	.+86     	; 0x3ede <.L31>
    3e88:	10 92 48 02 	sts	0x0248, r1	; 0x800248 <__flp+0x1>
    3e8c:	10 92 47 02 	sts	0x0247, r1	; 0x800247 <__flp>

00003e90 <.L32>:
    3e90:	d0 93 4a 02 	sts	0x024A, r29	; 0x80024a <__brkval+0x1>
    3e94:	c0 93 49 02 	sts	0x0249, r28	; 0x800249 <__brkval>
    3e98:	b6 cf       	rjmp	.-148    	; 0x3e06 <.L20>

00003e9a <.L25>:
    3e9a:	b3 83       	std	Z+3, r27	; 0x03
    3e9c:	a2 83       	std	Z+2, r26	; 0x02
    3e9e:	40 81       	ld	r20, Z
    3ea0:	51 81       	ldd	r21, Z+1	; 0x01
    3ea2:	24 0f       	add	r18, r20
    3ea4:	35 1f       	adc	r19, r21
    3ea6:	a2 17       	cp	r26, r18
    3ea8:	b3 07       	cpc	r27, r19
    3eaa:	71 f4       	brne	.+28     	; 0x3ec8 <.L27>
    3eac:	4e 5f       	subi	r20, 0xFE	; 254
    3eae:	5f 4f       	sbci	r21, 0xFF	; 255
    3eb0:	2d 91       	ld	r18, X+
    3eb2:	3c 91       	ld	r19, X
    3eb4:	11 97       	sbiw	r26, 0x01	; 1
    3eb6:	24 0f       	add	r18, r20
    3eb8:	35 1f       	adc	r19, r21
    3eba:	31 83       	std	Z+1, r19	; 0x01
    3ebc:	20 83       	st	Z, r18
    3ebe:	12 96       	adiw	r26, 0x02	; 2
    3ec0:	2d 91       	ld	r18, X+
    3ec2:	3c 91       	ld	r19, X
    3ec4:	33 83       	std	Z+3, r19	; 0x03
    3ec6:	22 83       	std	Z+2, r18	; 0x02

00003ec8 <.L27>:
    3ec8:	00 97       	sbiw	r24, 0x00	; 0
    3eca:	09 f0       	breq	.+2      	; 0x3ece <.L36>

00003ecc <L0^A>:
    3ecc:	ac cf       	rjmp	.-168    	; 0x3e26 <.L26>

00003ece <.L36>:
    3ece:	f0 93 48 02 	sts	0x0248, r31	; 0x800248 <__flp+0x1>
    3ed2:	e0 93 47 02 	sts	0x0247, r30	; 0x800247 <__flp>
    3ed6:	97 cf       	rjmp	.-210    	; 0x3e06 <.L20>

00003ed8 <.L35>:
    3ed8:	fe 01       	movw	r30, r28
    3eda:	ec 01       	movw	r28, r24
    3edc:	c3 cf       	rjmp	.-122    	; 0x3e64 <.L29>

00003ede <.L31>:
    3ede:	13 82       	std	Z+3, r1	; 0x03
    3ee0:	12 82       	std	Z+2, r1	; 0x02
    3ee2:	d6 cf       	rjmp	.-84     	; 0x3e90 <.L32>

00003ee4 <memset>:
memset():
    3ee4:	dc 01       	movw	r26, r24
    3ee6:	01 c0       	rjmp	.+2      	; 0x3eea <.L_memset_start>

00003ee8 <.L_memset_loop>:
    3ee8:	6d 93       	st	X+, r22

00003eea <.L_memset_start>:
    3eea:	41 50       	subi	r20, 0x01	; 1
    3eec:	50 40       	sbci	r21, 0x00	; 0
    3eee:	e0 f7       	brcc	.-8      	; 0x3ee8 <.L_memset_loop>
    3ef0:	08 95       	ret

00003ef2 <eeprom_read_byte>:
eeprom_read_byte():
    3ef2:	f9 99       	sbic	0x1f, 1	; 31
    3ef4:	fe cf       	rjmp	.-4      	; 0x3ef2 <eeprom_read_byte>
    3ef6:	92 bd       	out	0x22, r25	; 34
    3ef8:	81 bd       	out	0x21, r24	; 33
    3efa:	f8 9a       	sbi	0x1f, 0	; 31
    3efc:	99 27       	eor	r25, r25
    3efe:	80 b5       	in	r24, 0x20	; 32
    3f00:	08 95       	ret

00003f02 <eeprom_write_byte>:
eeprom_write_byte():
    3f02:	26 2f       	mov	r18, r22

00003f04 <eeprom_write_r18>:
    3f04:	f9 99       	sbic	0x1f, 1	; 31
    3f06:	fe cf       	rjmp	.-4      	; 0x3f04 <eeprom_write_r18>
    3f08:	1f ba       	out	0x1f, r1	; 31
    3f0a:	92 bd       	out	0x22, r25	; 34
    3f0c:	81 bd       	out	0x21, r24	; 33
    3f0e:	20 bd       	out	0x20, r18	; 32
    3f10:	0f b6       	in	r0, 0x3f	; 63
    3f12:	f8 94       	cli
    3f14:	fa 9a       	sbi	0x1f, 2	; 31
    3f16:	f9 9a       	sbi	0x1f, 1	; 31
    3f18:	0f be       	out	0x3f, r0	; 63
    3f1a:	01 96       	adiw	r24, 0x01	; 1
    3f1c:	08 95       	ret

00003f1e <__do_global_dtors>:
.Loc.0():
    3f1e:	15 e0       	ldi	r17, 0x05	; 5

00003f20 <.Loc.1>:
.Loc.1():
    3f20:	c3 ef       	ldi	r28, 0xF3	; 243

00003f22 <.Loc.2>:
.Loc.2():
    3f22:	d5 e0       	ldi	r29, 0x05	; 5

00003f24 <.Loc.3>:
.Loc.3():
    3f24:	04 c0       	rjmp	.+8      	; 0x3f2e <.L__do_global_dtors_start>

00003f26 <.L__do_global_dtors_loop>:
.Loc.4():
    3f26:	fe 01       	movw	r30, r28

00003f28 <.Loc.5>:
.Loc.5():
    3f28:	0e 94 2b 1e 	call	0x3c56	; 0x3c56 <__tablejump2__>

00003f2c <.Loc.6>:
.Loc.6():
    3f2c:	21 96       	adiw	r28, 0x01	; 1

00003f2e <.L__do_global_dtors_start>:
.Loc.7():
    3f2e:	c4 3f       	cpi	r28, 0xF4	; 244

00003f30 <.Loc.8>:
.Loc.8():
    3f30:	d1 07       	cpc	r29, r17

00003f32 <.Loc.9>:
.Loc.9():
    3f32:	c9 f7       	brne	.-14     	; 0x3f26 <.L__do_global_dtors_loop>

00003f34 <L0^A>:
.Loc.0():
    3f34:	f8 94       	cli

00003f36 <__stop_program>:
__stop_program():
    3f36:	ff cf       	rjmp	.-2      	; 0x3f36 <__stop_program>

00003f38 <L0^A>:
.L270():
    3f38:	d3 10       	cpse	r13, r3
    3f3a:	d7 10       	cpse	r13, r7
    3f3c:	9a 10       	cpse	r9, r10
    3f3e:	b1 10       	cpse	r11, r1
    3f40:	9f 10       	cpse	r9, r15
    3f42:	9f 10       	cpse	r9, r15
    3f44:	b5 10       	cpse	r11, r5
    3f46:	bb 10       	cpse	r11, r11
    3f48:	bf 10       	cpse	r11, r15
    3f4a:	c5 10       	cpse	r12, r5
    3f4c:	9f 10       	cpse	r9, r15
    3f4e:	c9 10       	cpse	r12, r9
    3f50:	cf 10       	cpse	r12, r15
